minuto,fase_orbital,temp_painel,tensao_bateria,corrente_carga,temp_interna,roda_reacao,rotulo
0,0.0,20.457075619631645,27.953185701993057,2.0053303004001637,19.594025110225132,3030.1511632211486,0
1,0.06981317007977318,21.579065159124895,28.19343191496368,3.388886560714696,20.472182978552972,3052.143128144116,0
2,0.13962634015954636,27.388466336912632,27.9684939071376,3.396430819771493,19.09573863566811,3006.9422618271215,0
3,0.20943951023931953,30.766873161385988,28.25023753353267,3.3873545846109208,21.305808031974813,3079.1921222240667,0
4,0.2792526803190927,29.477128228784206,28.366205442568752,3.405239364518461,20.650721944703168,2947.1611737636445,0
5,0.3490658503988659,33.43763718936162,28.583786827615565,3.247110931142147,22.371607637282192,3027.392300817879,0
6,0.41887902047863906,38.49490954316193,28.250295778299797,3.44825409148696,21.51645132031956,2959.19114566148,0
7,0.4886921905584123,40.65185643684971,28.567978757623305,3.428158661669571,20.29417419506041,3042.34167633855,0
8,0.5585053606381855,43.82116515423779,28.473117823408522,3.3484406587193316,23.03023559847836,3024.514434229641,0
9,0.6283185307179586,45.17077046180092,28.78116670938221,3.5310092512609947,22.412989133300556,3072.054232670509,0
10,0.6981317007977318,50.244539398188515,28.887927612092266,3.5479778960236317,22.880043876043388,3019.988343628329,0
11,0.767944870877505,52.426314573798294,29.02666558092701,3.3886705571416584,22.42602406215939,2983.8397592775837,0
12,0.8377580409572781,53.540563192824564,28.811519372426616,3.471173169846749,25.285995429892072,2980.357191503159,0
13,0.9075712110370514,57.15134572275454,29.084696877181383,3.9317247453801714,23.96140303020665,2989.9929103594895,0
14,0.9773843811168246,58.00795477835494,29.19898032518761,3.9240866517204274,26.016773967306726,2979.571038350966,0
15,1.0471975511965976,57.682204475974885,28.792743439063006,3.289181961974053,24.77678161000486,3053.8843588338914,0
16,1.117010721276371,60.998858259586264,29.170404593573767,3.3171104866822883,24.729401789911424,3051.025531070469,0
17,1.1868238913561442,60.284949554261935,29.25639731354716,3.2881193446016006,26.860129826949866,2940.137302202306,0
18,1.2566370614359172,64.11521868524281,29.10245886159607,3.711410787994448,26.060212051440455,3001.534405723306,0
19,1.3264502315156903,63.588418815940464,28.982738834902428,3.420294140084861,26.362328839067164,3002.499660672006,0
20,1.3962634015954636,64.03905534023147,29.3232126670311,3.54793484871926,25.660691686287596,2968.748188727974,0
21,1.4660765716752369,63.73209097496639,29.013499950308265,3.8993934666561767,26.56987006419376,3017.5299996829535,0
22,1.53588974175501,66.80639922387036,29.17251627724628,3.4979070411379074,27.504854172714065,3058.43403351312,0
23,1.605702911834783,64.7407929927561,29.193250383752417,3.641249744351464,26.323334038845527,3035.6723593581305,0
24,1.6755160819145563,64.11099355832765,29.30075698219753,3.6040841498600784,27.106061970232084,3053.88273555768,0
25,1.7453292519943295,63.78814855981702,29.08777456968777,3.38235652966081,27.348651741855402,2971.2612860985737,0
26,1.8151424220741028,64.46177146074986,29.061667318207018,3.7118323463483716,27.858141509898736,3001.4603109106665,0
27,1.8849555921538759,63.34570932982803,29.156105141368652,3.3300598381799627,29.08033523474398,2969.374092829354,0
28,1.9547687622336491,62.34237237289942,29.263579197123107,3.767975957288835,27.71969559509694,3009.5772028232227,0
29,2.0245819323134224,61.091963587974334,29.42167035565697,3.382509806958176,27.441193299595547,3013.1780363642897,0
30,2.0943951023931953,62.18361457160543,28.813108304574513,3.404406455892781,30.195425876524098,3038.3935202160364,0
31,2.1642082724729685,56.69706824039996,29.042146389734036,3.2823024352746417,27.627293371719297,3052.5396741538784,0
32,2.234021442552742,54.69211981869519,28.782632650392923,3.3151481178366704,27.767723453183915,3027.5590865578306,0
33,2.303834612632515,52.22085805411092,29.044595477053885,3.414647135534293,27.55153835153624,2965.5932054863647,0
34,2.3736477827122884,52.18359580451811,28.69280836245441,3.013730288417878,27.505524380729074,2945.9130914270313,0
35,2.443460952792061,50.618900874975616,28.6701478988965,3.453333531764881,27.650366692395817,3020.800801228213,0
36,2.5132741228718345,46.27941516667899,28.616951673891368,3.3984051525516965,28.158798156972843,3060.0208443544484,0
37,2.5830872929516078,42.58613217505043,28.624473276271875,3.6580022197223663,27.55293310319613,2999.0083249172703,0
38,2.6529004630313806,39.889498501828236,28.611845514871877,3.5845961476713653,27.873522543113104,2938.904257514679,0
39,2.722713633111154,39.27903812014807,28.560639180732238,3.3584725137801406,27.604754989575213,3083.3902382683204,0
40,2.792526803190927,36.50578770646026,28.409559040063385,3.4082898481148187,26.670823011135894,3019.5761820064577,0
41,2.8623399732707,33.21841241422278,28.131281173614312,3.4530763922958205,26.517537235163353,3006.845660641965,0
42,2.9321531433504737,28.357761525866128,28.35866195152784,3.79719131089517,26.795441028561033,2953.281153959745,0
43,3.0019663134302466,26.61103152780304,28.159063921602623,3.3355390639087115,24.692406189832415,3000.6486489158183,0
44,3.07177948351002,23.314070032196742,28.257967986995155,3.356047867009869,27.235417443939525,3027.475366487822,0
45,3.141592653589793,20.328032895093525,27.89383918307801,3.2742831696765697,24.466485127203136,3020.120828822142,0
46,3.211405823669566,18.168101848436667,27.6759510224044,1.703592104112763,24.221471765652012,2972.804514873903,0
47,3.2812189937493397,14.072603779959074,27.82788837844546,2.061400724725099,23.146222714654243,2997.7173886817,0
48,3.3510321638291125,11.662344257808684,27.94489887426133,2.040580666214642,22.773214949884917,2975.359731918529,0
49,3.420845333908886,7.697687592468383,27.69337649351201,2.2565523705670705,24.092980471777278,3066.566463315856,0
50,3.490658503988659,5.042772648379887,27.55962535813327,2.208281801545386,24.71832498558276,3035.7949591454444,0
51,3.560471674068432,2.643783400346819,27.381363975660427,2.4794233429063617,22.03240013830078,2979.026605256014,0
52,3.6302848441482056,-3.3119540551485893,27.70029909465905,1.985225446491781,22.345698633270153,2953.2612136457988,0
53,3.7000980142279785,-4.325873715030169,27.209656493687437,1.9478940872407586,21.825301335137087,3011.1126032892503,0
54,3.7699111843077517,-7.15589533460048,27.185848558604796,1.739954730973328,22.032395574253137,2980.287304411309,0
55,3.839724354387525,-9.883759208259278,27.314159997788757,2.139315633495265,22.59394400647574,2983.2677334518958,0
56,3.9095375244672983,-11.672340047494908,26.888006851966185,2.023706848289268,21.628277527370063,2954.5914346575823,0
57,3.979350694547071,-11.199105179631136,27.299414809234328,2.1302532610021365,19.820836744528165,2959.5436510191303,0
58,4.049163864626845,-16.759230585842356,27.148016062804537,1.77217515615232,20.044730139318776,3006.506806102421,0
59,4.118977034706617,-15.854273233089643,27.140039573705618,2.07032083780534,19.745700926817072,2989.324862086319,0
60,4.1887902047863905,-21.49544782772343,27.04448706725112,2.0410399235907883,18.862151355786764,3099.8605754408277,0
61,4.258603374866164,-20.94805962844117,26.897278616822543,2.0278070079787374,17.651653141571767,3023.7701373067125,0
62,4.328416544945937,-21.47914385784792,26.727907067996544,1.863346818361895,17.556472537423566,2953.9321927435194,0
63,4.39822971502571,-21.91820973624299,26.83772086426207,2.2378649297106796,18.799642270102737,2938.5745502793156,0
64,4.468042885105484,-22.59646781273056,26.68935968170591,2.4100615157956025,18.58785995170635,3015.926855546324,0
65,4.537856055185257,-23.126328032749473,26.891153992896808,1.7779311947404768,17.14795366961456,2984.125316210919,0
66,4.60766922526503,-25.27657289994496,26.927590700140286,2.1440887959185915,17.2728755672973,3053.258997980186,0
67,4.677482395344803,-25.66611490485616,27.022252302256817,1.4244299697319223,17.79591354325445,3011.2745535383974,0
68,4.747295565424577,-23.685623393973575,26.856496153660014,2.133721989896492,15.27390686852075,2920.6991876122265,0
69,4.817108735504349,-25.040441778894724,26.945260029047347,1.625969076691649,16.105585929759382,2959.223028063299,0
70,4.886921905584122,-26.22987837055625,26.77365898580083,1.8950065304201484,17.92928821340475,2972.9887177597147,0
71,4.956735075663896,-25.36323850342507,26.763903557767577,1.7373950676491499,16.434457306835117,3017.6814775347298,0
72,5.026548245743669,-24.17672166228433,26.929782964068337,1.9568777010101208,15.199939614003881,2957.88990280605,0
73,5.096361415823442,-20.97753233942479,26.82940844361232,2.1677587396735656,16.134167733375644,3006.112703758343,0
74,5.1661745859032155,-20.232093479356667,26.96182501276515,1.6285373472545954,16.823554644289025,2946.5540071515034,0
75,5.235987755982989,-17.93541513919809,26.801590687058358,1.9281040620968721,13.964444279232772,3000.247416759138,0
76,5.305800926062761,-17.947569734481693,26.872910760562505,1.8973262462367886,16.16718699921483,3014.8010393779286,0
77,5.375614096142535,-15.222674375687408,27.14969849082468,2.316209736774375,15.781818374206736,3058.4604126943186,0
78,5.445427266222308,-12.503131555531754,27.24122972073804,2.086352201570057,14.848586051961375,3009.8230169442068,0
79,5.515240436302081,-11.72364648023525,27.0185615301042,1.7645565773453153,16.33860214248747,2967.3306030299686,0
80,5.585053606381854,-8.240279579558166,27.329247014952117,1.90574112419392,16.30265301260859,3059.7202034783263,0
81,5.654866776461628,-7.443225264761278,27.21474734629374,2.3112208476771063,16.558566823343668,2992.672878551688,0
82,5.7246799465414,-4.390947660341867,27.3665726593502,2.1428730633548048,16.49164857922678,3030.9426707240577,0
83,5.794493116621174,-1.6988271663625796,27.649175787025527,1.8163533075189155,16.17108386601672,2975.484169153194,0
84,5.8643062867009474,-0.09690840679456558,27.63303911341248,1.9465858923233823,16.066625683232136,3003.6311303956963,0
85,5.934119456780721,5.339552271523285,27.70895662621253,1.9529781703183704,16.94346672113711,2967.949282616882,0
86,6.003932626860493,6.892215477930924,27.955553726788146,1.892403614568839,18.47091403214852,3012.890398213968,0
87,6.073745796940266,10.662715091292338,27.64492406986122,1.657957568735662,18.278004547435263,3032.1531238065445,0
88,6.14355896702004,14.458330445155898,27.68511103259904,1.8644756569220062,18.363287204208326,2980.208028979018,0
89,6.213372137099814,17.5307554455593,27.80797389097276,2.277839861173075,17.931336998593924,2977.959683224533,0
90,0.0,20.998077663459178,27.961824841989007,1.9237711025877648,18.824314822091416,3014.2727287385583,0
91,0.06981317007977318,22.9913130917215,27.730525176349165,3.479349273907816,20.08748234377858,2966.9993612008084,0
92,0.13962634015954636,25.627842075136716,28.135893485647557,3.5281051293707146,20.288083515595137,2939.282252506581,0
93,0.20943951023931953,29.23644877043957,28.167808419197073,3.943628278942425,19.899305307933396,3014.1278567360496,0
94,0.2792526803190927,29.872679360827917,28.44832879209007,3.5017749542833925,18.597125062160274,2995.6921129352027,0
95,0.3490658503988659,33.22023774102046,28.463287078842306,3.7187890707167024,20.557951532401777,2994.845624342377,0
96,0.41887902047863906,36.3190995198794,28.39797947752556,3.3803639655897606,21.127652158964032,3020.8428165832497,0
97,0.4886921905584123,39.63035008396286,28.651860002147505,3.448120147899502,21.20646983906965,3026.4300140972164,0
98,0.5585053606381855,44.44602823057938,28.74439257605341,3.502510544622057,22.020291314920883,2993.5599243365123,0
99,0.6283185307179586,45.0921177701212,28.590060434282254,3.3451734116301233,23.421040178236446,2955.0932237884017,0
100,0.6981317007977318,48.35819860483518,28.697391493316484,3.4592564438794087,23.151190402772965,2974.4565278731543,0
101,0.767944870877505,53.208469117333976,28.4997855664861,3.677610187162654,24.380258045339158,3023.3985572186157,0
102,0.8377580409572781,52.907121189890596,28.72817479441748,3.339927087781623,22.781538162170914,3005.4561065377993,0
103,0.9075712110370514,56.566757265003126,28.834242470264527,3.500017806192728,24.134232722884974,2978.0096253697006,0
104,0.9773843811168246,55.90626424496206,29.005970013556954,3.6417467103311867,23.20552765870071,2968.624540566595,0
105,1.0471975511965976,58.662986833498294,28.897423082637356,3.335106790237451,24.780514115409662,3024.712912410237,0
106,1.117010721276371,59.020699001096645,29.001535057501634,3.7190827585229913,24.63507198739271,2991.133903777518,0
107,1.1868238913561442,61.21472384165459,28.928821023242755,3.5145766959422646,26.829508754468723,3030.1086711508856,0
108,1.2566370614359172,64.058005439468,29.166934904333875,3.466975487332142,26.446649455315445,3035.1734318975423,0
109,1.3264502315156903,61.07232704763132,29.22821206071893,3.098370438839957,27.2250500414257,2987.4864099885926,0
110,1.3962634015954636,64.96798435086815,29.242124105877625,3.4252775115973053,26.342514178295747,3037.985899393444,0
111,1.4660765716752369,65.11008869507071,29.19528044422772,3.5743184832290607,26.120194270257453,3005.536390178477,0
112,1.53588974175501,64.08136228231412,28.968108042947705,3.8490690037604933,26.320647118178513,3010.7103295033617,0
113,1.605702911834783,62.80350043427662,29.106275942838987,3.6135778308223228,27.575029458469295,2912.4500361955215,0
114,1.6755160819145563,64.8616795531431,29.132330273594157,3.72524324635567,28.985461320924276,2961.1631480670617,0
115,1.7453292519943295,63.522109821953656,29.12127500667656,3.258179085275612,28.01491472539776,2963.332225444902,0
116,1.8151424220741028,64.0123219994519,29.17560205422967,3.474635500869409,27.505174682697472,2987.253811103857,0
117,1.8849555921538759,62.83032145156708,29.355099025409835,3.7441492884657728,27.745670834132103,3004.574040306151,0
118,1.9547687622336491,64.12594179248681,29.234435057382832,3.3224532899200154,27.93461783608189,3006.210013001639,0
119,2.0245819323134224,60.086698642252976,28.930425188581694,3.6930445257946207,29.614907877668124,3011.42987787165,0
120,2.0943951023931953,57.43589693136694,29.140990915835822,3.6466635729200667,28.985216223572266,2972.602216349353,0
121,2.1642082724729685,57.57560421741135,29.090890442215912,3.554944729689964,28.181808857858336,3027.6545185509935,0
122,2.234021442552742,55.790478938260144,28.82470278338533,3.434259474972805,28.00803555636416,3072.3715377420635,0
123,2.303834612632515,55.48029850934339,29.01910367896819,3.302740969085513,28.077298159184966,2985.867004502035,0
124,2.3736477827122884,52.51229353952674,28.809533549159006,3.855075858820663,28.122360197043236,2973.453273302654,0
125,2.443460952792061,49.460749024618536,28.559852108121678,3.6263725035448062,27.257604439602574,2972.586727043565,0
126,2.5132741228718345,48.64529068999064,28.77362271144654,3.5681232249350896,26.746897816996913,3003.4187130612195,0
127,2.5830872929516078,42.063222309009944,28.668447390622024,3.41743005035955,28.055519133021296,2978.96947561548,0
128,2.6529004630313806,40.16659302624048,28.529214230965195,3.5075743259179957,27.029432276877557,2930.7868634766714,0
129,2.722713633111154,36.91328502630273,28.48246600894347,3.5329434539940068,27.528514398541244,2941.729925101933,0
130,2.792526803190927,34.80619174492145,28.302561350157532,3.5799751369467145,27.820908325664348,3002.960483240917,1
131,2.8623399732707,30.338651790430525,28.422284402549966,3.646868057694387,26.63297944639198,2976.3396400692263,1
132,2.9321531433504737,30.308752507020774,28.242976433804973,3.343505694828982,26.19529047120219,3011.7138561717593,1
133,3.0019663134302466,25.929455497554798,28.19197504774431,3.2066806069025993,28.141568516648054,3012.1353556634845,1
134,3.07177948351002,20.93283187673166,28.13727905715728,3.5168561702546994,25.40246458477274,2963.9197800372535,1
135,3.141592653589793,18.476631378188696,27.826812157836052,3.1505565325350475,24.00411578534814,3056.1989051374576,1
136,3.211405823669566,17.331229452689676,27.782149778224742,1.9352678010012725,24.277263517169605,3127.0167550846813,1
137,3.2812189937493397,14.994400308638623,27.50150060990549,1.8981620339776475,25.35709126378969,3007.191387213267,1
138,3.3510321638291125,13.639070250738522,27.835217309792252,2.0983496384403337,22.6836017160244,2991.0807551017842,1
139,3.420845333908886,11.96711268724604,27.487403669457585,2.3965194070972617,22.711785533343104,3234.3895140102436,1
140,3.490658503988659,5.230707700258905,27.60946128449355,1.6110818752192877,23.78731180824377,2876.696195760167,1
141,3.560471674068432,0.21254388154121195,27.567564262049974,2.45483700606368,22.26889571293703,2712.4785176921964,1
142,3.6302848441482056,-4.324289746462053,27.526987050490806,1.9533849681761948,21.979648781186942,2816.2641021952068,1
143,3.7000980142279785,-3.444799696978463,27.183494345844746,2.069561736434516,22.507866314671862,3121.17647571902,1
144,3.7699111843077517,-7.669747996126776,27.28488345452793,1.7170335684752567,20.65874298379656,3016.421119288672,1
145,3.839724354387525,-9.548478326163792,27.479196931494315,2.199374314045264,19.644090473644173,2784.3667006976584,1
146,3.9095375244672983,-12.177771869244594,27.42355715744685,2.0082945072703446,19.300390016294767,2880.734444652748,1
147,3.979350694547071,-13.652703476107309,27.256324673531168,1.9877065177623425,20.47718852404046,2712.8234734626126,1
148,4.049163864626845,-13.861513566121028,27.10501106649476,1.6125229770194092,19.829021705815702,2755.1470553510926,1
149,4.118977034706617,-17.07111791380885,26.854388954607142,2.0147593627694853,18.689201441999828,3352.8396318263462,1
150,4.1887902047863905,-19.209095425857758,27.06856275926733,2.169165664763315,17.95119056407515,3025.244362317576,1
151,4.258603374866164,-21.999212712701226,26.897743960128974,1.9527442729033622,18.31194354825006,3417.955132189188,1
152,4.328416544945937,-24.235297872561965,26.971458615810782,2.2348398691288303,19.08870734127436,2829.528361176787,1
153,4.39822971502571,-23.5270050968919,26.763805662217997,2.2265790343782723,17.21246578629596,3103.8788595555357,1
154,4.468042885105484,-23.743981508647323,26.809705161542816,1.8717809234518303,17.05666633748666,3046.168599937947,1
155,4.537856055185257,-21.664454015179537,26.842852800396813,2.3190227717594785,16.361590307608804,3288.0482631318273,1
156,4.60766922526503,-24.558073509362973,26.84351543928215,2.0090589928650164,16.770100940767495,2945.1366230014473,0
157,4.677482395344803,-23.49847794932472,26.87478941474612,2.0099490501575663,17.108565678764,2983.874387910176,0
158,4.747295565424577,-25.721530613668033,26.71385175989835,2.0197962445205464,18.32945729178186,3045.137852269039,0
159,4.817108735504349,-26.530900941197842,26.60508105774154,2.013863150188225,16.636893084686417,2991.5555314098997,0
160,4.886921905584122,-25.764024028897925,27.06194845237032,1.4739733286682983,16.27204862402902,2988.5759187251497,0
161,4.956735075663896,-24.75114677922348,27.20903325382231,1.9628987203620558,16.885360418660568,2989.3867153373394,0
162,5.026548245743669,-19.604838634629168,26.925845287126172,1.7272107056675092,16.660284923230826,3004.6860709938896,0
163,5.096361415823442,-22.955353474342015,26.688780560310338,2.3252671404431355,15.578213247023326,3043.4433536767697,0
164,5.1661745859032155,-19.187998277858,26.80546787691457,2.31721659834424,17.848054229218462,3036.9692607329284,0
165,5.235987755982989,-20.32553393743028,27.037137150816317,2.1703876664911177,15.982163947260476,3000.4582896599586,0
166,5.305800926062761,-15.909331245665527,27.206322254686143,1.9523065125322223,16.215258601746594,3043.695542699632,0
167,5.375614096142535,-14.883057463143684,26.872453500490657,1.7983970126792603,16.520828887709634,3013.6717185331895,0
168,5.445427266222308,-13.676473992969894,27.089576286299792,1.868483799744879,16.438882447201294,3034.3648067128333,0
169,5.515240436302081,-11.320770459858043,27.1957997651158,2.3885283812852065,17.493378473482895,2958.86522103628,0
170,5.585053606381854,-9.907623979038368,27.358341636069035,1.861560522696008,15.939910206712975,3069.5421093373225,0
171,5.654866776461628,-5.78122805093818,27.243117533088977,1.5288809291227872,17.20454482418394,3008.808522165817,0
172,5.7246799465414,-4.52884211100543,27.129524679221866,2.206033101697079,16.901911831730576,2890.0676261072877,0
173,5.794493116621174,-2.964628971015958,27.529813758574864,2.300100622723579,17.77433246366765,3066.3810869387744,0
174,5.8643062867009474,-0.22005529989043504,27.680635423084723,2.3318431374333044,17.05847959013611,3000.2021972484263,0
175,5.934119456780721,4.8679754269280915,27.577187108747424,2.2076696008498655,17.21568638843431,2984.180241553944,0
176,6.003932626860493,9.964955872850663,27.730021186715565,2.2403039354469563,18.369171130828477,2975.772677392512,0
177,6.073745796940266,10.883961333560963,27.67933228660463,2.0105868148107082,18.37794291812585,3017.5800747413746,0
178,6.14355896702004,13.559252967632212,27.706126359639036,1.5847408753016674,17.762390425905384,2964.4644432425084,0
179,6.213372137099814,17.2896978909182,28.070256083589133,2.0055762083000026,19.839641346982525,2976.923741493171,0
180,0.0,21.959002612560237,28.05812437717217,2.1243145544838833,19.709454268461553,2977.8848758475324,0
181,0.06981317007977318,23.46811507053142,28.15726305840323,3.47294598868675,19.438392944695966,2988.3101182519104,0
182,0.13962634015954636,25.64639869695234,28.39232499335127,3.463832776252077,19.50967161622185,2979.3916700107256,0
183,0.20943951023931953,31.015459151889,28.091267678833525,3.3071763921963355,20.572369121250436,3034.1125652661945,0
184,0.2792526803190927,33.04681566945738,28.247960886756484,3.299652251345595,21.21463496255594,3010.842492191908,0
185,0.3490658503988659,37.69454043764908,28.434114174316004,3.867629702953214,19.82256957735438,3015.721469533771,0
186,0.41887902047863906,38.57800059424387,28.403436986026776,3.8748692739760284,21.81435251107081,3024.4240885406916,0
187,0.4886921905584123,39.28951677778433,28.68083635563394,3.4994705737507794,22.454198351162688,2996.276229193372,0
188,0.5585053606381855,41.79412809162572,28.607793233944246,3.556304721018585,20.468873061458428,2959.187626835047,0
189,0.6283185307179586,48.926728251508166,28.55646238162639,3.303828388592596,22.924751802676504,3072.2068991750753,0
190,0.6981317007977318,51.510941017069214,28.781210882901995,3.628514969987891,23.73671487265464,3037.1013861851766,0
191,0.767944870877505,50.99034785073098,28.859140860171813,3.85192983432284,24.053203858426844,3064.5130805574236,0
192,0.8377580409572781,52.86673616477876,29.031976100007324,3.194153844011061,24.6301945145119,3041.381536838458,0
193,0.9075712110370514,57.652650350665795,29.00458403980018,3.592776659940479,24.116230695634332,2981.5851438453806,0
194,0.9773843811168246,55.64612224191165,29.064017045770026,3.607804448529008,23.924820199636347,2906.080882466845,0
195,1.0471975511965976,57.629052641866004,29.087274237142413,3.6055213029778517,23.681980673866825,2950.83614297889,0
196,1.117010721276371,61.410722275496084,29.05031947736521,3.8285635335696937,26.345376544085294,3025.4608818683296,0
197,1.1868238913561442,61.13136577121605,29.005187758213456,3.9072036424342307,26.36695888276149,2995.93008322654,0
198,1.2566370614359172,62.7898604332018,29.18459357230309,3.4533032644254673,27.053670995303413,2983.20600564337,0
199,1.3264502315156903,63.41814333463307,29.11438615664865,3.6346347344312715,25.833073357875975,2900.177859933946,0
200,1.3962634015954636,64.82271070874776,29.435242696680803,3.516846741145212,27.329061576614382,2999.4749094302288,0
201,1.4660765716752369,66.86470808354288,29.394753618657912,3.3735769414120607,25.733823986385328,2956.7288579899077,0
202,1.53588974175501,65.10846457621193,29.294194862275656,3.554162831376203,26.466302666841415,2971.024696769363,0
203,1.605702911834783,65.93849540577459,29.256039033316863,3.6342999057000496,27.46345980705888,3034.0041638758853,0
204,1.6755160819145563,61.67822714002577,29.18023241679475,3.543385737083397,28.067898229430675,2958.8343218366394,0
205,1.7453292519943295,64.24327128265418,28.99260074391258,3.3237637581027766,29.028218850098988,2962.652427785072,0
206,1.8151424220741028,62.39846227698053,29.1319290380329,3.4072878720288644,27.612937613808814,3007.4232130964047,0
207,1.8849555921538759,60.96932364264647,29.156477824564973,3.4088185159650686,27.20408774080212,3034.8944836645323,0
208,1.9547687622336491,60.40604490511231,29.147039096646843,3.331511209013859,27.225938999218183,2983.8917641837284,0
209,2.0245819323134224,59.94454692241129,29.148983310611374,3.5627079163211337,27.44331707350616,3058.6886162009164,0
210,2.0943951023931953,60.34499698383376,29.17743001422298,3.5836224192586155,29.775150808084458,2948.853232882994,0
211,2.1642082724729685,55.31710168836753,28.89102197631212,3.6959035201774393,28.57934051944561,2941.8377759756636,0
212,2.234021442552742,55.50643115119412,28.843151563246714,3.3284755303678737,28.81027546240924,2938.42856006859,0
213,2.303834612632515,52.71526299648237,29.109402292534348,3.384504262754241,27.64662697714515,2933.912649423583,0
214,2.3736477827122884,50.76811702911193,28.94923728292977,3.8109138903862476,27.72562071569778,3013.4619586064046,0
215,2.443460952792061,50.42957917385118,28.712729490303847,3.467100827185416,28.147574406749868,2960.888427224433,0
216,2.5132741228718345,47.257509508667184,28.68926062740813,3.506026205850327,27.01752197027347,2943.5923054460313,0
217,2.5830872929516078,45.85246405165834,28.620496025078612,3.4649792557208703,26.996696615340063,3015.1918678054244,0
218,2.6529004630313806,40.89446180649025,28.56810199368528,3.7266061637443286,26.472082639408896,3032.9579698876287,0
219,2.722713633111154,37.25923502090497,28.558986435526755,3.734361736143006,26.411537890083576,3042.034335876616,0
220,2.792526803190927,35.05511822433435,28.790673083905777,3.7226416201177694,26.54316421664585,3035.011378586791,0
221,2.8623399732707,32.76742619867182,28.359228311154798,3.5053135222715097,25.559119558181163,2963.2758613582964,0
222,2.9321531433504737,29.620886124479735,28.3488837515451,3.3255128045021998,26.137234870849642,3011.043638577988,0
223,3.0019663134302466,24.63620743485291,27.914036215223557,3.8850426155518507,25.809039528675296,3019.874863095697,0
224,3.07177948351002,23.27477599092746,28.010972769576124,3.6712617953911035,25.09344956786394,2981.004670196436,0
225,3.141592653589793,20.342342495208364,28.18432225040749,3.408668203721522,24.214585347174484,3006.590084156189,0
226,3.211405823669566,20.637169737815263,27.97663954021054,2.2847637693888823,24.586214142068684,2949.9352708015326,0
227,3.2812189937493397,16.552477373719555,27.174625091118195,1.892878216948181,23.711819844031822,2974.895992956232,0
228,3.3510321638291125,9.364108887362612,27.85160945136612,2.282140680637731,23.756210929933264,3014.871492223523,0
229,3.420845333908886,7.165243945911282,27.956959832213915,2.295656917876898,24.192255190588238,3060.301706173888,0
230,3.490658503988659,2.413930547589406,27.29018969009123,1.8157034456637888,21.899818269785733,3046.0575845328735,0
231,3.560471674068432,0.8107905406437785,27.73982417965587,2.116351660604192,24.224981296462158,3026.4343391093726,0
232,3.6302848441482056,-0.6528128199795789,27.02084078006304,2.156438140792266,22.009826537337947,3003.188001550991,0
233,3.7000980142279785,-2.0375864591618664,27.504796724678165,2.5229818399172665,21.978639477692095,2996.9907794809874,0
234,3.7699111843077517,-7.5439621097767,27.293360403347197,1.8515397764732286,20.62999985212626,2942.096001844494,0
235,3.839724354387525,-9.90666209599596,26.87615918608946,2.286508655398766,21.73274167449514,2966.5797386444196,0
236,3.9095375244672983,-14.480560215262864,27.23333062953517,2.003469203606711,20.31099761742426,2967.8858058162523,0
237,3.979350694547071,-13.685516027300093,27.280852171799935,1.7517271632838862,19.696469521473425,3022.990372621626,0
238,4.049163864626845,-17.05410553009184,27.10897014624517,1.9760025660331426,19.161304013730607,3037.797910859433,0
239,4.118977034706617,-18.100849906025974,27.09287905849289,2.0004929522199415,19.028461031991938,3029.4629367810585,0
240,4.1887902047863905,-20.286434337551107,26.89901809860781,1.7882219613769421,19.212901719083185,3047.3066575227917,0
241,4.258603374866164,-20.587125914841344,26.642238681157846,2.062434723770306,18.666650600873613,3002.890302061059,0
242,4.328416544945937,-24.359866042540375,26.991158977870416,2.191561851099716,18.163605725785764,2960.6827926962446,0
243,4.39822971502571,-24.998111101368394,27.12119526836276,2.0476401308124026,17.31198301499951,2998.00268414603,0
244,4.468042885105484,-20.469437014377394,27.005082256602925,1.8916311821240246,16.971474775908728,2971.0065163827007,0
245,4.537856055185257,-26.247482757460407,26.520049321945148,1.9703055863186067,16.945308135422124,3026.314399670244,0
246,4.60766922526503,-26.398663659254265,26.57933956447643,1.9990913286413097,17.432251821777804,2985.636503876104,0
247,4.677482395344803,-22.217216923377336,26.673835846307483,2.0434643254962097,17.367910386807058,2996.058735310622,0
248,4.747295565424577,-20.614986461998697,26.561784689885062,2.2219661524480063,17.274957323665806,3027.7448891868435,0
249,4.817108735504349,-26.510835234810315,26.813202213491476,2.054387950677218,16.46149435959942,2970.356228416337,0
250,4.886921905584122,-24.86872232073141,26.87724306716243,1.719460674274058,16.621840660952895,3038.55906343289,0
251,4.956735075663896,-23.150974356009083,26.62110713598245,1.8875357856022617,16.060250569966133,2946.0961459216155,0
252,5.026548245743669,-20.204496766673525,26.975301449337145,2.0332042101793273,14.709474089023935,3012.262038717553,0
253,5.096361415823442,-23.20355907314779,26.97754496612286,2.224824896990823,15.867600466885154,2996.3640401070957,0
254,5.1661745859032155,-20.81364885237568,26.839223275714446,2.2595692883073104,15.7061448701882,3033.093671856959,0
255,5.235987755982989,-17.805136806207123,26.934891217561074,2.354937068317491,15.170434465552397,2945.0250415254404,0
256,5.305800926062761,-16.654541653276965,26.712684736585995,2.026122879515861,15.572243004859715,2938.7683550883517,0
257,5.375614096142535,-16.024718019147628,27.004547772228875,2.1526618351004987,16.18782314931351,3030.0017754344453,0
258,5.445427266222308,-13.642251593256821,27.109333955546674,1.709107693119406,15.255587124562872,2984.3631143380326,0
259,5.515240436302081,-13.321970383209866,27.191722094733432,2.0859763146322967,15.704431961250577,2996.367915849272,0
260,5.585053606381854,-9.28270305185628,27.28548640517918,1.7849471797078276,17.650158810459125,2973.6100335636343,0
261,5.654866776461628,-6.849917588174733,27.331293958733617,1.9874921608490501,15.295673964397533,3036.5124151930895,0
262,5.7246799465414,-3.4981120560548753,27.324445328330306,2.6059676777744283,16.623711347736908,3011.9686484164017,0
263,5.794493116621174,-1.95921115359361,27.47956336604008,2.0607108472380857,16.055106414968762,3009.6265635222817,0
264,5.8643062867009474,2.4041588454067027,27.662220827305575,1.8272373561639341,16.629158511849845,2953.2151812730053,0
265,5.934119456780721,6.128167277074655,27.57525111701275,2.081557801191581,17.337828889662315,3020.060222128176,0
266,6.003932626860493,7.829462979737709,27.71687440664435,1.896584962682129,16.993451442784654,2960.311483249701,0
267,6.073745796940266,11.171608525799611,27.722580311619073,1.8078511773684898,18.55069280474701,2973.657878892749,0
268,6.14355896702004,13.816943478163836,27.735978441375988,2.4206279066781002,19.49954636358353,2945.386093408594,0
269,6.213372137099814,16.86108527115151,27.99472418154469,2.2133624052533505,19.436494026733303,2993.7383410166235,0
270,0.0,18.917662949685727,27.91671610837447,2.069107324999149,19.943137262551478,3042.5789304026925,0
271,0.06981317007977318,23.6137827109956,28.141629803641777,3.4216353419504917,18.39396775386976,3009.0677995665274,0
272,0.13962634015954636,26.11685964558271,28.171246026878585,3.43784210340556,19.689799688151435,2982.32716374014,0
273,0.20943951023931953,32.49577855019506,28.20390382750329,3.80849637336883,20.655001257634314,3004.3658527240477,0
274,0.2792526803190927,34.76371336547783,28.2815434021584,3.5613155075329135,21.383199514626142,3004.1445588853685,0
275,0.3490658503988659,35.96967627848984,28.33420602312845,2.8834389714102375,22.500512030618903,3002.6427473570598,0
276,0.41887902047863906,37.15856312386885,28.24121379587761,3.9841877031317674,22.369039446355696,3007.093377210393,0
277,0.4886921905584123,39.45760311738996,28.620800139617323,3.536612471394457,22.64934548817097,2958.400225842199,0
278,0.5585053606381855,45.63308132012752,28.670635140871592,3.5686738011469634,24.457708405864132,3004.2615344012083,0
279,0.6283185307179586,46.844460190881996,28.832792840618243,3.7173389626869593,22.84484734096611,2929.7900652279845,0
280,0.6981317007977318,49.64565754098169,28.69162659627783,3.5930805654623175,22.949780814544923,3023.024944336159,0
281,0.767944870877505,48.64274769019359,29.117897588372298,3.649381723543362,23.730387529943563,2955.890032323585,0
282,0.8377580409572781,54.83267486882001,28.83481339839543,3.415255306527015,23.256193626137797,3047.1039132063565,0
283,0.9075712110370514,56.142114419624036,28.814346457998862,3.2540409352067226,24.432390997863177,2902.1905494535276,0
284,0.9773843811168246,55.64104473835516,28.84579234908965,3.5560465562946395,23.375263592354724,3066.9769977010687,0
285,1.0471975511965976,58.26385595912482,28.77914212405688,3.786322930454918,24.698160910024896,2934.4311729288834,0
286,1.117010721276371,60.841307889997296,29.30844703941797,3.3704394883233766,25.379330845978373,2952.0026148345146,0
287,1.1868238913561442,61.8019736530398,29.318280734095442,3.354395201036045,26.56421472040845,3011.96228151764,0
288,1.2566370614359172,62.359286454576576,29.231379593986897,3.7442038520759873,27.007752286149728,3024.7485993769833,0
289,1.3264502315156903,63.5080752803209,29.02994155036483,3.4085509589717815,25.642292793150425,2988.664582939358,0
290,1.3962634015954636,63.938382818239035,29.45345945584852,3.4178880172331194,28.346819185684964,3035.704242090315,0
291,1.4660765716752369,64.98232905972601,29.14066840021368,3.4253711454107516,27.054667530702368,2968.1378298897575,0
292,1.53588974175501,67.17982517534904,29.158915117738918,3.4870038038019042,27.35393348663388,2984.0123221287186,0
293,1.605702911834783,61.12259955446236,29.41485785448833,3.185272380819592,26.068523245861947,2987.9168823007053,0
294,1.6755160819145563,64.39820989480778,29.29226286211406,3.3921319774916747,27.04128621347349,2978.46416567287,0
295,1.7453292519943295,64.58111751760804,29.51193477442784,3.5460736038279443,28.52486794100735,2922.632857024351,0
296,1.8151424220741028,64.10729866695048,29.20166321057905,3.544647587234966,27.940811636298015,2999.0133173396603,0
297,1.8849555921538759,62.239671361299976,29.081713199617376,3.7315986105159173,27.98293929923567,2995.3997138518907,0
298,1.9547687622336491,59.08819078178756,29.020849892961174,3.867878444438961,28.141395837943712,3043.1273105484133,0
299,2.0245819323134224,60.937725309033674,28.801503428980407,3.8024966893328807,26.83903038545676,2948.562223371844,0
300,2.0943951023931953,61.56216849154602,28.997441118620397,3.682930476814787,27.921042528183172,2974.4237070372124,0
301,2.1642082724729685,55.00589865760267,29.166534087890156,3.4702530818465585,29.100505938776138,3048.1396490209418,0
302,2.234021442552742,56.75622593284977,29.035438030226477,3.375386186008624,28.78961607977167,3011.731554451374,0
303,2.303834612632515,52.948729311798395,28.894819991556936,3.5035756865016805,27.73765589319659,3021.975187446255,0
304,2.3736477827122884,51.1676401519116,28.684349877978345,3.6171157539545797,28.97787460110602,3018.137344933581,0
305,2.443460952792061,47.34609466983835,28.805376084325758,3.6643875596491338,26.580883996568335,3018.3148658973823,0
306,2.5132741228718345,45.948652094627484,28.857264358530273,3.6246171467031703,26.644802843013213,3072.8419997939072,0
307,2.5830872929516078,45.796433782542664,28.700511005550343,3.4757649057247897,28.72064082630325,3003.6616263192127,0
308,2.6529004630313806,42.00020318834666,28.588376150788076,3.657372447968452,27.474224587066786,2959.5462689262904,0
309,2.722713633111154,40.901616346525934,28.36854032369878,3.7521745010167007,26.538422176207416,3025.551899449116,0
310,2.792526803190927,37.157024283121636,28.5405014441076,3.676032076813508,26.459726473814996,2977.337933030916,0
311,2.8623399732707,33.06231103015935,27.860979104168774,3.4935973889673204,25.571182768610583,2995.6025209432682,0
312,2.9321531433504737,31.971927876050856,28.306920885311083,3.3332302614987985,26.12972576899209,3014.8072400702285,0
313,3.0019663134302466,26.921279281310408,28.552556018293767,3.3284865141223783,25.739284889283578,2967.145827391246,0
314,3.07177948351002,24.381023583681237,27.85745176039317,3.363756475281564,25.252756250039038,2979.588210087209,0
315,3.141592653589793,19.555143569697943,27.963794581794794,3.551415039734986,23.948748259456345,3019.0339428428165,0
316,3.211405823669566,16.96077740530319,27.915105582988343,2.103960750711127,24.71404859176232,2978.0542011516372,0
317,3.2812189937493397,12.691074721846636,27.763604856739434,1.7170935364111939,23.69213434845563,3038.9354126396142,0
318,3.3510321638291125,12.128349815093122,27.905962107402537,1.8992009783272898,22.930153787857087,2960.5536960854947,0
319,3.420845333908886,5.828863553562748,27.740102825172897,2.048657093061079,24.32714720989538,2960.4190249435374,0
320,3.490658503988659,5.782619063971403,27.612420883891296,1.8200640179804795,24.637947449737165,3076.242234630213,0
321,3.560471674068432,1.410874475331269,27.631506912484433,2.086780830611921,24.04028833000317,2938.790942336282,0
322,3.6302848441482056,0.6306503148358895,27.43914673101769,1.9385143418166868,22.587943621777967,2998.9313388400683,0
323,3.7000980142279785,-2.720063407397327,27.84107655624368,1.8553159456661485,21.436699995304007,3074.059353902516,0
324,3.7699111843077517,-3.7193671166910844,27.317359737297544,2.0106410864897795,21.175915458236034,2998.856342084029,0
325,3.839724354387525,-7.829280399186298,27.25794718314961,2.07845606591582,21.143454245631645,3053.87082676256,0
326,3.9095375244672983,-13.617687054134743,26.909839748013212,1.8302942171460144,20.075300591015843,3026.0989945762008,0
327,3.979350694547071,-13.541946905830033,27.026708660331614,1.9514775240371904,21.06681221741068,2999.711924630608,0
328,4.049163864626845,-17.218494701194718,27.226493747941905,2.0935356754614216,17.993134035288236,2994.774189541485,0
329,4.118977034706617,-18.084110528526274,26.804836385379968,1.8475819633366464,19.006674209433346,2915.22730343429,0
330,4.1887902047863905,-16.704300520384642,26.637135939313378,1.6684486319152196,19.519081054374716,2987.2355336045857,0
331,4.258603374866164,-19.489431367115966,26.926294465119135,1.692685230862049,17.852274330545296,3009.2887402332476,0
332,4.328416544945937,-22.771669098373547,27.092991050641103,1.9163898271886062,18.00337439933172,3009.266516387703,0
333,4.39822971502571,-24.318119282942504,26.865089364750236,1.7363163447389722,18.356034882353928,3098.634350286156,0
334,4.468042885105484,-23.61413454310545,26.785226438074854,1.9304556209647508,18.80142884067895,3011.23832264598,0
335,4.537856055185257,-26.141189109621052,26.5394575057242,2.332988570234536,16.278856935752913,3025.205812831754,0
336,4.60766922526503,-25.760195707667176,26.8744118439634,1.7242803224622636,15.969571661845345,3046.598526696396,0
337,4.677482395344803,-24.50457300853244,26.899922273909542,1.9434790297044597,16.081278335918864,3021.6200524611118,0
338,4.747295565424577,-23.239619161699263,26.53347113271192,2.426460910854277,15.407293285740861,2996.5580373305324,0
339,4.817108735504349,-23.840343083235645,26.976753592862654,2.081626016595142,15.28956511010129,3016.1777070528055,1
340,4.886921905584122,-27.753283148446517,26.933085025269165,1.92645534250488,15.536862150062875,2992.914099209198,1
341,4.956735075663896,-23.20675758887446,27.005492519850907,1.9686234730961523,17.181805972469256,3081.426319486942,1
342,5.026548245743669,-22.689492873433046,26.946260944220818,2.0858725016786557,15.853651027311622,2977.9100082412992,1
343,5.096361415823442,-21.102438027446397,26.985431780841555,2.339154386125488,16.065441983441957,3008.312435443485,1
344,5.1661745859032155,-18.021417560985704,26.999555279246263,1.8938292785045514,15.24203476507106,3004.9872919392114,1
345,5.235987755982989,-22.066000585506856,27.091040363683852,1.8484779434223435,16.508500289147303,2985.003701329886,1
346,5.305800926062761,-18.19334590276355,26.732341247565362,1.7242382534439544,17.526769567728177,3097.577419252196,1
347,5.375614096142535,-14.574124428112446,26.829228180628707,2.020619206501961,15.36964611064919,3169.6144508746693,1
348,5.445427266222308,-15.813908745663673,26.99782502439866,1.7188625260364174,17.54198324997072,2993.8701369134687,1
349,5.515240436302081,-9.045703098574629,27.14693692969832,1.907243475035641,16.564599844917502,3139.405128084309,1
350,5.585053606381854,-8.372907516843295,27.28687540687238,1.8182633117779294,16.42532799744792,2952.498577306997,1
351,5.654866776461628,-5.180460374396195,27.34335994523336,2.2148247020468212,16.897938090961972,3134.538516236148,1
352,5.7246799465414,-4.7027823827769515,27.53166275463856,1.8983207225266387,17.082678274596205,3057.700175039238,1
353,5.794493116621174,0.09442520958422973,27.60890841944398,2.079386065601123,18.473837442830625,2985.2752037248565,1
354,5.8643062867009474,3.2995583955725514,27.38105826206497,1.6791815996622874,17.64664453556811,3018.2068607703604,1
355,5.934119456780721,4.958410580550665,27.62536224451677,2.026301390890569,17.928904410269585,3058.202942289948,1
356,6.003932626860493,7.947920327283054,27.542060440861324,1.7593679388278503,17.446312484917634,2930.4396220337285,1
357,6.073745796940266,11.049488772123395,27.722268915265655,1.9148703000140281,18.76281002162539,3022.4570088616847,1
358,6.14355896702004,12.442192559687962,27.881260984205195,2.4422405148512447,17.65314828886721,2968.1795255028296,1
359,6.213372137099814,16.639665661153856,27.404985420036297,2.186434875448177,18.850354709514793,3072.764064453024,1
360,0.0,19.77121620132146,28.361686605945952,1.9743174834337387,21.430073612999447,2795.780616816012,1
361,0.06981317007977318,23.714132115015882,28.16866907010257,4.139788381956639,17.49440436137578,3014.05907000485,1
362,0.13962634015954636,27.76252591356839,28.07765222984007,3.3169650619253366,20.070774102675102,3131.8446522151926,1
363,0.20943951023931953,27.768221963831554,28.538599492265845,3.7330432764150725,20.498362740454684,3129.0979312873337,1
364,0.2792526803190927,32.21616746628559,28.27865015140747,3.193465108630577,20.503775549344752,3018.4745119535064,1
365,0.3490658503988659,37.61308977114355,28.430302079865008,3.4512154484704105,20.934214227677096,3470.684942001786,1
366,0.41887902047863906,37.18776659519216,28.415016600131317,3.2304420499638877,21.586935591581728,2936.5339272509823,1
367,0.4886921905584123,39.8928452994296,28.811164650959572,3.551455183018175,21.730551968860237,2921.242703699945,1
368,0.5585053606381855,44.149826178241014,28.620155411133965,3.5111940507157513,22.52841572448945,2672.473586827319,1
369,0.6283185307179586,47.71691413888927,28.727764917861894,3.4384670401632835,22.37771151102675,2946.5850469786865,1
370,0.6981317007977318,48.942581519235254,28.951912454577663,3.7184114050252615,24.79894182013584,3319.4600662666116,1
371,0.767944870877505,53.253067556310356,28.921360963169956,3.386580205399442,23.386890212377324,2962.478978101817,1
372,0.8377580409572781,54.72670812033253,28.883621580802764,3.565370349561465,24.44392495678701,2620.450362014065,1
373,0.9075712110370514,56.723214012637584,29.112171550181685,3.6641109880542677,23.843055089374356,3179.984391064061,1
374,0.9773843811168246,58.13786551696302,29.375617571480245,3.2033557582207632,25.50325977169763,3082.736012623982,1
375,1.0471975511965976,62.462622820818865,29.08684205186124,3.3503171316651232,25.70855036916021,3203.0130469445676,1
376,1.117010721276371,60.137989550163454,29.096066868739886,3.5107721934631666,25.807006140856583,2891.489105710988,1
377,1.1868238913561442,58.71799001740566,29.138214688023005,3.6260306838856637,24.9826382027512,2688.064531790869,1
378,1.2566370614359172,65.20392477555762,29.33783224467891,3.7842475531843065,25.516957418189822,2963.370934140656,1
379,1.3264502315156903,62.9767585359846,29.07447521127626,3.456824040254416,27.762124833548235,3155.309204833501,1
380,1.3962634015954636,64.4781695520639,29.1400216696579,3.436705791470023,26.07521347234555,3022.423525215335,1
381,1.4660765716752369,66.7178113188631,28.96280983207293,3.3254807939572673,27.44869048412077,3083.543376574746,1
382,1.53588974175501,62.56919790427092,29.02168881302692,3.5659968184354067,26.406160449664224,2892.804450057909,1
383,1.605702911834783,63.0951163947001,29.12159899201822,3.4405764852603817,28.169384622334025,3131.0865384705676,1
384,1.6755160819145563,62.351568385894026,29.185035725332867,3.4451935474348563,26.98821423957163,3052.8962031085734,0
385,1.7453292519943295,63.12514445051122,29.44713180248017,3.4812222988222983,26.91445858174937,2997.7844833582312,0
386,1.8151424220741028,64.32276259144533,29.24475379226998,3.610325612418068,27.235114884770017,2930.8040278882368,0
387,1.8849555921538759,63.58382499750107,29.004456043025716,3.387253889364148,27.453645440904552,2997.2936130552303,0
388,1.9547687622336491,62.137684724498264,29.003423552675528,3.345568382218219,28.283396785422703,3003.5380299385083,0
389,2.0245819323134224,58.32658325762396,29.284765158043598,3.5863448372268207,28.049100794435823,3020.72776969594,0
390,2.0943951023931953,55.50598801535077,29.208222036835707,2.894855019623483,27.122204506974096,2938.6927053463755,0
391,2.1642082724729685,57.38822114306245,28.99906757359968,3.379264365267663,27.951484043498986,2987.518207407685,0
392,2.234021442552742,54.75281986184499,28.87923393449724,3.269738100118527,27.005448856286396,3034.724142862585,0
393,2.303834612632515,54.130595804057656,29.06051371592857,3.740651644603358,28.35266133888985,2995.8365818911548,0
394,2.3736477827122884,52.31255710998677,28.684590975542093,3.411813447491421,28.388461980714702,2987.7706247147166,0
395,2.443460952792061,49.1328045839823,28.830149691332476,3.387856776946554,27.56900493114356,3076.25305591134,0
396,2.5132741228718345,47.59053598122508,29.04624115138497,3.4902755029493453,27.63948369729243,2957.1998325267377,0
397,2.5830872929516078,44.190183951666825,28.666706469417562,3.3809255143070174,28.631442213108933,3049.3261883993728,0
398,2.6529004630313806,41.921317383767295,28.447024453453828,3.419470368369293,26.885763698506274,3040.8499894349675,0
399,2.722713633111154,37.246139044106194,28.549639277091693,3.5194220820846325,26.014125689848555,2990.9933415353216,0
400,2.792526803190927,35.12148932890791,28.339922864138497,3.4155919130987464,26.967337515393424,2998.684377876707,0
401,2.8623399732707,32.69884515675042,28.121647450417388,3.4141565095455926,25.310364646500055,2998.5416506819133,0
402,2.9321531433504737,30.586818799925297,28.354649433012128,3.297968465257738,25.73999651692778,3007.2779102537415,0
403,3.0019663134302466,25.6721777848661,28.334682881234535,3.269243251895894,25.10218209536759,2976.2183457024885,0
404,3.07177948351002,23.920792202083817,28.037071767682065,3.512127379518056,24.67539261558179,2982.874070942853,0
405,3.141592653589793,19.60124181212694,27.943414648885557,3.5613201019571643,24.67648315510961,2985.7910187640873,0
406,3.211405823669566,16.68464543052219,27.772057422838778,1.71436867124321,25.22215676387846,2987.068091976045,0
407,3.2812189937493397,14.98148901983316,27.810501938777787,2.1519882830761694,25.000278525052607,2987.5697507779173,0
408,3.3510321638291125,7.654383356619608,27.666150713580212,2.1528095279649495,24.459900286720973,2910.367008438557,0
409,3.420845333908886,5.651610496122904,27.51758027001411,2.1949378276557248,23.58283648796822,3003.905963517178,0
410,3.490658503988659,2.3858154541806798,27.87340115256914,2.0599778169481193,22.695997114358832,2978.9012887938425,0
411,3.560471674068432,-1.803573118183449,27.581889950821466,2.1274164200577994,20.599932230627495,2925.327556535412,0
412,3.6302848441482056,-2.1436169855978546,27.52249339086133,2.4370051689156647,22.36197420538996,2985.9979594035626,0
413,3.7000980142279785,-2.722216040902606,27.49660681826002,1.9396956798245413,19.825702678760248,2984.761700879704,0
414,3.7699111843077517,-6.877662452735149,27.410313129763004,1.7908616998220888,19.69350610314132,3051.009781083299,0
415,3.839724354387525,-8.628757312981486,27.166688375456648,1.6931880233557077,20.689638310232265,2978.4308016628233,0
416,3.9095375244672983,-9.625800425588693,27.207292848894923,2.3511347860464635,20.623160588689192,3026.71160719494,0
417,3.979350694547071,-11.449987948081194,27.067871636788027,2.3537574517397317,19.650896246249353,3055.312480135429,0
418,4.049163864626845,-15.564190814391702,27.120156639388433,1.8150800516131538,20.85014094962624,2974.8772516391364,0
419,4.118977034706617,-15.276311930622768,27.056408545827676,1.8545358374642886,19.6129359786381,2998.10011160553,0
420,4.1887902047863905,-18.832953182648563,26.90337047632904,1.9352017924937657,18.678697535284652,3069.147670996388,0
421,4.258603374866164,-21.7018294192037,26.72205233600273,2.2448513744291967,19.637450004514587,3009.15904620597,0
422,4.328416544945937,-22.61487398380353,26.90931493306468,1.742539560303938,19.44758419032526,3014.949993682757,0
423,4.39822971502571,-25.018348002129432,26.82809175727472,1.606676095022225,18.2911671041391,2983.709843041267,0
424,4.468042885105484,-24.995508463020318,26.55208929131249,2.433502895312432,16.966607427242714,3027.4820332172894,0
425,4.537856055185257,-24.853373917661003,26.894379961718656,2.062474657384015,16.873791216668522,2998.4142954525764,0
426,4.60766922526503,-23.5481077625044,26.95137504239449,2.090882661183712,15.906640281654564,2926.7158824848057,0
427,4.677482395344803,-22.39143246911033,27.179984478858426,1.9589787989600014,16.804168982350323,2985.7906986406874,0
428,4.747295565424577,-27.045859488924865,26.742051382078987,2.093156984743605,15.797288812991765,2952.672848391209,0
429,4.817108735504349,-24.164244089182425,26.72576694107571,1.6971588233318027,16.19940805907325,3004.4896385709017,0
430,4.886921905584122,-25.87716479428567,26.65181754181946,1.831815886627954,16.523471350662764,2963.326436117645,0
431,4.956735075663896,-22.951262049725045,26.866941414441857,2.0210315769045213,14.608044220269312,3019.125138627699,0
432,5.026548245743669,-22.994173209313505,26.88907990752957,1.5458218214199517,15.09231946694964,3001.7905368373517,0
433,5.096361415823442,-24.46963219427673,26.765684924301844,1.9394964772371541,15.634863454648412,2950.0796398568455,0
434,5.1661745859032155,-19.05328659610979,26.895207662140425,1.9271671259331185,15.964384275495865,2980.2984753754527,0
435,5.235987755982989,-19.878644239512838,26.66396966542527,1.9394619536099278,15.606557989305152,3024.8225080652433,0
436,5.305800926062761,-18.107541122537224,27.144111425108935,1.8897836384358038,15.809744000352856,3045.9197214325586,0
437,5.375614096142535,-17.065112529237012,26.93878520672111,1.8008216148251006,15.51480026098028,2963.9031507490427,0
438,5.445427266222308,-14.422942061514092,27.10302775671518,1.635593629945816,15.002664679664033,2956.1023802023583,0
439,5.515240436302081,-10.617791009612517,26.952405942254536,2.0289494094334826,15.845259716469865,3078.039397612042,0
440,5.585053606381854,-9.209308947298892,27.141301828456918,1.9399752026407513,16.241302378072707,2999.6092821402,0
441,5.654866776461628,-5.957343349737579,27.252719024221403,1.7249436906862643,16.32952694221678,3003.658757412879,0
442,5.7246799465414,-3.303484109600994,27.362403255876032,2.0125066825667544,16.859693810459753,2970.424357795934,0
443,5.794493116621174,0.8547721579271643,27.50859400198531,1.9410099609854587,17.32326956396019,3008.6088091416154,0
444,5.8643062867009474,1.182671835292425,27.72777729083197,1.907795209667577,17.77584893162807,3068.6038270616073,0
445,5.934119456780721,2.3938068250763145,27.699482469424602,1.56862102263851,16.989178004947696,3010.174610754277,0
446,6.003932626860493,9.197152613092985,27.813559854491537,2.1365535024615787,16.52287489775184,3042.5985299655736,0
447,6.073745796940266,10.146741655054925,27.96742158751016,1.753389791978174,19.108825405036754,3001.1593542614532,0
448,6.14355896702004,15.4090991236631,27.918448461076327,2.0126540509682482,18.72698260025447,2958.967872375042,0
449,6.213372137099814,17.436024351288093,27.9107861521642,1.8383463113134615,17.999421636911965,2972.6705332282804,0
450,0.0,19.803293704694983,28.151366785938258,1.922254696490403,19.345610813568722,2955.287912987807,0
451,0.06981317007977318,23.662205159555082,28.244659161387197,3.730458498349982,20.35215208370731,3008.7114633434676,0
452,0.13962634015954636,29.189308383392394,28.264292596846985,3.606323640160675,21.267597725798257,3048.955551746,0
453,0.20943951023931953,32.471496880379796,28.031299889425895,3.726007989257894,20.481552624677754,3006.440437686033,0
454,0.2792526803190927,32.507752714464125,28.204545804016202,3.5660770989243145,21.5339832932144,2987.6887272547892,0
455,0.3490658503988659,35.6311923396307,28.36919605638623,3.579228716868156,20.13014797867926,2968.414409908505,0
456,0.41887902047863906,39.917509174610586,28.605027124801346,3.1437721999547645,21.4850855717752,3014.217834513807,0
457,0.4886921905584123,39.85772877621406,28.560163912482487,3.4364950012266893,21.664144469826805,2950.474717888255,0
458,0.5585053606381855,44.34597244942161,28.80643341209743,3.4550182136302783,22.624887822796012,2954.635956869478,0
459,0.6283185307179586,46.41154208123051,28.90262779706261,3.744732964070395,24.056755224029246,3036.0065307056234,0
460,0.6981317007977318,49.3963047530806,28.951220701925426,3.3987541344186143,23.380939080561582,2988.8905975063763,0
461,0.767944870877505,50.00957346173077,29.01442112922284,3.5529719018112247,22.838348615601703,2988.1018322793325,0
462,0.8377580409572781,51.05716590651929,28.736224704874065,3.5451514686169503,22.977484966780132,2993.23735934749,0
463,0.9075712110370514,52.35100875831556,29.018008229246433,3.7315350320561453,25.69490801945208,3029.0348426698374,0
464,0.9773843811168246,55.63061459549247,28.903715730922737,3.4732511835387734,25.167780077284895,3006.6201069209746,0
465,1.0471975511965976,58.28313024289074,28.791870534837447,3.6655573897386295,25.480241216859188,2970.2767423333635,0
466,1.117010721276371,60.00594470348938,29.035432185750626,3.159026973172495,25.19661284078431,2971.71631132206,0
467,1.1868238913561442,64.62912019914971,29.31133117032423,3.1771961134112114,26.01879591546029,2992.195567566119,0
468,1.2566370614359172,64.45653328814285,29.210379121071952,3.0433311310750946,25.32931192573919,3012.0887897077455,0
469,1.3264502315156903,62.2201710079074,29.46702627727208,3.6571969950266667,26.722945129514212,2998.579602260083,0
470,1.3962634015954636,64.83791156422579,29.208353825404867,3.634733387557747,25.74609632925487,2995.020392553077,0
471,1.4660765716752369,64.14286793704682,29.560596687480864,3.6793655147798563,26.64853799192856,3001.851342362406,0
472,1.53588974175501,64.54604145879917,29.225897176250474,3.364527632858761,26.64758299488174,2998.5510237962326,0
473,1.605702911834783,65.25057568998238,29.202641036845975,3.3872904684930667,24.75678391971935,2968.7846838974424,0
474,1.6755160819145563,65.6822419670354,29.001517761253705,3.475790471467538,27.259917224342814,3044.282036493551,0
475,1.7453292519943295,63.80746115972334,29.348353714658565,3.7887398605895313,26.965915752211025,2980.7075417923265,0
476,1.8151424220741028,65.25908498152138,29.089036102190125,3.8387656255244105,27.63667695901491,3005.1688220273622,0
477,1.8849555921538759,61.084635894068306,29.044210673642876,3.6587616979682727,27.898065758618856,2917.5865901584652,0
478,1.9547687622336491,61.732782049048836,29.30480521004453,3.5662039449607,29.374003655868595,2991.3930284776675,0
479,2.0245819323134224,64.34224267335625,29.252286255878392,3.767076539540025,28.237361027251605,2956.0164334634787,0
480,2.0943951023931953,59.30576278423765,29.20903818962293,3.4488315085700885,28.265619477291192,2960.839129212028,0
481,2.1642082724729685,59.456512524886136,28.940516416957802,3.421811693903541,28.37033272271344,3096.8874378786713,0
482,2.234021442552742,55.597764179562304,28.93796652453228,3.474195575877238,28.617696791912174,3009.9810360252345,0
483,2.303834612632515,54.312682789477435,28.882795630918494,3.3042571261160845,28.20123900997268,3049.0408871219547,0
484,2.3736477827122884,51.17445187906583,28.950967771651655,3.4649981271256776,27.95231008115607,3034.2121433328316,0
485,2.443460952792061,48.66983106414797,29.00437983189798,3.276518391243212,28.157160336833563,3039.3297152799228,0
486,2.5132741228718345,45.28111275807317,28.76056428603073,3.705001563779916,25.48085343823334,2992.037133536276,0
487,2.5830872929516078,44.491818928930556,28.93213677988345,3.6087374782066037,28.900984191200465,3064.256080476461,0
488,2.6529004630313806,39.848914541586446,28.69794503804803,3.785912479509565,28.283629968190688,3033.8674919430596,0
489,2.722713633111154,39.30152679288116,28.4528640625738,3.174143439417162,26.9432406513767,3001.653398072092,0
490,2.792526803190927,37.018836956323966,28.534730882910146,3.8803393893844147,25.37357616631618,3010.531584978304,0
491,2.8623399732707,32.95347812262083,28.586655868786714,3.185504917241312,27.184768005106687,2994.5307033415,0
492,2.9321531433504737,28.92665298646563,28.54923737648251,3.260338384983359,25.353350488294364,3002.089567394655,0
493,3.0019663134302466,26.943737912166004,28.34504142284194,3.375835690627382,26.00844694549435,2998.2559705965305,0
494,3.07177948351002,22.67603173516603,28.08755893654165,3.761544138393973,24.210524000720515,3015.2613452494597,0
495,3.141592653589793,21.40332068819773,27.967496011891612,3.5451146994457146,26.65767875080372,3069.5989520564185,0
496,3.211405823669566,14.113849555191697,28.002702657041258,1.9512341498956856,23.3484702932203,2951.7914353216506,0
497,3.2812189937493397,13.23379940461908,28.084088453138577,1.8414745130709678,24.170932350646456,3045.6941905403523,0
498,3.3510321638291125,7.6577559205148455,27.815571339350857,1.72481296986786,22.02118582463924,2985.270620651549,0
499,3.420845333908886,5.353727742894238,27.737414953799924,2.226525464738602,23.28077525490843,3050.7865259305922,0
500,3.490658503988659,6.654886895065775,27.597285506156762,2.159727852209728,22.561942199358338,2986.6621854794334,0
501,3.560471674068432,3.0396285345465373,27.46273236891436,2.2704900754184703,23.39593894207223,3016.51014706161,0
502,3.6302848441482056,-2.205440675292275,27.41231394866034,2.079363625396225,21.727541865494647,2993.6462300481853,0
503,3.7000980142279785,-6.100122074555562,27.384410780706983,1.471579508288893,22.560066924844424,2930.77631506487,0
504,3.7699111843077517,-10.897129609923763,27.552372696685005,1.7510834134637094,20.412903470248793,3069.5590750517595,0
505,3.839724354387525,-9.740685697793216,27.192697801596534,2.0929742611693416,20.593403152426028,2962.289855459121,0
506,3.9095375244672983,-7.629004152283779,27.17430176683591,1.926056594952796,20.20196911464839,3003.3553144462526,0
507,3.979350694547071,-12.78919073928726,26.97841956036615,1.8882316066143747,20.408234773819096,2957.9031285529973,0
508,4.049163864626845,-16.299842341376728,27.16188175564291,1.7793546470220942,19.916415571876712,2946.5199339405017,0
509,4.118977034706617,-16.609070450726403,27.210156789741692,2.189517913482908,19.82103477656198,2991.8024064124347,0
510,4.1887902047863905,-21.31258069979139,27.204444192352184,2.0912385274828615,19.09168834335265,2976.259549517189,0
511,4.258603374866164,-20.89171712750896,26.951951823145357,2.1002382445816243,19.057453909659646,2953.2473991477427,0
512,4.328416544945937,-21.57405724598182,26.97353251701174,1.8732795502429886,17.477202369319475,2998.5826954109125,0
513,4.39822971502571,-22.92669421101348,26.83569963212031,2.035257551779962,18.192159082864354,2940.7237310760866,0
514,4.468042885105484,-22.477098499884722,26.914847930422983,1.7324470147607038,18.873378297005257,3005.018951936581,0
515,4.537856055185257,-23.799381046195283,26.86532546926023,1.9740344038307613,15.970013347575831,2994.9069272401007,0
516,4.60766922526503,-23.750996264410308,26.815313383645794,1.4944140842813782,17.455237616024377,2900.783758619949,0
517,4.677482395344803,-26.005145639205445,26.821394061418655,1.686376772173089,17.37952630854123,2979.0756038780064,0
518,4.747295565424577,-23.625864103243483,26.86851935008613,1.9355376311495978,17.806271068124737,3018.73640040907,0
519,4.817108735504349,-22.310079870136317,26.762450860331235,2.4750236292549865,17.043505421062633,2957.458164601739,0
520,4.886921905584122,-25.771573165026485,26.781856177573644,1.6398513853150272,16.395243861945602,3020.471687777432,0
521,4.956735075663896,-24.994851165991687,27.09174943051954,1.7512838814920273,16.539069690280492,3017.307168396543,0
522,5.026548245743669,-20.793866728801564,27.265314195772774,2.043354959338562,15.515282214117557,2959.2911429219116,0
523,5.096361415823442,-22.010289435548025,26.706724332239748,2.3538845812029208,15.729967440630476,2999.5087078677607,0
524,5.1661745859032155,-18.33999999536268,26.73252646378459,2.0404344993976147,14.937843898712806,3032.999643333906,0
525,5.235987755982989,-19.634946738138016,26.81719659128745,2.1404283704608313,17.19129424057102,2964.9431107815794,0
526,5.305800926062761,-15.124122400570826,26.989661650678165,1.9324792498647045,16.386284200622637,2991.7675776967485,0
527,5.375614096142535,-15.2632551870943,27.188754172327524,1.8978756822121245,15.346860049621036,3046.0095647192456,0
528,5.445427266222308,-13.054173911498717,27.19691415073437,2.016436870413551,16.379270123241,2965.6947174096317,0
529,5.515240436302081,-8.912549638150036,27.192214625966272,1.868342121874779,17.20053850637869,3018.3663314320847,0
530,5.585053606381854,-9.46809815206054,27.30799520041984,2.144853867743549,17.20607105838046,2956.832355668309,0
531,5.654866776461628,-7.862019497048738,27.190844773754776,1.6787456202108832,15.835728134568656,2993.5615238722,0
532,5.7246799465414,-4.519213202536791,27.327478467157263,2.177997406513367,14.263186022718953,3017.8690685829556,0
533,5.794493116621174,-0.44771939940037797,27.43361994240056,2.0078626024605506,17.304462775497136,2903.8189284025316,0
534,5.8643062867009474,-0.6517875466817777,27.27428357747826,1.9570558262798272,16.520972244640145,2978.6270767552546,0
535,5.934119456780721,5.565299904321595,27.41537929730081,1.6714030879627155,17.99388067814121,3017.173277087455,0
536,6.003932626860493,6.788162011808396,27.50100026382795,1.804042265600426,18.543728651556663,3009.033764367936,0
537,6.073745796940266,12.365692904301152,27.865122204571257,2.2397302946266358,18.982454801384574,2979.104864614515,0
538,6.14355896702004,10.145819999446328,27.869795521133785,1.9582802003933268,19.814418256548425,2955.8167197767534,0
539,6.213372137099814,15.681110018858133,28.007951411518142,2.0556796931745644,19.75223705231296,3025.13859528777,0
540,0.0,17.470297773148847,27.72405175152963,1.8240935973369308,20.523085831402,2987.1037304991273,0
541,0.06981317007977318,21.89969711893971,27.86117276558521,3.4941890727549096,20.601004571681074,3021.8138880651604,0
542,0.13962634015954636,26.63428839486636,28.266490037190554,3.225569590376004,21.057230564824476,3015.2089254207003,0
543,0.20943951023931953,29.087186148624536,27.8326935827314,3.5199764508575773,20.24836989231335,2982.1032685772607,0
544,0.2792526803190927,32.023614658342936,28.51445923062037,3.574128179454041,19.654785638348613,3042.902469719786,0
545,0.3490658503988659,35.152129142585,28.13692660046238,3.5641229454370036,23.083645840116972,2976.2288955985537,0
546,0.41887902047863906,38.60823129934092,28.61458570547971,3.3192830339019674,21.564170121225356,3047.618158966076,0
547,0.4886921905584123,39.61341626245042,28.430078181629526,3.4315898031798997,22.915121040411247,3052.8517012219013,0
548,0.5585053606381855,44.9066413518428,28.79323867435558,3.6074388291963264,21.91061207661327,3042.004586979609,0
549,0.6283185307179586,47.44433530873952,29.18656643983844,3.45771248094438,23.538938029716782,2992.777553865348,0
550,0.6981317007977318,49.50299934237842,28.430368487105678,3.442538923531978,21.225056905106204,3101.8831657747196,0
551,0.767944870877505,52.09442683478177,28.937896616729894,3.880693521725111,23.260146494214442,3006.0737783635695,0
552,0.8377580409572781,53.886144147695724,28.620549383533813,3.309802176226775,23.909506963973406,3009.6422591538585,0
553,0.9075712110370514,58.513093866399096,29.009628242660693,3.7160836936177963,24.74837098389308,2999.117546190476,0
554,0.9773843811168246,57.176049508398116,28.963829262533267,3.269063867299014,25.614365088657596,2954.8093409177463,0
555,1.0471975511965976,58.51051834279787,29.058697832910603,3.630956217154283,24.24646180197489,3051.8029294953903,0
556,1.117010721276371,59.31544071292645,28.941799914109765,3.6416305116247947,25.999572502767013,2977.1038628134424,0
557,1.1868238913561442,60.17487944963868,29.22970179190462,3.3979269689885907,26.78584006903541,3036.7844410414928,0
558,1.2566370614359172,60.93083555188029,28.924014143858628,3.2565046294275786,27.995609116844044,3046.3821243327416,0
559,1.3264502315156903,62.33011171257346,29.350600460966007,3.1059133592393167,26.978488832021316,3024.1328552219716,0
560,1.3962634015954636,64.21032831307126,29.120381757623125,3.376977298214933,26.318387653329115,2972.321228964068,0
561,1.4660765716752369,65.25492798431887,28.983022672831467,3.6052437295904647,25.918557022264157,2986.3568697795126,0
562,1.53588974175501,65.04930030368755,29.43850951592402,3.284474368580084,28.62525935210145,2892.916952772747,0
563,1.605702911834783,63.82428429971473,29.18916759450154,3.5193897161847456,27.952551582326965,2995.3412937453363,0
564,1.6755160819145563,66.10376213760225,29.479571670008234,3.204714040417831,27.519751620305346,3032.1084075079993,0
565,1.7453292519943295,65.42546789400078,29.36497272301165,3.4532223615792073,26.389154256403913,2990.499796836723,0
566,1.8151424220741028,63.423835221286815,29.04463301581323,3.270591219160254,27.060041705409095,2976.396788309707,0
567,1.8849555921538759,61.81816901628485,29.128519349413672,3.4844038996211144,28.40174374925252,2988.09012303562,0
568,1.9547687622336491,62.545915336750134,29.13077631642968,3.3997841060784935,28.242724520784048,3048.614638812761,0
569,2.0245819323134224,60.727692464691664,29.307498335556964,3.26192677275248,26.436528582352434,2997.8253724442616,0
570,2.0943951023931953,56.798952281177165,29.104858141546394,3.3682253044222117,28.504419416105826,3074.3166470563447,0
571,2.1642082724729685,57.20472038100027,29.02128898023052,3.3131686275516015,26.719092495962073,2977.170659804611,0
572,2.234021442552742,55.85353763041407,28.91563096626332,3.2372150599525176,29.00345723700108,3008.6892714052506,0
573,2.303834612632515,52.09197496675111,28.884190235194676,3.7165491650578835,28.004660178813033,2982.663922974919,0
574,2.3736477827122884,51.54439175991103,29.029278857402545,3.427965027109815,27.356202502617336,3082.97945655032,0
575,2.443460952792061,46.74320870800759,28.77190093424347,3.059554910185267,28.380286273271587,3007.1882124523745,0
576,2.5132741228718345,48.454615503179554,28.64609271205624,3.375343838481063,27.70496040565485,3085.1230454880474,0
577,2.5830872929516078,45.71829186808337,28.55122704223779,3.6829423427636527,28.28968501138142,2983.194897803907,0
578,2.6529004630313806,40.74744432391065,28.480301102267646,3.3477282733485247,27.07622658313162,3061.1031670342027,0
579,2.722713633111154,38.84833044516963,28.277769572284548,3.7995487756267257,26.88058754301384,3004.72013489094,0
580,2.792526803190927,31.776023500955286,28.29786787574183,3.328667589007682,26.275780980564864,3033.466223781824,0
581,2.8623399732707,30.66915952136699,28.555527868327946,3.600681611163291,26.426861373326062,2951.211560883638,0
582,2.9321531433504737,28.915357706570973,27.502518262387444,3.7073277169182024,30.824028631024248,3013.936557968372,1
583,3.0019663134302466,24.65459001106267,27.500995803453847,3.5900387944622865,29.01305141002702,2957.235182480372,1
584,3.07177948351002,24.210636042431638,26.884532832353276,3.2251012050717938,29.865773589649596,3010.283856028201,1
585,3.141592653589793,22.995944796121996,27.202197447417433,3.311506284615687,28.5594317274498,2939.264397878474,1
586,3.211405823669566,15.096036602370429,26.95335228645133,2.2340141980773165,27.512763745190124,2996.236679217143,1
587,3.2812189937493397,12.481015350669262,26.76635144554109,1.8390777087336045,29.222288597309777,3043.824481485068,1
588,3.3510321638291125,10.997146465665738,26.727537344285704,2.195135302780441,29.23251041983915,3021.9021551597684,1
589,3.420845333908886,10.012993210984478,26.48906097412874,1.9139430556370112,28.719635060121426,2950.6419980163646,1
590,3.490658503988659,2.775532081535056,26.109506388733987,2.02828746384383,27.475977620055836,2924.064544686516,1
591,3.560471674068432,2.0704052450494213,26.43307722771997,1.7227785445958097,28.776900694060167,3019.8777832184305,1
592,3.6302848441482056,1.6057279508545736,26.200222976621394,1.8783464850575005,28.604836299673853,3063.2479518143364,1
593,3.7000980142279785,-6.324005612763118,25.98845394199731,1.8249387239120556,27.538755909482198,2961.4421585251935,1
594,3.7699111843077517,-8.371940163430034,25.7654905282546,2.0451199301116345,27.026691397124956,3083.8961631270545,1
595,3.839724354387525,-9.560852345585522,25.568249087303613,2.0186395159431765,27.771019196875436,2999.74026847324,1
596,3.9095375244672983,-12.040509289937999,25.70437891738004,2.092529979249127,28.36447166878014,2921.6522586530255,1
597,3.979350694547071,-12.222615214852265,25.798939618858657,1.9018954993814654,28.052389807314228,2937.56478573146,1
598,4.049163864626845,-15.097994332571236,25.477871542107913,1.8139539857410845,26.901020659246424,3030.7979659748567,1
599,4.118977034706617,-19.969133854440056,25.13506235647195,2.0365458171088617,27.61344132159826,3005.1827216334013,1
600,4.1887902047863905,-18.19802756594851,25.276170918493452,1.794082219398593,28.12524396025342,3059.2888386317304,1
601,4.258603374866164,-21.312040414495986,25.13939180361011,2.2156845052845178,26.404260830302555,2952.0750093320726,1
602,4.328416544945937,-19.81160263009357,25.187244231464206,1.9770955226821776,27.33668153025014,3004.7397919265513,1
603,4.39822971502571,-23.738924537937287,25.06431267961789,1.9347729780590088,28.320169031232403,3000.270442455534,1
604,4.468042885105484,-24.618230607073194,24.44665448043973,2.0924351245500423,26.21087630274468,2994.2794190777104,1
605,4.537856055185257,-23.504651469342562,24.903211968664127,1.9847271001136568,28.159109440451346,2984.69571085412,1
606,4.60766922526503,-23.6090955680669,24.603558965274065,1.6683896566329608,28.556734434227714,2985.492024978461,1
607,4.677482395344803,-24.300438169955,24.479291057028487,1.7877140201221133,27.134363660569345,3006.985832971215,1
608,4.747295565424577,-27.50098319193652,24.60859156621685,2.211541740772923,27.113613039644427,3012.103241113529,1
609,4.817108735504349,-23.946433631679927,24.648663171635473,2.0167768695689166,28.316513752550918,3010.1029140041296,1
610,4.886921905584122,-25.867810963060965,24.296876494092324,1.6636864395273117,27.47012952529457,3048.2395003562847,1
611,4.956735075663896,-23.310393515037454,24.610399789804536,2.0704224133430333,25.893224864610684,2951.9488595084513,1
612,5.026548245743669,-24.933144886380504,24.58661341587975,1.8881482360260502,27.881664271504008,2927.5326586198107,1
613,5.096361415823442,-21.05379023419084,26.89442580396478,1.8251000094982435,16.416665073072323,3040.6786021755147,0
614,5.1661745859032155,-21.655630439923577,26.791303599906943,1.7710254548732307,16.598473253340376,2962.2589983636403,0
615,5.235987755982989,-20.895095145690522,26.81386281483028,2.1999858942637376,15.2971672972941,2984.820967255393,0
616,5.305800926062761,-16.235960560253293,27.159044732670985,1.60690032559893,15.810317449883872,2975.516014404689,0
617,5.375614096142535,-15.098017129787351,26.82770369269755,1.832493585112102,16.861275829202565,2974.659507116329,0
618,5.445427266222308,-14.362482348572104,27.267896778550003,2.0240253531822483,16.11418565598026,2941.669438471003,0
619,5.515240436302081,-9.082858397123296,27.14163008157964,2.3156726137806993,15.050069943214494,2977.2188964906113,0
620,5.585053606381854,-9.586421068248896,27.214279693429724,2.1107716392700637,17.40194760571325,3025.973244491181,0
621,5.654866776461628,-6.402174842204899,27.038444541437034,1.8307950768934396,16.40655020719998,2999.842742415601,0
622,5.7246799465414,-3.442996718976358,27.34208938840087,2.305870690821363,17.643232097167697,3020.1802851402767,0
623,5.794493116621174,-2.0557192265580064,27.528671952058637,1.7289753200590054,15.87178855088679,2980.1567201022062,0
624,5.8643062867009474,2.403555501688888,27.311454515131242,2.053067233071031,17.133678552039463,3036.113839631277,0
625,5.934119456780721,3.808915029597826,27.664371208096977,2.097556929150443,17.903807492298597,2979.665524986259,0
626,6.003932626860493,6.978861504910697,27.682587011071455,1.8237768833599117,17.71379645168688,2915.657707978964,0
627,6.073745796940266,12.687937872905819,27.653942628943845,2.139518610377651,17.145143350597074,3012.6649517170517,0
628,6.14355896702004,12.176331378028385,27.96119324182162,1.8972219742118082,16.509183222290787,3030.6953907611473,0
629,6.213372137099814,13.24178818512015,27.585953716160265,2.139028485503593,19.981763621453805,2977.6304395032307,0
630,0.0,22.416405492517843,28.052002112311555,1.6320809014827582,19.321877329895845,3047.968250696337,0
631,0.06981317007977318,26.963033247396144,28.326623042203945,3.5669952180457747,20.43119713932572,2965.972312491807,0
632,0.13962634015954636,25.654885645028948,28.382999192017177,3.4175786654612788,20.627191785095103,3026.8290725146935,0
633,0.20943951023931953,26.45076902586889,28.30796503706209,3.7299407565935643,20.75854186464723,3069.791037686286,0
634,0.2792526803190927,31.937955047471043,28.285512710560774,3.4912038540458097,20.42917689921686,3001.469239374862,0
635,0.3490658503988659,34.96157202489409,28.315053788508656,3.749845906744024,21.489643177042346,2990.940676559079,0
636,0.41887902047863906,38.01826317687762,28.442645102605116,3.6015225530066104,22.65983733014912,2995.773132981037,0
637,0.4886921905584123,39.45613826248231,28.644936962530757,3.4744983081903684,21.998563331850868,3065.131815478072,0
638,0.5585053606381855,44.71570860420894,28.51481654626093,3.6575338619228592,23.872192776951998,3016.1113029516473,0
639,0.6283185307179586,47.23709741609042,28.818955875458524,3.658811692905424,21.568262566506785,3085.768107088747,0
640,0.6981317007977318,46.683834006165306,29.091319209324343,3.594382000898243,21.89550067612822,3011.170055517761,0
641,0.767944870877505,52.308421768197206,28.824307559281685,3.0415397250749634,24.37896137863072,2973.8481336038503,0
642,0.8377580409572781,56.520544619401576,28.69011457008038,3.3034879018471206,23.333241481470534,2976.6597225914716,0
643,0.9075712110370514,55.718424410958086,28.743901192380605,3.7768211693011846,26.012953505591952,3002.4642906197178,0
644,0.9773843811168246,56.80070302187412,29.111329919822786,3.248810828912947,25.826618444363067,2918.3470953612127,0
645,1.0471975511965976,58.758138348688455,29.030268557697262,3.6764922300131615,26.391833344685576,2981.000406531175,0
646,1.117010721276371,61.36861723391536,29.210077489968608,3.6412905313559336,26.17914699607185,2981.888086638009,0
647,1.1868238913561442,59.12726604724461,29.032575488106243,3.3548495276835943,25.067239588789782,3009.591590216755,0
648,1.2566370614359172,63.04412928774786,29.265861351685157,3.100953674576655,24.791406570532484,3077.672728816058,0
649,1.3264502315156903,63.07761175822563,29.140609995513735,3.386217480410415,27.609422180302506,3002.192659536367,0
650,1.3962634015954636,67.08808640498343,29.07189369531606,3.9156030087266025,25.486337873704446,2923.0936365149455,0
651,1.4660765716752369,64.49222619086487,29.133276502621573,3.327344541558129,28.203877298132785,2963.4436940049213,0
652,1.53588974175501,67.47441863253859,29.01971083910943,3.341148531080146,27.697589321992748,3010.4915144748365,0
653,1.605702911834783,63.3169761691863,29.497672926210157,3.3004835179380345,27.30167591079653,3003.719790387148,0
654,1.6755160819145563,65.6343740417765,29.178969002408156,3.742956895309904,27.890970273037787,3064.9782208925035,0
655,1.7453292519943295,64.7954492812362,29.27844641691698,3.4514168576749786,28.05724164014065,3038.4030919348547,0
656,1.8151424220741028,62.359736810622664,29.083824501600574,3.3748187542101724,27.643060555257872,3037.204618951109,0
657,1.8849555921538759,63.06363740523732,28.98347864625721,3.78269480343907,29.037237306168823,2991.3146763139,0
658,1.9547687622336491,63.54205171075284,29.077538548842455,3.6158988175871074,29.072778789962953,3043.964841462035,0
659,2.0245819323134224,59.96004452703261,29.24373173556588,3.316141951657948,28.11812127098235,2964.163074952108,0
660,2.0943951023931953,56.4331991965451,28.961120715831584,3.255283217787644,27.518333861544118,3038.7317723717492,0
661,2.1642082724729685,57.28034652526071,28.864265291156638,3.7316339929759947,29.018604890061475,2988.703243873705,0
662,2.234021442552742,54.10684927011373,28.968932540983438,3.5033576327483433,26.302201678008217,2942.080263761579,0
663,2.303834612632515,52.92800573848692,28.966627180680536,3.1901871960287775,28.192929532498127,3023.729468024595,0
664,2.3736477827122884,51.13724501612719,29.080017269878773,3.1433768626212903,28.318599748183914,3055.9017447445754,0
665,2.443460952792061,46.366964111871,28.82440770337972,3.2767922569600483,26.92548133416064,2983.7359251473613,0
666,2.5132741228718345,44.02684884418028,28.801941204530653,3.252103082379394,28.20118936484834,3062.5104700097386,0
667,2.5830872929516078,44.56946714378251,28.743794402617894,3.090784605819713,27.208634235524105,2933.762363427138,0
668,2.6529004630313806,40.342142281110576,28.390413568053177,3.280098602670301,26.575285994860675,2952.1282705289454,0
669,2.722713633111154,34.45603242568017,28.343584161120532,3.316183887671229,27.540110721620206,2994.1309583299144,0
670,2.792526803190927,36.5681725045673,28.247839728549952,3.407463742323086,25.63543378368499,2985.1694445628923,0
671,2.8623399732707,32.81223564467635,28.13094296362665,3.8385820090255427,26.911842328363434,2973.314664557631,0
672,2.9321531433504737,28.285213850744444,28.36881301021187,3.4466313455803452,24.322574716490728,3005.347108752729,0
673,3.0019663134302466,24.287544226615598,28.210515234901642,3.466485032451157,25.80993768961936,2978.856381686786,0
674,3.07177948351002,24.392753162957156,28.095632177956666,3.6018510727597883,25.27192364711968,2985.6410134478906,0
675,3.141592653589793,20.52402593384065,27.61109252268966,3.452536385786688,24.44479661813261,3011.137002814015,0
676,3.211405823669566,20.434862105540493,28.224613760299842,2.0800305927773417,24.8139435972184,2973.2985247011457,0
677,3.2812189937493397,14.367493354884457,27.69885147822489,2.0561229753903465,24.052087390899025,2995.7592735472413,0
678,3.3510321638291125,11.225528625093864,28.058277884409534,2.024517713119849,24.562692098092874,2974.1784381456164,0
679,3.420845333908886,7.3459270930721985,27.451848950921903,2.553293216883792,23.761874007708236,2951.775183329599,0
680,3.490658503988659,5.834257351146097,27.467715654225717,2.1822251688088703,23.26432574976844,3030.548086986948,0
681,3.560471674068432,2.634478863461239,27.181488620932598,1.783655603058654,22.719681189795622,3068.3117776336803,0
682,3.6302848441482056,0.7513671874827028,27.490952871048336,2.074044437237833,21.690112245530507,3042.5828798029565,0
683,3.7000980142279785,-4.628351268450144,27.19890835979847,1.841652638668056,21.4077252185868,3013.2686432744526,0
684,3.7699111843077517,-7.10344756257723,27.13370767413428,2.089250152811971,21.430772596496443,2974.3388622905613,0
685,3.839724354387525,-9.644097192262235,27.022777735799995,1.724962516578346,20.680284845176114,2988.5232510326905,0
686,3.9095375244672983,-10.073424088886398,27.283013214859885,1.7784441103832043,21.30066105733119,3042.2808504186933,0
687,3.979350694547071,-11.193955486037634,27.21494575716226,2.0687815124980253,20.086524320947763,2908.7405293190636,0
688,4.049163864626845,-16.148744652026444,27.326192179333752,2.199533822719605,19.92248931701117,2985.469591024246,0
689,4.118977034706617,-17.9438513566665,26.902298919773003,2.100528869750603,18.121107505506842,3029.364636789771,0
690,4.1887902047863905,-18.500027334495027,26.993592421115693,2.1708234669070436,19.63280807836916,2954.4687847126197,0
691,4.258603374866164,-20.81437433348186,26.728046864830706,2.074763711752769,18.063463173429678,3016.9355313698215,0
692,4.328416544945937,-20.295192975795594,26.837123521109557,2.034499219806466,17.36137064643661,3015.0795708306277,0
693,4.39822971502571,-26.175209169210476,26.78090538345364,1.8992613451483127,19.198068956649422,2941.8267027895004,0
694,4.468042885105484,-24.903365252795183,26.905312622093117,2.1626003617433596,18.144910772994784,3003.4791244057174,0
695,4.537856055185257,-25.489973386491528,26.970783967348076,2.204975846565328,18.095684136599328,2975.3021892799393,0
696,4.60766922526503,-28.23401931015152,26.955233729182794,1.987376861734045,17.427628198375086,3016.643947035341,0
697,4.677482395344803,-26.418044882412513,26.674309166744443,1.9766147916442685,16.763581849467766,3026.7915474356505,0
698,4.747295565424577,-26.345321389628197,26.950501193270533,2.3182811623444475,16.41363875970238,3015.957557350926,0
699,4.817108735504349,-25.055142273350548,26.799960954991903,1.9959156440367554,17.085956022795802,3002.903692969724,0
700,4.886921905584122,-22.64690004805897,26.769541162000795,2.015137174073194,17.221006342009268,3011.5548508969027,0
701,4.956735075663896,-24.030898659205903,26.729368405445967,2.096845181550579,16.140464135531786,2952.95739644336,0
702,5.026548245743669,-24.343763813688646,26.774741811291584,1.9804387488091693,17.761346773527272,2998.7699286454713,0
703,5.096361415823442,-21.808705267325728,27.148726451449292,1.835931935451381,15.882487058748024,2968.14067013112,0
704,5.1661745859032155,-18.87197165130049,26.967558759415105,2.0755931151047045,14.891199414562426,3041.261550139482,0
705,5.235987755982989,-20.435081394472096,26.986961292583853,1.9922489979955358,14.624452436300457,3027.3295262392576,0
706,5.305800926062761,-18.672553090859065,26.96581788415341,2.3684499512948993,14.675938051158496,3027.216054004795,0
707,5.375614096142535,-14.622660473391143,27.421283887387638,2.157689710058475,15.748700583822732,3068.5396622305593,0
708,5.445427266222308,-13.77382132007896,27.30397778275409,1.8809035427113998,15.976570136220706,2986.800901407986,0
709,5.515240436302081,-10.28839963459068,27.058250638229385,2.1458120438380752,16.81914004852714,2978.039705911566,0
710,5.585053606381854,-8.945912623587228,27.18761261017046,2.061573166946196,16.388950769813935,2985.8558913497022,0
711,5.654866776461628,-5.3978408810269505,27.262521015743395,2.2618852603891026,17.252535852809125,2935.910543686472,0
712,5.7246799465414,-5.398984061555221,27.385977679662545,1.895109157434192,16.806171341520855,2939.0566751661595,0
713,5.794493116621174,-1.1443473015474872,27.331450225762215,2.0377352296719047,16.998971048481526,3024.8441203587245,0
714,5.8643062867009474,1.3808160400442588,27.577738506813294,1.9801812701815016,16.768456050903975,2944.194394763047,0
715,5.934119456780721,2.7852571641887165,27.807389047815096,2.01169588461166,18.63408944167506,2957.0034973995976,0
716,6.003932626860493,5.251102066431978,27.472190956668978,1.8229602101992102,16.558324903625273,2995.9312049158016,0
717,6.073745796940266,11.6725974661128,27.58128396045488,2.115182333582635,18.332596545024973,2983.5108958904934,0
718,6.14355896702004,13.210781883470068,27.760518495553324,2.0835928551698992,18.273305498366213,3035.4260943118425,0
719,6.213372137099814,15.327538259043392,27.850772897490877,2.257044723384359,19.388555195854718,3002.4184522000596,0
720,0.0,19.855731594615,28.29976988121189,1.997994829602644,19.106783247450103,2968.061252833112,0
721,0.06981317007977318,24.831069604509594,28.233964151495176,3.417632098350373,19.50467126158553,3038.8653203897234,0
722,0.13962634015954636,22.84168277514506,28.308656073969818,3.6578588755888073,19.670944807758975,3029.151655393551,0
723,0.20943951023931953,27.11106805194418,28.2098391749543,3.3411591236800633,21.395669527057166,2943.560662497044,0
724,0.2792526803190927,31.019351348922058,28.287817815962377,3.716996907016792,20.688171491382747,3010.090665786401,0
725,0.3490658503988659,37.58267474973559,28.192668359925992,3.7165683994827408,22.67355060582182,2971.396928416594,0
726,0.41887902047863906,38.72702941278995,28.605345005898133,3.7514557802268818,21.73160543835457,2970.342488287993,0
727,0.4886921905584123,42.277196186056926,28.637024066064388,3.5753245969358987,21.94956246186972,3074.7805864525003,0
728,0.5585053606381855,42.13612551180488,28.82880272178159,3.402700723480447,22.234570373549094,3004.9708555380716,0
729,0.6283185307179586,44.771032540255504,28.673717845747543,3.5218375452610724,23.21919759542841,2991.298460459442,0
730,0.6981317007977318,49.597163010978335,28.750078259693787,3.5760137790158413,22.710312866812412,3003.3980490118247,0
731,0.767944870877505,51.347038167058045,28.85909687383489,3.3879716709624246,23.705095126246434,3034.9696105131716,0
732,0.8377580409572781,54.26462537477893,29.02555842689894,3.766623257785043,23.994745441973492,2971.935820961862,0
733,0.9075712110370514,55.178977425909814,28.725080561013442,3.6160168335137084,24.63848212866108,2978.76600122236,0
734,0.9773843811168246,57.723906354658816,29.105253507126807,3.321555408935599,25.036769608386116,3026.2668583258533,0
735,1.0471975511965976,59.208321797657405,29.036156150215405,3.8765747352931554,25.443372043426272,2939.344428380385,0
736,1.117010721276371,61.6123831670899,28.919757265365945,3.5194778550340353,25.54752174856948,3039.6308736363717,0
737,1.1868238913561442,62.93378587842214,28.799929762582035,3.281179391430003,27.059661281605514,2935.7928106070576,0
738,1.2566370614359172,60.36773524169425,29.120796762772432,3.3339491754505453,26.456934903586625,2990.1693276569836,0
739,1.3264502315156903,60.292404849408555,29.381511819022304,3.797556719433069,28.497975475638754,2936.0466850733064,0
740,1.3962634015954636,65.81896698202662,29.43297200362586,3.8649969832433646,26.72587356536679,2957.749933522626,0
741,1.4660765716752369,66.53507293146521,29.246732706042444,3.7018970106961837,27.703099381914907,3051.906674344198,0
742,1.53588974175501,63.4416526865893,29.493569841999253,3.7638617297174273,26.58105814710952,3041.778314953389,0
743,1.605702911834783,62.182834106040865,29.192827829979404,3.743323091759722,28.483309438101653,3046.0528919911244,0
744,1.6755160819145563,64.90203752308311,29.336421807188348,3.6113832305528133,26.973904976149964,2942.040468658464,0
745,1.7453292519943295,65.71260622507515,29.114084670278686,3.5658083575621853,28.049711306146243,2957.9577536719335,0
746,1.8151424220741028,66.35969946607132,29.087165045638574,3.6079726388953217,27.593447104876237,3013.594902753245,0
747,1.8849555921538759,63.57198959143409,29.03964145202209,3.647203088628659,28.25829375592688,3028.612699607174,0
748,1.9547687622336491,61.165698410626895,28.803541283411498,3.3516803986947203,27.771821111986135,2968.019452596055,0
749,2.0245819323134224,59.10603615108521,29.271616694551035,3.646391745862422,27.362191514388623,2976.843144698243,0
750,2.0943951023931953,58.98832010780572,28.942985618670626,3.7917233694594037,27.781055539066134,2954.7460941576546,0
751,2.1642082724729685,56.85779370914899,28.87462927010277,3.4587255143341937,29.20710575385136,3066.329811623262,0
752,2.234021442552742,53.93788205370927,28.768617152086165,3.4373504429356405,28.29407099692339,2981.001768037859,0
753,2.303834612632515,56.514650622777665,28.86111987509243,3.595309261847733,26.806735422985764,3001.251692144511,0
754,2.3736477827122884,53.937379273763064,29.09811389113476,3.370068489918373,28.603245822608823,3003.345784088905,0
755,2.443460952792061,50.62951546122742,29.085411959247253,3.2366362766744987,26.874951457721227,3044.2248181389523,0
756,2.5132741228718345,45.069060756447605,28.456212271380654,3.7295438080210355,28.016848405344746,2961.9013374147034,0
757,2.5830872929516078,45.12889587694014,28.582735917683404,3.4098097479953133,27.672275042654128,3046.7304333690463,0
758,2.6529004630313806,42.08565993961195,28.408212209829017,3.503689715744042,27.504894465421053,2948.8511713751323,0
759,2.722713633111154,38.9669673747171,28.63633463287269,3.377974991798387,28.252083382823812,3046.6288103111087,0
760,2.792526803190927,37.26540435022076,28.45341320408489,3.7553509629826,25.84106858672158,2931.3880165958103,0
761,2.8623399732707,33.356737726056906,28.235279427873422,3.670635231656803,26.705123479821793,2995.817773925276,0
762,2.9321531433504737,30.46604744125567,28.260379991069964,3.45185209176926,26.916122577492043,3065.017488868116,0
763,3.0019663134302466,27.218148968261275,28.095394927940923,3.2640205270474496,25.066700770934503,3027.890244329826,0
764,3.07177948351002,23.65022843048881,28.325844682649183,3.43061403902836,24.64024561773689,3016.84969154565,0
765,3.141592653589793,17.32458330542873,28.082043927252407,3.6140305399899426,24.646803200607273,2958.063394335033,0
766,3.211405823669566,16.98639029763022,28.016765744644516,2.037727140815953,24.76203013156485,2970.607950233266,0
767,3.2812189937493397,12.902922518523363,27.432954657142986,2.0218196088903975,22.987362475224497,3053.7758328412465,0
768,3.3510321638291125,8.724212476740812,27.74048766919437,2.0423397518939623,24.160057188935088,3018.893579650279,0
769,3.420845333908886,10.119043917186282,27.981716816878457,2.151759246299632,22.18704382326891,3035.6099698800226,0
770,3.490658503988659,7.202586561673466,27.788495188514702,1.991628159186991,23.936835024114917,3002.9517524992298,0
771,3.560471674068432,3.735681962032426,27.234852590420996,2.0900026900919007,22.897205689419557,2988.7307406394607,0
772,3.6302848441482056,-0.7434002000812776,27.38962024975439,1.8026161584509803,23.598357308476622,3030.6664652190175,0
773,3.7000980142279785,-1.8204292090652316,27.183868963032346,2.510770155395065,22.184195067054798,3010.3741213782387,0
774,3.7699111843077517,-6.432256582258549,27.551322931303464,1.9432281361367492,20.988391563422937,2993.2015999564783,0
775,3.839724354387525,-8.621246520547595,27.26529661071754,2.0407186015767955,20.180030726687693,2943.439717738344,0
776,3.9095375244672983,-12.899833726347856,27.051240621489487,2.113293104957242,20.602611639447083,3038.156331892783,0
777,3.979350694547071,-12.84603018973447,27.113349900958244,1.9178418975198919,19.98756369853046,3017.6010524655753,0
778,4.049163864626845,-15.369905019665868,26.66328226631166,2.0015649588498925,20.570627258652888,2975.7495180340857,0
779,4.118977034706617,-19.26066894022856,26.842410717415465,1.9991350549313551,18.50035959953941,3047.1701093651222,0
780,4.1887902047863905,-19.04793883802462,26.96623607433262,1.8171923814853246,20.494945461089642,3009.752499962665,0
781,4.258603374866164,-20.565326429247722,27.048298449708998,2.087717885107928,19.548223601741146,3010.535953563803,0
782,4.328416544945937,-19.026931705538466,26.596182256430254,1.6701556323482538,18.03267460806827,3035.3558230497933,0
783,4.39822971502571,-21.456223240511793,26.80155888429045,2.350541688483323,19.31937686746946,3026.748264812212,0
784,4.468042885105484,-23.646139523782644,26.987097989246628,2.1585941769956785,16.960311079002892,3011.746979165234,0
785,4.537856055185257,-23.943167920847735,26.600512697729357,2.1278244715306753,17.47847939341809,2992.4565978582,0
786,4.60766922526503,-24.687166724416006,26.840951150775698,1.6526715775133516,16.04285441079351,3079.3465661693813,0
787,4.677482395344803,-25.27695819305263,26.810627183042985,1.841494265341396,18.315357891231862,2970.6479671654392,0
788,4.747295565424577,-26.596228011941736,27.057888055630574,2.277869024161011,15.319412515682608,3029.838873559763,0
789,4.817108735504349,-24.980063107982698,26.772053296591324,2.83024827940792,15.31031451742074,2996.645633345107,0
790,4.886921905584122,-25.435496270528137,26.792490606629087,2.238938493011406,15.807220622569671,3018.188545098527,0
791,4.956735075663896,-25.538780990804568,26.96388909144351,2.20738868205019,17.25287007361339,3049.336932734811,0
792,5.026548245743669,-22.03071051146061,26.659779880238414,2.1049948456228376,16.86718839062974,2987.5368629212485,0
793,5.096361415823442,-21.136376465605583,26.854246893537226,1.8305005608579659,16.137982401099958,3024.0734536853465,0
794,5.1661745859032155,-23.125793350514634,26.853088392814925,2.199034816640066,16.82154713940824,3010.6222912203907,0
795,5.235987755982989,-19.15517012654243,26.93993274355291,1.7797585325806142,15.90933964932672,2974.347940228867,0
796,5.305800926062761,-15.813138686127006,27.132415880278376,1.7578829669720293,16.364101368876355,3050.3239599487683,0
797,5.375614096142535,-13.871648303957997,27.13751131843426,1.7452941349123021,17.40113087840562,3028.4475118269556,0
798,5.445427266222308,-11.902761882154902,26.995923863147826,2.1951445293003187,15.964889454547562,2982.618002739533,0
799,5.515240436302081,-11.201256860302703,27.186914835948286,1.9885171890144997,15.659962241765859,3044.143751089523,0
800,5.585053606381854,-10.193010427848009,27.452221110491234,2.020171619980876,16.788134569478544,2966.743213997079,0
801,5.654866776461628,-8.075884594198392,27.16995284242944,1.9969192125898632,17.170058471095018,2998.842629484595,0
802,5.7246799465414,-3.3294595333687234,27.38587189997971,1.774856691760355,16.858615265138816,2982.8310466177554,0
803,5.794493116621174,-0.5573002738173415,27.407660023116136,1.8658538187965192,17.790858958544856,3030.0524795608,0
804,5.8643062867009474,3.627847728996592,27.50246527593352,1.8759147587493095,17.06946064112392,2980.8126657786747,0
805,5.934119456780721,6.259063025858038,27.344977184671787,1.718945710554928,17.5980554810236,3030.3393246784417,0
806,6.003932626860493,7.397976003438252,27.88084960116643,1.8991579809399297,18.083172246938556,3023.7784057035615,0
807,6.073745796940266,8.777665094909501,27.634353185885463,1.7837387087207524,18.321437142883823,2984.990034103473,0
808,6.14355896702004,13.258550561280689,27.98690307437095,2.1155351257733983,19.70924317119668,3073.188703658252,0
809,6.213372137099814,17.186805473730175,27.823085740299923,2.132194212793365,19.058796517851384,2970.1906140110614,0
810,0.0,19.696875131915895,27.906174302215636,1.741272175472022,18.880325060437702,2943.6394365577294,0
811,0.06981317007977318,22.272200156369156,28.26567625606277,3.4406736471504,19.92014165828562,3034.2439654667473,0
812,0.13962634015954636,26.642116765657793,28.316090411673766,3.8712119762633406,20.691337177822845,2914.023682368502,0
813,0.20943951023931953,28.60008947468325,28.280793913825907,3.3038474204643413,20.900452756966605,3059.6726730532255,0
814,0.2792526803190927,31.461581886176898,28.44493740945135,3.585327563559013,21.261292840264897,3004.0701550610547,0
815,0.3490658503988659,35.85808570111025,28.36714125495234,3.5211043868005767,19.899389521719815,2942.9205970077905,0
816,0.41887902047863906,37.7001600682172,28.486828827533127,3.7185775115681814,19.51979767958028,2962.061419900905,0
817,0.4886921905584123,41.49237690883261,28.4641222164735,3.559093368271481,22.952366220128358,2934.6364529793996,0
818,0.5585053606381855,44.25617292477241,28.771512859474885,3.41374090441525,22.70191789839755,3015.3153181081416,0
819,0.6283185307179586,44.74119285152393,28.601330303075866,3.513352824294577,22.750538142388056,2946.9234331603097,0
820,0.6981317007977318,48.20358075009615,28.994118583364525,3.516273988790747,23.7364779873623,3020.083561227838,0
821,0.767944870877505,53.416292080529566,28.78621491930282,3.4816609635434355,25.130349155547936,2987.807033941857,0
822,0.8377580409572781,51.69839787738131,28.894850075175324,3.2361777089351964,25.119060763364367,2980.9854343915163,0
823,0.9075712110370514,52.285502238846696,29.059422107426215,3.7486177215195786,25.148060427490496,3020.3738386744635,0
824,0.9773843811168246,54.51392303511311,28.99842475024449,3.7132867175728648,24.047364841110596,3024.9404531851237,0
825,1.0471975511965976,59.01480809016474,28.994544237398532,3.2911621946260285,24.51634349690324,3045.832114881818,0
826,1.117010721276371,60.492108000511564,29.07404933838773,3.4398548735632493,23.56247420653668,2974.6488665507754,0
827,1.1868238913561442,61.54685717236775,29.246693378513783,3.4549828661291566,26.311317266833953,2998.8076214935627,0
828,1.2566370614359172,64.61882797667467,29.04183998623368,3.2686962399000836,27.00578160860957,2974.5869146987434,0
829,1.3264502315156903,59.65405603276543,29.145419320440205,3.1266407464475465,27.3653288819045,3006.519499021872,0
830,1.3962634015954636,64.9102496971956,29.183312312715273,3.3658814696175328,27.22633681553551,2968.8684125891946,0
831,1.4660765716752369,67.09564259427766,29.32311405377108,3.4287195319497616,26.812715261368915,2983.0361307799794,0
832,1.53588974175501,63.280916068521734,29.1842921863422,3.2117533333271964,26.71047554428115,2983.2399796091577,0
833,1.605702911834783,64.40287744817446,29.470513856596973,3.535395552817096,26.702386196979997,3011.7344377610884,0
834,1.6755160819145563,63.624147415729375,29.169945487784666,3.732571260663268,27.406592246237377,3000.118198689383,0
835,1.7453292519943295,62.974829816433065,29.146116757853857,3.6684232292330536,26.90274788866421,3020.2520642307486,0
836,1.8151424220741028,63.17391467488528,29.138700053288535,3.4746628693682564,29.209752118134407,2995.7201367141633,0
837,1.8849555921538759,64.93877115880868,28.94377160525548,3.131917660695761,26.85479027578089,2976.8098933276215,0
838,1.9547687622336491,64.47935346873672,28.95711159846634,3.6431404681318096,27.80201547997195,3007.651315890299,0
839,2.0245819323134224,59.941823245902285,28.998952822098136,3.5292784338129115,26.444619098780898,2963.3126422643663,0
840,2.0943951023931953,61.82873349139645,29.20960496186885,3.584870221843604,28.235573259942814,3022.766312631174,0
841,2.1642082724729685,57.360055480453816,28.989876178161747,3.887220560060503,27.971934686732336,2988.5813924814065,0
842,2.234021442552742,58.091020452354115,28.87291627588571,3.3350376740938694,27.63481769920764,3008.1807763879815,0
843,2.303834612632515,53.3015691720025,29.075754002413863,2.9250368133755913,27.091588834065025,3008.8009601978106,0
844,2.3736477827122884,51.456213409724086,29.066266614484636,3.289309084438049,27.72890913008687,3064.0618193754217,0
845,2.443460952792061,49.47365414485853,28.95965250076001,3.5972090136535644,27.152594089971657,3015.2633480625113,0
846,2.5132741228718345,51.2186168722126,28.577378803165693,3.505385180349608,27.312666663404887,3002.928758122791,0
847,2.5830872929516078,45.12329525276141,28.561615824050797,3.2568727740802634,28.7956869261118,2972.3051672055817,0
848,2.6529004630313806,40.0653235304379,28.83542628589028,3.216056523364714,27.149587865134023,3032.09540619722,0
849,2.722713633111154,39.756645743824805,28.524254925490965,3.429078196836521,27.195825816268496,2989.191779183499,0
850,2.792526803190927,34.84815764402859,28.37028011225639,3.250781066023639,26.132409506098796,2938.980794162942,0
851,2.8623399732707,31.669055737413174,28.438517021180026,3.604126683650905,25.588939251372523,2992.1964711095466,0
852,2.9321531433504737,30.718928126637337,28.40058888908503,3.417714622274746,25.890085516787217,3007.6595917747286,0
853,3.0019663134302466,26.309417924859687,28.08129028551284,3.3745764231336577,27.584514936116182,2967.2597720938925,0
854,3.07177948351002,23.556905190253357,28.11662376228594,3.348344719415399,25.006906326233718,2995.272787795611,0
855,3.141592653589793,20.020977832797946,28.138984010382558,3.5526245453161187,25.165703474317077,2997.140686534036,0
856,3.211405823669566,17.365833371422536,27.742249159613074,2.008521844752007,23.839524890834763,2997.763684228967,0
857,3.2812189937493397,14.374659302951274,27.834844097461843,2.0403914539725188,21.911525863671855,3049.3856747886184,0
858,3.3510321638291125,7.738523514142718,27.583347523061082,2.0360258887611624,23.087070530703112,2947.5376855526115,0
859,3.420845333908886,8.596177991149347,27.52169809848058,1.9855608926806587,25.2183208385485,3081.3520983674225,0
860,3.490658503988659,3.1360644205994594,27.505110816387152,1.7933738833083819,23.37848259924877,2998.6865871923515,0
861,3.560471674068432,-0.46659764175010876,27.58348395899096,1.8539239746537475,23.79893158779022,3023.2084493580983,0
862,3.6302848441482056,-1.2138371911531132,27.38833073036121,1.9210650189722127,21.78966762282256,3005.1134506615144,0
863,3.7000980142279785,-3.7203953855225356,27.266834164174895,2.4130390476176644,19.76370317556203,2930.9590571293925,0
864,3.7699111843077517,-7.490595600019708,27.302390881747776,1.7302327359166376,20.345232721549774,2957.7368938005648,0
865,3.839724354387525,-7.678894649392303,27.056610459136188,1.916204699336622,21.13659224369716,2979.0289648144885,0
866,3.9095375244672983,-13.272889420211243,27.23073043812429,2.0196534120220977,20.601589881733954,3039.7487927246784,0
867,3.979350694547071,-14.051932769641569,27.277934223720873,1.9393334493455014,20.00342513205018,2944.6271545700115,0
868,4.049163864626845,-16.337795114701994,27.04250648952373,2.2147939082875476,19.19751682080201,2965.7705029183567,0
869,4.118977034706617,-17.376571670485873,26.97475756393892,1.9383004138994266,19.995027202065888,3006.5940336111303,0
870,4.1887902047863905,-18.552846743328868,27.01678556844101,1.953091720169878,18.47714652152009,3018.9142579113172,0
871,4.258603374866164,-21.957571507897825,26.61717673161627,2.1629257027232636,18.77465554449931,3017.70883507326,0
872,4.328416544945937,-20.636849439321086,26.967901993009537,2.3621423325836752,18.351756044300068,2960.639795451051,0
873,4.39822971502571,-22.703039680779856,27.324015051007546,2.2814996747896656,17.586318194669595,2936.0803455923465,0
874,4.468042885105484,-26.501227062387706,26.817243695301595,1.9726692231781713,16.88177671421706,3021.5623857285213,0
875,4.537856055185257,-27.254236046144907,26.8003619413279,1.9900971576535194,16.97214349210754,3057.324957661589,0
876,4.60766922526503,-24.77196423096627,26.918114775573024,2.0093438489568407,18.56292867820743,2986.1879353849727,0
877,4.677482395344803,-25.304038192538837,27.047530907806777,2.029399881692517,17.728060776803677,2954.2125406206387,0
878,4.747295565424577,-25.127717386221256,26.946976184242203,1.830530377130437,17.453632951172974,2982.8047871014064,0
879,4.817108735504349,-24.79545897636763,26.48323269377054,2.1873187597710877,15.833496909010613,3015.7625029353894,0
880,4.886921905584122,-23.978009126284096,26.90274052203476,2.041321825544557,15.164839689845124,2990.6742737289346,0
881,4.956735075663896,-22.241833267647397,27.221434650255055,1.9910287622369371,17.072206506479358,3056.2877456605925,0
882,5.026548245743669,-24.46420058465825,26.952098337459738,1.7457709246881854,16.827126290126586,3036.9988287761716,0
883,5.096361415823442,-23.481230844856626,26.714189087529093,2.0124572416981223,16.150141079862713,3007.37352264817,0
884,5.1661745859032155,-22.08571787029359,26.96372158810379,1.6213575393558388,15.709974260407634,2921.8270840148257,0
885,5.235987755982989,-18.53776816954668,26.768666427757513,1.8836701311935535,14.830514905707613,2972.309454846355,0
886,5.305800926062761,-15.439269697007223,27.190075466324277,1.8873804587041603,16.72007870096476,2978.0791069461734,0
887,5.375614096142535,-16.107493069661743,26.911004707467747,2.0573990386175236,17.028658109853456,2970.13536073408,0
888,5.445427266222308,-17.194066912722242,27.11936275463093,2.375970004989059,15.618910610317977,3007.632850874597,0
889,5.515240436302081,-13.815615964570455,27.037742955150428,2.1143814931330875,15.662980657791525,3008.457683241409,0
890,5.585053606381854,-10.1749975200883,27.146687659743954,2.2896804145271226,17.404686738023994,2933.0370052737912,0
891,5.654866776461628,-7.286929684404123,27.517580294128106,2.1290424346207155,16.064347454786994,3032.183922482446,0
892,5.7246799465414,-4.458949831376349,27.37961545765421,2.225010697937523,18.193505241707697,3000.6449482530534,0
893,5.794493116621174,-1.0683486408937104,27.352753753598073,2.3714254705886213,16.900912501287465,3014.3056565403444,0
894,5.8643062867009474,1.2292315653553234,27.34013183267603,1.853632633539549,16.921218584617414,3029.793053394741,0
895,5.934119456780721,6.183102966160023,27.308820605049284,1.8405791131736993,17.532105074327525,2969.321211226393,0
896,6.003932626860493,6.582293029712957,27.481543077991198,2.1337621800954643,17.474206953396454,3050.3562275726326,0
897,6.073745796940266,9.350496973987491,27.767299857235347,1.9992643091875508,18.992518221532013,2994.3282577165132,0
898,6.14355896702004,14.455523764577727,27.980027344156323,2.044070766561392,19.127273979425908,3060.5018890626775,0
899,6.213372137099814,14.557495576625207,27.83223950764372,1.9502666215785278,19.633636552051783,2964.242702588753,0
900,0.0,20.584537557980003,28.23558154010785,1.8807482565950566,19.271062560930034,3057.5298642772354,0
901,0.06981317007977318,23.29287109407504,27.976082705158717,3.824152933755005,19.132672698446118,2963.8406390252976,0
902,0.13962634015954636,26.041625808325694,28.131305962720095,3.2800277772360174,19.877005299664557,3101.951251464224,0
903,0.20943951023931953,31.738440247523062,28.087557520930723,3.637278451848309,19.94050697049535,2961.9266494646363,0
904,0.2792526803190927,31.470369843822883,28.479379087165576,3.60484565714609,21.85952399388088,3042.2634688182156,0
905,0.3490658503988659,38.48135370544121,28.725050764097485,3.184197340485951,21.899648615569923,2985.5042310523,0
906,0.41887902047863906,37.965001764568854,28.223811427550533,3.333843934001281,21.440589319566772,3028.600895346662,0
907,0.4886921905584123,39.21069565790974,28.511441565047864,3.3674618878100264,21.190974623814842,2998.3789973149733,0
908,0.5585053606381855,43.95124626198646,28.82562009413735,3.612916822663318,23.5835036919957,2956.3507849854914,0
909,0.6283185307179586,44.83596855268314,28.488300474537127,3.42659297881389,22.877147384115712,2888.126793707503,0
910,0.6981317007977318,47.79780866417402,28.85634771766951,3.4828820386778387,23.07689359698079,3100.3033318477155,0
911,0.767944870877505,51.85517662067811,29.01681087458193,3.2084705286030544,24.828223382790373,3002.9209690246007,0
912,0.8377580409572781,54.27489027945793,28.9035081127264,3.965182343343063,23.580276779984782,2882.258796882678,0
913,0.9075712110370514,54.52723236192111,29.028152364969085,3.5142391237478994,24.123142448185302,3012.1043442585965,0
914,0.9773843811168246,58.78779848254648,29.25898044498519,3.599800179459389,24.5721381886761,3027.5834662611933,0
915,1.0471975511965976,60.70740480733144,29.3314944676565,3.3918749022869554,24.06852080196567,2971.39676865944,0
916,1.117010721276371,62.60018471830745,29.069257773603827,3.3694745345864296,25.724186243971605,2971.6658184838557,0
917,1.1868238913561442,62.517393566194016,29.032763948085258,3.8825369309907063,25.194630691983257,2999.2063261184007,0
918,1.2566370614359172,64.84268630141045,29.00327080289313,3.1166556785986743,25.66230246479174,3048.103769230487,0
919,1.3264502315156903,60.842110040458756,29.3108994940955,3.5557294136861555,25.849638061429957,3003.998404792921,0
920,1.3962634015954636,63.83948906260667,28.976002969946006,3.2576992217784215,26.216336275870937,3058.5290121736994,0
921,1.4660765716752369,63.45297740708716,29.155540168743247,3.418999769120599,26.264837176738116,3045.24876690121,0
922,1.53588974175501,65.1514260075504,29.214672458066087,3.3723811064651956,27.35966885590524,2990.8486090294596,0
923,1.605702911834783,64.1154133870642,29.123818615515102,3.3028044633161504,27.23820355986404,2937.1790496322733,0
924,1.6755160819145563,64.50424852864771,29.235399314194797,3.5070883459412654,27.57573863613603,2990.933166448146,0
925,1.7453292519943295,67.13961120585543,29.566446301358564,2.986394170538787,29.568039352951217,3021.059296015801,0
926,1.8151424220741028,63.40872798778928,29.146115082979215,3.4369023036162605,27.68053992124818,3002.3957390551786,0
927,1.8849555921538759,63.418231709067236,29.075956975440075,3.481942004930005,28.380645616022463,3025.376993267652,0
928,1.9547687622336491,61.37486946061908,29.26492039913742,3.2281446907187976,28.53465778095211,3034.536799045989,0
929,2.0245819323134224,60.55930201539776,29.114490402180827,3.8026437442898766,27.943308530034177,3021.2343421366354,0
930,2.0943951023931953,58.98016819095385,29.255130850223033,3.381108325040537,28.217368676140392,2988.986857837907,0
931,2.1642082724729685,57.979176863936615,29.019548230039007,3.452503151507033,27.99040020674798,3020.7953389996806,0
932,2.234021442552742,57.20844521562326,28.90834942313241,3.3815561672170595,28.082296698688456,3089.4193692611575,0
933,2.303834612632515,55.912608142887734,28.62421505735869,3.483686775913883,27.36860201541056,2940.4048175731596,0
934,2.3736477827122884,51.72405679351862,28.590629840479036,3.76162881870121,27.331570613952916,3019.4914986756585,0
935,2.443460952792061,49.80976276494768,28.49599032805978,3.994603160784695,27.601700604609512,3073.2801314022295,0
936,2.5132741228718345,44.72403958938295,28.762243177693602,3.6491278407401317,25.844638059817427,2953.0164001566222,0
937,2.5830872929516078,43.71455177687079,28.431565695099728,3.717598753394354,28.426601156389665,3040.0440036738364,0
938,2.6529004630313806,42.53665452269048,28.75170248023098,3.843285496295416,28.74053250681927,3045.388689782665,0
939,2.722713633111154,39.60210189603675,28.492620956419355,3.5497742153532914,26.90581225782904,2940.9261538036453,0
940,2.792526803190927,35.70832104884767,28.373796134125552,3.814050174722374,27.036356668443997,3028.4944685767277,0
941,2.8623399732707,33.73327195111692,28.20418656569975,3.6584802264780807,27.08133379515273,2989.1473639535548,0
942,2.9321531433504737,30.092176150289898,28.342832841221842,3.5287974718623145,24.84871589588352,2997.582168139606,0
943,3.0019663134302466,28.063248930591943,28.046333048220717,3.5700682068902934,26.32399648846194,2987.001810991212,0
944,3.07177948351002,23.573080053921316,27.93590106788247,3.135716607326435,24.895696646601507,3052.507563657385,0
945,3.141592653589793,19.466452526643454,28.178252488090802,3.5584238520892297,26.709132615478694,2995.515159184023,0
946,3.211405823669566,17.364720566913917,27.969485405623303,1.6912504959107406,24.351636046908236,2981.467458613975,0
947,3.2812189937493397,9.341318893017888,27.79775286461068,1.6749461696777785,24.842289272930586,2982.1449794663117,0
948,3.3510321638291125,11.218302517778415,27.846720918728746,2.038575737805045,23.576205251960328,2986.3604017644366,0
949,3.420845333908886,2.1236997504128707,27.670574953986204,1.7771842809599891,25.071107421729845,2956.8185792027784,0
950,3.490658503988659,2.023898439236784,27.64702780057695,1.9985772497393244,22.492290189837835,2981.114637697221,0
951,3.560471674068432,2.3745039630004845,27.389388842952723,2.0276869038699727,23.41826325680937,3004.706784988137,0
952,3.6302848441482056,-0.40992631946489666,27.747193915993524,2.036609920163427,22.569187716729697,3016.1752567993003,0
953,3.7000980142279785,-5.590010060704112,27.277153887768723,1.8191757185915798,21.972616027898688,3048.1615623137122,0
954,3.7699111843077517,-7.518489415979695,27.52806014629153,2.17973647649624,21.415405845155547,3009.6391559816702,0
955,3.839724354387525,-6.869630952973067,27.200324540980482,1.9821529527067843,20.285362420704335,2981.0212108161254,0
956,3.9095375244672983,-11.985671868013895,27.28747452279745,2.0882151360342323,18.34265374463753,2959.5584002474016,0
957,3.979350694547071,-10.077136677878254,27.218359734281048,1.7607120772106006,20.871277856082052,3011.779475232264,0
958,4.049163864626845,-15.463363692067013,27.22641485894444,1.9643344886408025,19.23064474247564,2995.3051687696866,0
959,4.118977034706617,-16.694636499654962,26.879061356859328,2.219458896654024,20.178934767568915,2996.627310239433,0
960,4.1887902047863905,-16.545831572551815,27.122114825650502,2.1940355263617404,19.15958207505339,3010.501180685924,0
961,4.258603374866164,-20.24919140917238,27.198413122077717,1.8405414634151211,19.488607473185247,3020.7755632497892,0
962,4.328416544945937,-23.22678942654163,26.848575427633577,1.890888361885031,18.837007528361564,3010.7894089654587,0
963,4.39822971502571,-22.962134410823342,26.863938090517134,1.8022626539872362,15.909364004976004,2993.1792758702118,0
964,4.468042885105484,-23.71672378670498,26.75712813209678,1.8687174163478237,18.07873004804711,2967.9447278382627,0
965,4.537856055185257,-26.36346136385171,26.766265258557585,1.7201864918586942,17.039067172994322,2975.4886092449588,0
966,4.60766922526503,-25.13723339858354,27.063287145397943,1.9723648255183053,17.996040201863774,3033.9303930050173,0
967,4.677482395344803,-26.08587535685546,26.650095828657555,2.126627679636569,17.311068482300175,2983.0565504641313,0
968,4.747295565424577,-23.586050580078155,26.659413184299467,1.8429894272397842,17.119697196519876,2946.1582883025017,0
969,4.817108735504349,-24.701567480294422,27.04820886602023,1.9818787434677647,16.244873637863865,3046.3829872604892,0
970,4.886921905584122,-24.74054250927072,26.911912960268605,1.9559003184737287,15.584906154532401,2962.3048603107673,0
971,4.956735075663896,-23.822580578353712,27.153700665825184,2.211023746319644,15.848701566696041,3001.409884152281,0
972,5.026548245743669,-22.462860205672666,26.791166384771937,1.8776816326391157,14.66339867254187,3019.646523408378,0
973,5.096361415823442,-20.798052155970765,26.90632154510549,1.8849567784698298,15.568066910879356,3000.128735021511,0
974,5.1661745859032155,-21.945300426466588,26.82234560287523,1.8307957743415277,14.835078890842857,2900.874484171539,0
975,5.235987755982989,-20.53352461923165,26.982264690755827,1.7724980959843024,14.85147798608939,3015.619519864269,0
976,5.305800926062761,-15.649671941873097,26.739040408341303,2.105836998289394,16.119341423242926,3053.0585300050166,0
977,5.375614096142535,-16.078989220609575,27.157130279170186,1.9729778407339043,16.506989169483894,3031.4612891199945,0
978,5.445427266222308,-15.566780285378071,27.156747321950977,2.0109619719646603,16.13674976897076,2915.0402407201814,0
979,5.515240436302081,-10.593907606580235,27.157776756079315,2.2549282312390795,15.874027940512503,3085.089772920108,0
980,5.585053606381854,-8.230387726845253,27.170100219686205,2.266416145185574,15.65391066822581,2946.9659379226277,0
981,5.654866776461628,-8.746409239046361,27.16044459914382,1.6707531384330392,16.32408463121001,2956.863221614218,0
982,5.7246799465414,-3.50214431729885,27.47325381972507,2.1295669346191133,16.112478642440394,3031.275103741492,0
983,5.794493116621174,-0.022845686722525516,27.26097062680142,2.045129385142238,16.937889313882984,3018.113658035693,0
984,5.8643062867009474,2.2584307391483884,27.588700415116424,1.9076818001708127,16.013242530847606,3003.213404209592,0
985,5.934119456780721,5.557065775987005,27.900743537230618,2.0655367374055884,18.05707273592139,2977.2237503121423,0
986,6.003932626860493,5.489915341098887,27.892063396316246,1.654723352955843,17.329887443227115,3053.234269129193,0
987,6.073745796940266,11.1405341456951,27.52473677961809,2.29252846855528,18.392553832679738,2998.4269659927345,0
988,6.14355896702004,13.283280817591365,27.752481569796426,2.1029888194143815,19.12840346427055,2937.367319615018,0
989,6.213372137099814,16.13677344342742,27.97950984259035,1.826960451033468,19.025448223395916,3049.2919979991384,0
990,0.0,21.30583341412959,27.98945771169785,1.8829179556360953,19.76274820005325,3008.771399718687,0
991,0.06981317007977318,25.357953084496984,27.87379691075059,3.1593707048905117,17.84444488680955,3044.6002682915187,0
992,0.13962634015954636,28.954344625103484,28.224805113873103,3.437208550032749,19.489971174643635,3022.901944938233,0
993,0.20943951023931953,31.328237894058027,28.247991494713865,3.4034536045518835,21.163525737182834,3095.6649098482276,0
994,0.2792526803190927,32.239079739319685,28.617913638270966,3.234977922575248,21.09363041398749,2987.601189128311,0
995,0.3490658503988659,35.919986694194606,28.372439866598185,3.6553404467419557,22.576600248972213,3000.643729652849,0
996,0.41887902047863906,39.45338324608737,28.66328447948995,3.7553594379388953,22.877312157026154,3028.7932257583916,0
997,0.4886921905584123,41.30798724931427,28.373302614873573,3.4945279019911046,22.17182829679237,2987.8483085677317,0
998,0.5585053606381855,44.04251317236154,28.481701722395368,3.4388706234307262,22.1492490463248,3032.1055083532115,0
999,0.6283185307179586,47.685966050975566,28.81359159672239,3.5869969204263588,22.001049105226677,2882.103477360493,0
1000,0.6981317007977318,48.83651846685537,28.93390474871495,3.4960722075009913,22.800380712709977,2997.088669766973,0
1001,0.767944870877505,50.16569626609438,28.689981135639638,3.2835641567537626,23.261903680223714,2995.8803012533417,0
1002,0.8377580409572781,52.81980754772895,28.89538540154546,3.3694644026825475,23.513636476781866,2994.4313914604745,0
1003,0.9075712110370514,56.411349478903105,28.738376028298703,3.440712798650394,23.643613771056092,2964.922922059662,0
1004,0.9773843811168246,57.31118070177681,28.967662113120227,3.549637318895339,25.078006617394347,3036.244913541852,0
1005,1.0471975511965976,59.481458135602246,29.164768902384946,3.501867343575294,26.47908788179293,2979.8222070491224,0
1006,1.117010721276371,61.450850946765804,29.01330908068858,3.5420738759974233,26.218203366215054,3008.0109760028795,0
1007,1.1868238913561442,61.16101126115902,29.075265419588572,3.1950344033432154,25.546570441109758,2998.5134544114258,0
1008,1.2566370614359172,63.931915478726616,28.971798509809776,3.633043548816986,26.930102928721205,3020.014568314152,0
1009,1.3264502315156903,64.23157158760743,29.067101109487457,3.5006831768017026,26.690507138422394,3057.2384319561556,0
1010,1.3962634015954636,62.464129255182144,29.4454859410468,4.010541810830031,26.653428957764618,3007.804154208535,0
1011,1.4660765716752369,66.91694247835167,29.2043650081995,3.4224731259647174,26.853470567432844,3033.6558810552597,0
1012,1.53588974175501,64.22147010022393,29.048922827425326,3.5646916990218744,27.001945403418652,3005.7948068735836,0
1013,1.605702911834783,62.48994420108153,29.152053199935217,4.065843832441701,27.883530932042426,2979.7596722429403,0
1014,1.6755160819145563,63.185919727192854,28.953812131266943,3.538818325900636,27.649068191390676,2994.337698537602,0
1015,1.7453292519943295,62.78478114453188,29.02964534979362,3.486473892144797,27.102270653719778,2988.6583047430877,0
1016,1.8151424220741028,63.74156766040614,29.368405832388163,3.3026156210498696,27.183507178847258,3022.726485276781,0
1017,1.8849555921538759,62.38676747496256,28.43673118367847,3.805653273441797,31.65060440395094,3004.2660816907674,1
1018,1.9547687622336491,61.21802550404455,28.669983448096307,3.268179682764686,32.033073278369436,2968.22941669752,1
1019,2.0245819323134224,61.375285031686225,28.29492154440428,3.5854241833696245,31.69488242205892,2991.121509435472,1
1020,2.0943951023931953,59.4809562120888,28.221422113150993,3.405288935738324,31.26582008434137,2938.9633320369567,1
1021,2.1642082724729685,57.78076257094331,28.235485212304457,3.4621327474843957,33.36900946348741,2992.6158724539832,1
1022,2.234021442552742,56.07522659829553,27.646148336870947,3.2152135462779885,33.36682988866947,3000.05223471617,1
1023,2.303834612632515,54.36571914848609,27.980855827415404,3.768625444346779,31.08491096868605,3072.3379280154377,1
1024,2.3736477827122884,48.097696657988706,27.84150077805485,3.4444405388163446,33.85690322649064,3053.938082433779,1
1025,2.443460952792061,48.37878505749758,27.96642724078302,3.2569820682213932,32.700579893986934,2958.6370160941447,1
1026,2.5132741228718345,43.18002125642709,27.77913805542611,3.7505381194080183,33.07504887243749,3008.070776773271,1
1027,2.5830872929516078,43.90045678069092,27.351860776217126,3.3991726373925393,33.86252010978432,3008.7724125648833,1
1028,2.6529004630313806,41.119270867028575,27.592615648525214,3.5669214583461444,34.27737636253528,2990.782505889408,1
1029,2.722713633111154,39.87144735059554,27.24858334166052,3.668283276426873,33.73662402238502,2993.3324590047514,1
1030,2.792526803190927,37.17235803873678,27.031520305271805,3.594806866114864,33.08290597391023,2985.842010268312,1
1031,2.8623399732707,32.70784358414354,27.074012000255195,3.060672889900193,31.723375861823776,3074.908339475332,1
1032,2.9321531433504737,28.605484470703818,26.889677879694553,3.6390713401955574,31.116167483759448,2983.352629862642,1
1033,3.0019663134302466,26.990531212021565,27.025294340737876,3.4798772474669746,33.333903042502364,3013.6374857439705,1
1034,3.07177948351002,22.347164862499177,26.719235463666852,3.4341942606393334,33.58177502144008,2898.8387946508333,1
1035,3.141592653589793,19.997911022834984,26.572200797451824,3.4781850102049554,31.717440109297655,3032.9427353359943,1
1036,3.211405823669566,18.340163156955533,26.549658821672992,1.6779934412117836,32.000323001106345,3047.3701922900973,1
1037,3.2812189937493397,12.900553437812915,26.452110117718153,2.0384341829323605,31.605134557322287,2957.918798835975,1
1038,3.3510321638291125,11.852491872064594,26.280151399738315,1.727121725258138,31.408319814741883,2979.524529996463,1
1039,3.420845333908886,8.6124210412735,26.251176926935575,1.9428320580886738,32.55152694471097,3018.060140805055,1
1040,3.490658503988659,3.1769058246486783,26.0068179913587,2.0312528863076422,31.675974154251037,3000.7784277764977,1
1041,3.560471674068432,3.1576922539151098,25.819921117849184,2.2148074175975228,31.123255366057343,3018.6547836207687,1
1042,3.6302848441482056,-0.07837080730783197,25.862284872219977,1.836077368028057,33.23556771905012,2988.5103574170093,1
1043,3.7000980142279785,-3.6934780594352308,25.547154968576375,2.2903174743691976,29.764638134882247,3074.530615482061,1
1044,3.7699111843077517,-7.593821540202765,25.453254749787977,2.1893706507030295,31.154836088684554,2973.2103947144396,1
1045,3.839724354387525,-10.21425146375762,25.59741904947664,1.9141180515018927,29.68539760953952,3107.6629885219286,1
1046,3.9095375244672983,-12.066120536009416,25.477143786567137,1.7782501467194793,30.212457601852115,3049.6769566939656,1
1047,3.979350694547071,-12.627625451544791,25.131362618731977,1.7112367635539156,30.27888368699287,3033.2846114953727,1
1048,4.049163864626845,-16.89392166340459,24.967634707838144,2.0543507703066277,30.666901920216368,2958.380894625708,1
1049,4.118977034706617,-16.65042239204706,25.16282885514598,1.8525431700918373,29.625118953898962,3036.387295347799,1
1050,4.1887902047863905,-20.833776463617315,24.975947754745413,2.239871361056343,29.39677570353513,3024.1575372272246,1
1051,4.258603374866164,-20.75183496012078,24.820817386588764,1.864095234034346,29.338544794817345,2915.215583893083,1
1052,4.328416544945937,-21.558801823644416,24.648049090428227,1.8198658039896056,28.586242691579304,2943.815987711151,1
1053,4.39822971502571,-19.129848015693533,24.674354858108572,2.0467252702488627,29.862979823026237,3014.30511705662,1
1054,4.468042885105484,-25.729281165700392,24.555174618759917,1.8627906285681153,29.509193387315015,2994.6680111333676,1
1055,4.537856055185257,-22.10832703581416,26.7185799694494,2.0017099986737605,17.66214249853795,2979.340871617967,0
1056,4.60766922526503,-24.528721670591384,26.825930074846156,2.197197866011704,17.00839685002277,3043.1579677782183,0
1057,4.677482395344803,-24.355829338835363,26.840544614423024,2.023445866333745,16.68380011827866,2964.648828463227,0
1058,4.747295565424577,-24.795065345777,26.74442174753905,2.0241928921405448,17.577802236732072,2981.790362279358,0
1059,4.817108735504349,-24.086395064279454,26.942147578849497,2.041029341781684,17.28009705055608,2974.1188084793216,0
1060,4.886921905584122,-24.546876542092395,27.011555555231997,1.6613802019429214,17.446831577166144,3020.406770315189,0
1061,4.956735075663896,-21.48223241023366,26.981129782517115,2.078367549986098,16.49308661506916,2931.2216720071597,0
1062,5.026548245743669,-23.482249949618996,26.817294922663717,2.031986315345179,17.185443757490965,2980.0931259259837,0
1063,5.096361415823442,-20.024921597236563,27.00075260014811,2.1785794653966843,15.707475786740341,2931.0893911734925,0
1064,5.1661745859032155,-21.412282763782052,26.933141354060005,2.1211621602274238,15.845724741561337,2987.4849809903244,0
1065,5.235987755982989,-19.06152093990167,26.77540761867378,1.9596102736788972,16.957751232041208,3028.9219603903007,0
1066,5.305800926062761,-18.91463459341222,27.10606431970861,2.206478578302138,16.70089557607015,3029.6358598098846,0
1067,5.375614096142535,-14.777948331781198,27.076306841815477,1.941473860477456,15.84738969234881,2970.8960666893013,0
1068,5.445427266222308,-11.273828211092958,27.497258409737523,2.049431420815541,15.325177964295165,3021.332878116637,0
1069,5.515240436302081,-11.375660940386174,27.38500058494099,1.9377701139041288,16.109888972789246,2992.5934631102023,0
1070,5.585053606381854,-9.220770983950146,27.335327391916334,2.092351560984642,15.863942444995322,3054.4433989231366,0
1071,5.654866776461628,-8.12226179776319,27.33203327244226,1.9247020434724476,17.957441811092718,2994.801485541042,0
1072,5.7246799465414,-4.190305870822722,27.38865522117886,2.3295103217883133,17.378289590238392,2881.0781055086713,0
1073,5.794493116621174,-3.5154117149473776,27.286080714111964,2.4034725474451277,16.37541584567062,3035.787240348439,0
1074,5.8643062867009474,0.32753408151075325,27.251067944229053,2.174787650837201,16.394475181578724,2981.6360320304366,0
1075,5.934119456780721,4.949272619508616,27.458691961646963,2.3082593298828056,16.873368054329163,2989.0320019140227,0
1076,6.003932626860493,9.574838784847104,27.662077620294035,1.6921571038281906,17.3364521501146,3013.4369388896203,0
1077,6.073745796940266,14.857790205045061,27.43467507928734,1.7157244513450012,17.95818799741611,2943.0116834770106,0
1078,6.14355896702004,12.857332829190684,27.75134401000701,1.9356878866737575,19.31026306047031,3002.986142995146,0
1079,6.213372137099814,19.013908916482546,27.879150276538386,2.0082461930517757,17.989938004768714,3021.3798797954205,0
1080,0.0,20.365628720602473,27.967686016977183,1.9603585163800668,20.955076564252025,3014.5625675785227,0
1081,0.06981317007977318,22.912169848366073,27.984449228764728,3.171572950073409,18.743116107629888,2976.042749958663,0
1082,0.13962634015954636,26.911681220792175,28.115780648994868,3.7303183412647294,18.757018320731063,3039.67727854085,0
1083,0.20943951023931953,29.448900812319106,28.50807810319989,3.9308396466713873,21.631708264010346,2960.100162030162,0
1084,0.2792526803190927,32.569274600183284,28.43008661920399,3.7561975358345245,21.74325126320408,2974.9791347048667,0
1085,0.3490658503988659,34.77840670541509,28.32637905545608,3.7171046537572945,20.951950598326015,2994.559942578914,0
1086,0.41887902047863906,36.20598444871273,28.47783180343667,3.5452239210291205,21.81887362515216,3011.818734370874,0
1087,0.4886921905584123,38.81078252158196,28.55911887499523,3.3314005258545727,22.25740988451347,2987.01826726576,0
1088,0.5585053606381855,44.826234215416065,28.52070980201882,3.5145056105271935,22.46020188442749,3049.143475960064,0
1089,0.6283185307179586,46.035286218032724,28.58997277008939,3.9211176073683007,21.73061644490389,3011.811448544046,0
1090,0.6981317007977318,48.03130908641002,28.922923734672853,3.429602377498589,21.195453819005174,3003.026318547995,0
1091,0.767944870877505,51.272385110739606,28.770622387923275,3.4090085504352117,22.912720261156473,3010.405446364927,0
1092,0.8377580409572781,54.63391552585618,28.727569332518243,3.7214607318207826,25.441159359783995,3029.316237238468,0
1093,0.9075712110370514,55.73102982684209,28.93914185271765,3.734737210149119,25.862614771430255,3009.630995725641,0
1094,0.9773843811168246,56.32260836001543,29.01254655003542,3.330419638845039,24.547275775782865,2927.6193266740365,0
1095,1.0471975511965976,60.81058260377316,28.743324850912252,3.4477030773525157,24.355404761260203,3043.5803545611548,0
1096,1.117010721276371,62.81451033793496,29.07244090188642,3.3996189008197133,25.69409492741435,3004.787008323044,0
1097,1.1868238913561442,62.465108438489715,29.242817615632383,3.513937875812218,26.155691444099638,3027.39411228887,0
1098,1.2566370614359172,64.25803850029804,29.208952227382458,3.7207373341902987,26.599455466075884,2983.7622589586736,0
1099,1.3264502315156903,65.52624767764055,29.49882413881044,3.3391944957743815,24.39156349868121,2926.9313381565235,0
1100,1.3962634015954636,66.01149786015613,29.369435725961477,3.7179329624473874,29.21219738557422,2908.8436152050267,0
1101,1.4660765716752369,65.67463405724124,29.41076637815456,3.5203302497842617,27.84194848238567,2962.225288425689,0
1102,1.53588974175501,65.87010778647164,29.619281882810064,3.9652384272628556,27.003606550817533,3020.691769474302,0
1103,1.605702911834783,65.75207807587906,29.312992431689104,3.5637661768741746,26.787895929723927,3051.9156381985713,0
1104,1.6755160819145563,63.10747877975174,29.217886805631835,3.480616286074147,28.327176680833222,3012.0788490110367,0
1105,1.7453292519943295,65.36743362083874,29.32783034762935,3.6149429454231985,28.081324583809003,2957.9109036250334,0
1106,1.8151424220741028,61.62958672573001,29.080469406521946,3.432570752422558,27.878706856555148,2968.635034254254,0
1107,1.8849555921538759,61.60564405059433,29.157420767478428,3.140945375329635,28.26335522514602,3054.431323946047,0
1108,1.9547687622336491,63.67862105721757,29.0154614790184,3.4518957651457804,27.869482418103637,2947.568765178338,0
1109,2.0245819323134224,61.70606232750381,29.138250539193432,3.448741278186155,28.315083642099438,3084.0709152605746,0
1110,2.0943951023931953,61.20224060482853,28.941444121338353,3.1815365078900375,28.579419651667166,3075.0415010329853,0
1111,2.1642082724729685,56.89917918944594,28.891805812086794,3.4853929620411015,28.248495153803663,3085.3888827947953,0
1112,2.234021442552742,53.73211065038734,29.007633898293893,3.0865779550781207,28.15298750077681,3015.2280594993777,0
1113,2.303834612632515,53.08086135087722,28.87111707445579,3.4304626329689043,28.952103553458013,2986.33900729606,0
1114,2.3736477827122884,51.412673616515725,28.544461874193285,3.5487191984089343,26.44925396608201,3014.2538506460614,0
1115,2.443460952792061,49.04392551040429,28.553011593427033,3.5193992354276467,26.949856979136303,3036.3433980420778,0
1116,2.5132741228718345,48.15085707129635,28.533252329031747,3.4177861054226364,27.44340952368304,2973.9689637683873,0
1117,2.5830872929516078,43.30446125298906,28.50345733116275,3.482893919610386,26.64584885823401,2955.9518704869533,0
1118,2.6529004630313806,41.65427203306948,28.625529374764866,3.3431871125044337,26.695020061824817,2988.6425402387736,0
1119,2.722713633111154,36.82020821425911,28.520924798751707,3.502163303884507,27.799725476201303,2969.1076888987054,0
1120,2.792526803190927,36.066382366720816,28.57021607774568,3.511617281318354,26.38480454747701,3049.6354591460145,0
1121,2.8623399732707,32.40834383704345,28.443685100421664,3.319950004419698,24.75311883694115,2975.3428194508274,0
1122,2.9321531433504737,28.23130607937239,28.41027947240871,3.5535398401018194,25.56977830407871,3003.8256586638936,0
1123,3.0019663134302466,25.90904549994068,28.258267149870946,3.552290531016091,25.6278646715415,3039.321620824314,0
1124,3.07177948351002,22.862777698712815,28.115159664856673,3.466758017283786,25.268600108113947,3051.1936924138336,0
1125,3.141592653589793,19.594767305994363,28.16490276134315,3.9842094072573637,25.321383184702352,3008.3423712741887,0
1126,3.211405823669566,19.517970544915908,28.054204150268067,1.9718595226631384,24.881754562711574,3015.37184946453,0
1127,3.2812189937493397,13.589541453335231,27.88940658398102,1.9441531509253964,24.00468261557247,2959.320374899861,0
1128,3.3510321638291125,10.278129747934836,27.94116675164771,1.9155213781584535,22.76450378965209,3040.9222658769563,0
1129,3.420845333908886,4.450142551819834,27.317366936644092,1.8058121553847202,22.96084181535544,3050.5409296918906,0
1130,3.490658503988659,3.2677825223756947,27.54600635188813,2.1371794719686807,22.403949118171518,2925.1858771032353,0
1131,3.560471674068432,1.302240924904479,27.466047458461283,1.86275060639611,22.258109184798453,3070.5178328214247,0
1132,3.6302848441482056,-2.154999339630054,27.609536556279167,1.8864103706004494,22.62078023897445,2971.973621325187,0
1133,3.7000980142279785,-1.7738055004275215,27.59980613246277,1.8923516880922804,21.97245025821836,3023.785235525411,0
1134,3.7699111843077517,-6.697743016255615,27.077130791717494,1.8030112968302978,21.89140449531308,3003.1024689926353,0
1135,3.839724354387525,-6.992776061916887,27.440329944498544,1.6497833334910554,20.51170587197959,2997.584966155577,0
1136,3.9095375244672983,-11.16706971957933,26.990693177545264,1.9074120265681613,21.61818740761258,2991.7392808689256,0
1137,3.979350694547071,-13.385675391850366,26.937043922593002,2.1746670625424582,20.550034979390137,2960.297466719058,0
1138,4.049163864626845,-15.593678583871245,27.01924424032283,2.039395961093049,19.71150377622463,3020.953120425919,0
1139,4.118977034706617,-17.300996387544675,26.957423942114062,2.312115054037625,19.725931920125667,2988.5582132497725,0
1140,4.1887902047863905,-16.392950665724936,26.72700692350114,2.1501912609978366,18.337615529016034,2947.6231071470243,0
1141,4.258603374866164,-23.925148173589335,27.018928840464884,2.104792962054809,16.841398675600814,2958.5998124620387,0
1142,4.328416544945937,-24.725592072163447,26.989289738228848,2.376529804530543,17.710136417018163,2948.3021494523446,0
1143,4.39822971502571,-23.612299479866078,27.016838419870368,1.9805708809993576,18.4790857151531,2979.0163779879194,0
1144,4.468042885105484,-23.641515859513486,26.770626829002126,2.0126151347009906,17.650986386799882,3019.4039723372944,0
1145,4.537856055185257,-23.28119224840334,26.812293289139483,1.9977071156679724,17.20453998334361,2971.5552779760446,0
1146,4.60766922526503,-24.04385449453109,26.802009650822676,2.30875734623671,16.38575919542705,3039.017662269465,0
1147,4.677482395344803,-25.548956085180162,27.053930323797353,2.000503063291818,15.273441825457507,2995.2314208233056,0
1148,4.747295565424577,-23.444021675996662,26.3755942901821,1.8703445251845792,17.777198462799223,2988.4238031263453,0
1149,4.817108735504349,-23.208192186843206,26.663032073209706,2.1175351075925706,16.29635208098118,3000.670617211843,0
1150,4.886921905584122,-24.040262138642017,26.81906182280412,1.8367480377885943,15.971360722700883,3055.806197270253,0
1151,4.956735075663896,-22.219321323689588,26.67280959323148,2.106694302522785,15.657694120198965,2945.1464523223076,0
1152,5.026548245743669,-22.38857533813372,26.81998412685515,2.082768186828367,17.106930463867933,3066.2546788567656,0
1153,5.096361415823442,-22.56549799567976,26.868468044064368,1.9621194664387007,16.74542254842018,3038.4064043569856,0
1154,5.1661745859032155,-19.39900682496251,26.82279422812213,2.1131623144173655,15.23261459910564,2999.1337401985043,0
1155,5.235987755982989,-18.805223486431725,26.970439854374074,1.7024420139383296,16.933305001130467,3047.3210273908044,0
1156,5.305800926062761,-17.30468099484516,27.09937730459762,2.032592424264997,15.910102010324945,2987.1010859170274,0
1157,5.375614096142535,-13.251053554018117,27.018947128917283,1.9074469230666535,15.591316267490946,3011.427135013079,0
1158,5.445427266222308,-17.11782533929289,27.040246999331817,2.572452715456904,15.927294643672893,2978.3434196983308,0
1159,5.515240436302081,-13.386152925894248,27.141545217951123,2.0311650139280415,15.646422537971308,3038.659006555412,0
1160,5.585053606381854,-10.706048075455838,27.227539416379315,1.8807215900433125,15.355135515817919,2971.709775790573,0
1161,5.654866776461628,-6.995227324514509,27.03360976244887,1.7243396527893835,17.198743797508648,2997.94528843993,0
1162,5.7246799465414,-4.228279145143304,27.433329970614345,2.261081239358853,16.593693188197417,3027.1655527330076,0
1163,5.794493116621174,-3.387208797024657,27.36898394023991,1.9299934560952445,17.481921534496248,3041.9275856595273,0
1164,5.8643062867009474,0.21911401312275447,27.701146289530694,1.8417295865849161,17.46023861501437,2967.1537983292446,0
1165,5.934119456780721,3.3178310325595572,27.67823384935557,2.067259842801812,17.9348515624394,3030.1255294048146,0
1166,6.003932626860493,11.282455126348848,27.844745133652548,2.129943766281131,16.146722896562,2960.720596754953,0
1167,6.073745796940266,13.346586834821526,27.598855401961455,2.126790586641906,17.398140112968253,2913.9867669756427,0
1168,6.14355896702004,13.11958633027006,27.777284282669807,2.0039500846118723,18.874117672087078,2970.0774541107685,0
1169,6.213372137099814,16.315583746054187,27.729923458388438,2.031838027377344,17.743286962542342,3033.3863990430527,0
1170,0.0,18.276194004217558,27.894221318660602,2.0464074151361404,19.421898835424567,2999.511324840886,0
1171,0.06981317007977318,20.27684569864774,28.271523582169237,3.5672792531257747,18.38519263307795,2978.600081129752,0
1172,0.13962634015954636,26.087469263590158,28.390131307840452,3.5849770391802966,19.8974116924025,3002.2191329396405,0
1173,0.20943951023931953,27.85924811193313,28.07727403476064,3.718890550261109,21.569056718900413,3000.89598692067,0
1174,0.2792526803190927,32.276405214271946,28.262023176732807,3.51128297240517,21.305926875599813,3024.875941954573,0
1175,0.3490658503988659,32.99059767608988,28.39899482118721,3.3366393468339277,19.617236878578453,2935.531603022974,0
1176,0.41887902047863906,37.16018725094562,28.57592481796243,3.4711416593791933,22.19250489650549,2995.905881726619,0
1177,0.4886921905584123,41.34916096831933,28.299394335812597,3.6507561637469994,23.389945170615526,3004.971090861661,0
1178,0.5585053606381855,44.39568128717013,28.395453104850578,3.142694408323031,24.588444749562036,2945.38519344583,0
1179,0.6283185307179586,47.07654429127431,28.778786224331828,3.1438495609256076,23.147860665655223,2944.8367031506145,0
1180,0.6981317007977318,46.94470895965871,28.47898934628616,3.683655224278465,22.089491626029893,2985.4116632407045,0
1181,0.767944870877505,52.54165526585822,28.766570433629965,3.8040245633702656,23.93624358943475,3000.340971330805,0
1182,0.8377580409572781,52.241199601579964,28.9160875618567,3.2469599929961053,25.26506270936041,3000.4818410022212,0
1183,0.9075712110370514,56.40977078421345,29.00796279981803,3.520091854166579,24.228613425448685,2977.7460607462704,0
1184,0.9773843811168246,57.290732750049585,28.973587372734475,3.420090977416597,25.591232485682756,2976.106616281315,0
1185,1.0471975511965976,56.906561921682815,28.9843669766842,3.4478339775516753,24.450093740176992,2984.1929471408293,0
1186,1.117010721276371,59.97143552659073,29.20523848451647,3.561106201751283,25.76948055413233,3011.9408704539496,0
1187,1.1868238913561442,62.27131906860109,29.155401514435006,3.24142595419785,23.812842875589915,3049.7848402717327,0
1188,1.2566370614359172,63.71699130399381,29.044215326261465,3.2785564999015198,25.358611545171264,2911.184124542235,0
1189,1.3264502315156903,63.451825836253214,29.170013306033532,3.439749765415755,26.408289927125804,3024.920084852073,0
1190,1.3962634015954636,66.61401722145094,29.23924465701308,3.470924880421168,26.395307054052942,2995.553933552261,0
1191,1.4660765716752369,66.26475144805214,29.451161860659635,3.274808978863166,25.89547475253017,3021.0288912439532,0
1192,1.53588974175501,64.58760604125968,29.31721754266665,3.657929534957837,26.7621725553413,3047.4217334904397,0
1193,1.605702911834783,66.09776993406473,29.38145252081601,3.4164878053777934,27.62640207262701,2969.794956967337,0
1194,1.6755160819145563,67.65417551935458,29.101835164996984,3.415636478786631,27.468350055881363,3037.7721871158897,0
1195,1.7453292519943295,67.2570757867239,29.1031418676764,3.5565317580459803,27.733758947678062,2949.838285426883,0
1196,1.8151424220741028,61.82130786118609,29.129047872609245,3.4742183447865003,28.39056390859613,3005.1039693106904,0
1197,1.8849555921538759,61.40774356654619,29.119731922558458,3.6674953625811626,27.622157357646774,2990.2993292265605,0
1198,1.9547687622336491,63.950651635606214,28.96141688180971,3.313315492439867,29.04700040792486,3001.8511787202956,0
1199,2.0245819323134224,58.858310507206056,29.26844289954252,3.220522680587305,27.202176976644466,2960.43862860602,0
1200,2.0943951023931953,56.98733147036222,29.171733230205145,3.4380424872402786,29.540731413351978,3017.475338242008,0
1201,2.1642082724729685,56.57739956892831,28.948993407870823,3.5120472345870026,28.86427255893345,3063.4514906205914,0
1202,2.234021442552742,56.09082397651437,29.041869501680143,3.251848811180496,27.635451757709497,2961.125725167345,0
1203,2.303834612632515,53.28792208656609,28.925208665023447,3.222449287659948,27.606360483504204,3007.585820866529,0
1204,2.3736477827122884,50.28378124004648,28.941564241690504,3.536459556467597,27.892328134906165,3034.2349248431606,0
1205,2.443460952792061,47.91412374330751,28.569699063095,3.3484438865370074,28.06709954588063,2988.130370873382,0
1206,2.5132741228718345,45.381830756542236,28.68349314177135,3.209497656598616,28.29779959508499,3054.4157168622664,0
1207,2.5830872929516078,42.52710244750581,28.627197337893975,3.6930682584628127,26.157269926165338,2982.8124663432513,0
1208,2.6529004630313806,44.54866964127919,28.656912190284817,3.3736410654145814,27.361800190068966,2995.348211872048,0
1209,2.722713633111154,38.74941554518935,28.393818331513643,3.7299623207730717,25.076320647919097,2960.273832142937,0
1210,2.792526803190927,36.72104503126221,28.03543456337844,3.5056941582218855,26.362140937974804,3005.0636142827916,0
1211,2.8623399732707,31.670064809586602,28.168509869327963,3.558951772411061,27.379617662142298,3000.120917819959,0
1212,2.9321531433504737,29.077091071020096,28.240336831124672,3.4577000507806295,24.774364461771334,3025.4360497937946,0
1213,3.0019663134302466,25.192458571147426,28.176590354977577,2.9689675510908606,24.30198390340907,2974.5517583831083,0
1214,3.07177948351002,19.161478816106847,28.3362699868867,3.272642701789259,25.413484561787268,2972.720175017977,0
1215,3.141592653589793,17.932986084728206,28.087411966098713,3.4748581080562553,25.9864965629633,3018.499684715999,0
1216,3.211405823669566,14.14503066154379,27.928521773391775,2.072945827458541,24.762560063775453,3055.8876196029823,0
1217,3.2812189937493397,10.36253478986964,27.828133587330704,1.6420651955223757,22.592049176888015,3025.1604099052392,0
1218,3.3510321638291125,8.850935451753688,27.916133478344143,1.9892796584279078,22.372432865811415,3073.896489944446,0
1219,3.420845333908886,9.583752507307493,27.580718605195987,1.7755471825571938,23.391950363009023,3022.212298848878,0
1220,3.490658503988659,4.542439298788379,27.56853325984811,2.046924033017931,21.958776428032344,3020.771714234175,0
1221,3.560471674068432,3.6326967050707695,27.348527310288297,1.996119842860035,22.595541262071983,3027.1717152267966,0
1222,3.6302848441482056,-0.5097464600137765,27.649470031961226,2.1487003204859145,22.22464150138169,3059.5268302311665,0
1223,3.7000980142279785,-2.672528651921478,27.422971723470397,2.2133645860375037,21.25736205004119,3049.5028026446876,0
1224,3.7699111843077517,-7.80168184611815,27.18852920284844,2.091797979854806,22.68400335947878,2956.604870675649,0
1225,3.839724354387525,-8.139516004605259,27.211486616828406,2.1720787177941148,21.291346198809258,3032.023275504403,0
1226,3.9095375244672983,-10.166555319543363,27.242857569930145,1.9299315048152323,21.380771496020134,3010.6142602319405,0
1227,3.979350694547071,-14.306488084833271,27.070618372518783,2.5646234822534293,20.74822957593006,2992.238599364443,0
1228,4.049163864626845,-14.621173356378243,26.974216502415043,1.7562361807010238,19.501657181191174,2929.0828337817034,0
1229,4.118977034706617,-16.457409127114616,26.9070138600363,1.8944488444181358,19.087696851551815,2938.3935635895887,0
1230,4.1887902047863905,-19.79547210199485,27.01161380034484,2.1802717165493783,18.640127831257843,2985.421311195476,0
1231,4.258603374866164,-22.129884731869,26.867739002559397,2.1505442609721985,19.073283850369346,2941.4163396626104,0
1232,4.328416544945937,-23.499465953352836,26.819315714305443,2.0974778038284696,17.67520137037649,2986.2497272498435,0
1233,4.39822971502571,-22.667784920399715,26.658322917187505,2.1350637315986214,19.261146502987017,3028.5736501104784,0
1234,4.468042885105484,-23.172792879235868,26.84729121494788,1.583288569078792,16.990118112110796,2976.761747061754,0
1235,4.537856055185257,-25.50513763123623,26.79104718056656,2.317859738907567,17.485587619323532,3003.3385041100496,0
1236,4.60766922526503,-24.713607279583155,26.758326473261775,1.959221808226677,16.880766602412475,2957.2019216688373,0
1237,4.677482395344803,-24.11678166165158,26.830546609200393,2.2491788364541705,16.477467834681512,3011.9506913988334,0
1238,4.747295565424577,-24.045301143861355,26.91293134698747,1.5932946842064089,18.37519944811828,3020.3254156587827,0
1239,4.817108735504349,-22.42566511138857,26.911808546349143,2.0513137006962383,16.111424401300496,2943.0826297194344,0
1240,4.886921905584122,-22.4008776372523,26.901139971520312,1.8872995441710303,16.071214163424695,2969.9245481360804,0
1241,4.956735075663896,-25.165244831554663,26.799544586673445,2.1144240303162607,15.663704255107751,2949.3131893037057,0
1242,5.026548245743669,-20.27216391897488,26.77368243005463,2.0634140904937692,16.136144974317766,3020.368591872714,0
1243,5.096361415823442,-22.519738212339007,26.730792028321492,2.0732095594998357,15.959296804642516,3006.5602624219273,0
1244,5.1661745859032155,-18.878422864780877,26.83247366834029,1.7882116623537017,15.111003665910959,2998.011528230577,0
1245,5.235987755982989,-18.86916323122311,26.963717029729157,1.9886061758362779,15.662174737617514,2994.868738474347,0
1246,5.305800926062761,-17.924914832662342,26.887211994686076,1.963966590414132,16.51390757968913,3012.9134174173037,0
1247,5.375614096142535,-18.17202920196488,27.06879566653955,2.0990620083414866,16.90133949741829,3013.714059680456,0
1248,5.445427266222308,-13.698863911807281,26.96340770774035,2.1978593990866933,16.181385043483317,2980.1769002474584,0
1249,5.515240436302081,-13.598701523613306,26.91726117209815,2.030095184401723,16.320256170905793,2974.5761278451832,0
1250,5.585053606381854,-7.474493582130124,27.351565786505873,1.7447655423222803,16.12304114060473,2997.6401921985253,0
1251,5.654866776461628,-4.175147367452429,27.223495507944158,2.0215157619133537,16.17588566353547,2992.4106040800107,0
1252,5.7246799465414,-5.0417333744392945,27.23854183493657,2.5222152456818527,16.03459865151675,3082.427289001973,0
1253,5.794493116621174,-0.6732642115861793,27.272557053462315,2.329201065397557,15.74283434418887,2984.6442131051567,0
1254,5.8643062867009474,0.608763778577031,27.575371424518597,1.4051200874484602,16.668510610825503,3011.586612484575,0
1255,5.934119456780721,3.6663664551397277,27.795811984729394,2.0126686307389687,18.219260967229218,3018.637059531326,0
1256,6.003932626860493,8.758061044033067,27.60877409386868,2.1864239050510688,17.443978786729925,3056.0209716245677,0
1257,6.073745796940266,10.586166520435688,27.718171464819303,1.963534597486404,17.814733365498633,2967.5526163301547,0
1258,6.14355896702004,16.34668251969355,27.993737054831282,1.9079818159712232,18.12623770799388,3053.5859131656666,0
1259,6.213372137099814,16.137609963460005,27.644725375853305,1.9466071569833023,19.758917650517304,2994.1041770271663,0
1260,0.0,21.499004498711734,28.2950302964369,2.1104378970869306,18.380740711949713,3100.053809185856,0
1261,0.06981317007977318,23.285161437922312,28.450322813841904,3.2703060051249984,19.719398967804803,3014.504088769046,0
1262,0.13962634015954636,27.456456557819294,27.761057091739065,3.737737730321874,19.829483598750613,2950.8428348259654,0
1263,0.20943951023931953,28.68528960080425,28.234868544643795,3.4888014016603863,20.335405863827383,2992.1136530942845,0
1264,0.2792526803190927,32.32934275543759,28.222922772199965,3.3129951451776902,20.881727109027675,3053.45077429313,0
1265,0.3490658503988659,35.21765813070669,28.370708406355092,3.724870032279739,21.1435615887455,3003.261646176449,0
1266,0.41887902047863906,37.049063266142326,28.425326211248574,3.190973818977672,22.148225282373275,2997.614983696116,0
1267,0.4886921905584123,42.119342627237714,28.685129740114974,3.3889579805996832,21.908748726861518,3028.7598865547075,0
1268,0.5585053606381855,44.82174039886177,28.619017631034648,3.385664986942967,23.746333056173203,2986.200092373298,0
1269,0.6283185307179586,47.34066839551964,28.568706220620975,3.9287883876472263,22.80338402685375,2991.5706729686826,0
1270,0.6981317007977318,51.23089091677073,28.745517357429577,3.3629958462721112,21.81825405905796,2962.213019602738,0
1271,0.767944870877505,53.43364387250933,28.910807680095157,3.069006955899979,24.09914949353019,3069.1528312386554,0
1272,0.8377580409572781,52.879100111709036,28.71421559140808,3.383636976944172,24.301913274895064,2951.095548830099,0
1273,0.9075712110370514,56.02006238995376,28.69867785098257,3.5911100694809557,24.40431999465847,3006.7786663905395,0
1274,0.9773843811168246,56.37128973108956,29.293756507191347,3.6568169093167207,24.549088294879795,3019.195381923277,0
1275,1.0471975511965976,59.006176144471574,28.942866482585064,3.9553079386885543,23.430080886111313,2999.4539552032616,0
1276,1.117010721276371,59.54610790978422,29.05794990752107,3.781379514197176,23.914122701818307,2949.845488180407,0
1277,1.1868238913561442,64.15337891920952,29.052951314606307,3.5375845187830306,27.122521864124,2960.0494388915545,0
1278,1.2566370614359172,63.343090458796354,29.223480975166506,3.3217169064850447,25.650477768161128,3020.900676734265,0
1279,1.3264502315156903,63.336263990263205,29.430273359994853,3.824805486269472,27.185682786993056,2968.804827656154,0
1280,1.3962634015954636,66.10677674333392,29.268759379874044,3.426287289934754,25.403565819921724,2917.1193111004613,0
1281,1.4660765716752369,61.497562176879185,28.96567150231093,3.368368552757079,26.098482111656153,3015.4791329115637,0
1282,1.53588974175501,61.951433323561375,28.991650478371636,3.416585239569186,27.70481027131464,2965.1001848017686,0
1283,1.605702911834783,66.16634519868897,29.13942427612388,3.249542352220638,27.280677205293703,3025.24877094281,0
1284,1.6755160819145563,64.84418796374835,29.153191294511938,3.406995981765805,27.967465863161042,2991.935148071029,0
1285,1.7453292519943295,64.6920183359405,28.92347661318266,3.453378334004317,27.674102839037523,2990.007506859448,0
1286,1.8151424220741028,61.67371352744202,29.28725600955736,3.6461313211624238,27.63885129492225,3002.089527320683,0
1287,1.8849555921538759,62.76269266700636,28.978319735871963,3.4223823329797964,27.35265245569346,2954.4602667975846,0
1288,1.9547687622336491,64.72853757110745,29.336615859799007,3.246508151632297,27.004455976739326,2966.9818764960955,0
1289,2.0245819323134224,61.6820315131563,29.351647745139857,3.17924556894866,29.115754861311597,2989.6030380498137,0
1290,2.0943951023931953,59.22570298801396,29.0019924546465,3.541913949504623,29.252176655808267,2954.226283009177,0
1291,2.1642082724729685,56.648109899819474,29.06069098312878,3.5145251706938447,27.142879290742695,3028.5527063784657,0
1292,2.234021442552742,54.8686246344984,28.760820821015436,3.3891374577573665,27.036986700513715,2987.7048407804764,0
1293,2.303834612632515,50.24772031268271,28.98532523954474,3.406508707901586,27.559596932951393,2942.022535933964,0
1294,2.3736477827122884,51.646087302036605,28.75886118103564,3.577697386559834,27.999287673507297,2977.638840848439,0
1295,2.443460952792061,50.193667098617055,28.608259833385592,3.7781092507378693,27.442708235617715,3004.048102596876,0
1296,2.5132741228718345,44.08690736240538,28.66194205451302,3.343971083171202,27.8217770270964,2982.1563818595246,0
1297,2.5830872929516078,42.854241552034,28.56604091581904,3.5177805672430864,27.19034376648831,3015.9926354558274,0
1298,2.6529004630313806,39.39002337701496,28.514591964892507,3.6916540808010647,26.920141179260582,3022.9614539805057,0
1299,2.722713633111154,36.85512214619787,28.630535957113416,3.34477714196055,28.69999503930516,3096.0680110381245,0
1300,2.792526803190927,35.47112888988795,28.29262803309544,3.496873577087339,26.083818725366946,3046.025768054429,0
1301,2.8623399732707,29.277077779282276,28.591018276946482,3.492400879382467,27.52844517337197,2934.5451862254663,0
1302,2.9321531433504737,30.277431744334766,28.050735084057507,3.237740952991296,27.065942141690826,2985.590700600053,0
1303,3.0019663134302466,27.393572148103484,28.409322262128867,3.5336997589531247,25.984648937502122,2989.3343483020813,0
1304,3.07177948351002,22.76238743643028,27.931231175206946,3.5063089357208863,23.695943012989265,3023.0028368969856,0
1305,3.141592653589793,16.278937235023193,27.999848015119507,3.6110168499192117,24.90139922391559,2962.6565571719316,0
1306,3.211405823669566,15.3663307425108,27.842762814485347,1.7626227050678576,24.090487896990755,2978.7499134320665,0
1307,3.2812189937493397,15.586563357951096,27.781432978117245,2.001994077052245,24.131816047545637,2950.223524963627,0
1308,3.3510321638291125,6.476982492107983,27.870709556472022,2.2763468127311617,22.86856216233813,2975.9093710603397,0
1309,3.420845333908886,7.075033869944767,27.894209192603924,2.4154999663824572,23.918759575905533,2977.401378109917,0
1310,3.490658503988659,2.839092382644022,27.768154533752544,2.2560258537943216,23.69015838515781,2987.4797674857446,0
1311,3.560471674068432,2.903706513966263,27.451187578457766,1.7645856988699515,23.422211668601012,2952.5394905232097,0
1312,3.6302848441482056,-2.1388912535802813,27.464272408017614,2.0902105364087253,21.762102437660513,3039.2810295760355,0
1313,3.7000980142279785,-3.2404358593907996,27.2467852018699,1.9033706850077772,20.80162797692994,3018.8885545133353,0
1314,3.7699111843077517,-5.602145724407647,27.145925150362828,2.0567801186259844,21.51354505749636,2942.046809091422,0
1315,3.839724354387525,-6.171103676299235,27.056709732516854,1.8455566588446153,22.223831892580815,3001.038917566697,0
1316,3.9095375244672983,-11.564039586167937,27.100773959401586,1.65730531162954,20.46701050067562,2937.389804810298,0
1317,3.979350694547071,-12.877450592048813,27.145667054079368,1.9310965522600334,20.373601838202443,3053.6902290410653,0
1318,4.049163864626845,-17.688067130993648,26.76761482170921,2.144520539322003,19.433777274045468,3064.564334926265,0
1319,4.118977034706617,-15.521070420036247,26.998201857546835,2.0575999510947622,18.840478487906683,2997.770508244458,0
1320,4.1887902047863905,-20.111906442406774,27.1881732841411,2.0805895719828706,19.404844611604457,2965.894193305813,0
1321,4.258603374866164,-21.286863329594127,27.08973380480212,2.0432700645958755,18.44354863449806,2973.429226896177,0
1322,4.328416544945937,-21.756645147779246,26.799601763040855,2.080905494969142,18.518311841497447,2981.850316708968,0
1323,4.39822971502571,-25.14186975129168,26.649201244053398,2.1059023518173405,18.28712563518099,2995.726910563016,0
1324,4.468042885105484,-23.320152639026436,26.90461967443853,1.9450637142090763,17.864827026359837,3054.8187858962533,0
1325,4.537856055185257,-22.865149476161843,26.470616458854224,2.0165781122839235,17.7602918169961,3038.2240724123626,0
1326,4.60766922526503,-24.314084556326367,26.97309684294047,2.3486516749739383,16.38162666584116,3038.8401801493637,0
1327,4.677482395344803,-27.355933562127394,26.7686928888946,2.028406205800228,16.10687900111327,3006.8231308269137,0
1328,4.747295565424577,-25.158301157353797,27.075426055663694,2.0085126992907836,16.603224680861583,2953.855531042331,0
1329,4.817108735504349,-23.640441937103066,26.547528902721602,2.02057690144528,16.447818818221467,2969.197731614735,0
1330,4.886921905584122,-27.133332034498228,26.955952630166525,1.956418296336756,15.897132846842933,3002.4288505260974,0
1331,4.956735075663896,-25.275456703146418,26.820568802946674,1.9129288072558395,16.387811371004204,2951.955996126236,0
1332,5.026548245743669,-21.482727827159636,26.809074600725005,2.041735704873086,16.829886426433863,3012.1593180220843,0
1333,5.096361415823442,-21.318130304209504,26.681902854738034,1.8988569596081697,16.99035139783946,3032.204940856414,0
1334,5.1661745859032155,-19.827774710272386,27.010809330447756,1.970897014104557,17.13621566859213,3021.813815678333,0
1335,5.235987755982989,-16.181900958864773,27.0621901231752,1.8418970586947425,14.94982929864989,3020.2075789167334,0
1336,5.305800926062761,-16.603861597217588,27.272924083228833,2.0216023609068636,15.095759486495218,2925.3486940017438,0
1337,5.375614096142535,-14.47365189665271,27.205594635101022,2.1168389888352053,15.84803370312741,3053.3342318668438,0
1338,5.445427266222308,-9.37539885565527,27.019141910083768,1.957617028017817,16.226413785916833,2937.3045867987194,0
1339,5.515240436302081,-11.580333507790629,27.015830567906576,1.598324312622137,16.082325935297632,2993.890031446167,0
1340,5.585053606381854,-10.122266581322025,27.023381153347795,2.1180743088110945,15.969725733870911,3024.741741751443,0
1341,5.654866776461628,-5.808641755790602,27.515641349094953,2.024036768551952,16.33430443294388,3014.343901039393,0
1342,5.7246799465414,-3.187880346410917,27.247370740278473,1.801353709997308,17.156908133368596,2948.8865469181615,0
1343,5.794493116621174,-1.9162934132843983,27.658668605002624,2.154654048464655,15.924455950146406,2956.066975083852,0
1344,5.8643062867009474,0.14825553225672272,27.590676834438348,1.7203149598568306,19.105153688180415,3011.482864896271,0
1345,5.934119456780721,8.07386018348003,27.639061260248294,2.2090815230648935,17.512813508064248,3020.43380055078,0
1346,6.003932626860493,8.086584193817044,27.623204926135557,1.9885266760705573,18.624190256270648,2955.7118462154867,0
1347,6.073745796940266,9.545545841097693,27.849606907969026,1.5462269849245338,17.62754439648226,3015.7037055585993,0
1348,6.14355896702004,15.111105910216432,27.8306716644224,2.0356659174526475,18.878105541785413,2939.3890608122374,0
1349,6.213372137099814,16.697240954172386,27.86091023778673,1.9187615263818127,18.843224376113977,3024.9755702921516,0
1350,0.0,19.620677830523253,28.10440071799723,1.8886301416353728,19.80889348348542,2964.6463271293187,0
1351,0.06981317007977318,23.982450626357377,28.06211195210978,3.3524548477087563,19.33883876283381,3003.2205383167284,0
1352,0.13962634015954636,24.32496614085541,28.047257504341253,3.4745568418280253,21.125507359278487,2996.5040923081797,0
1353,0.20943951023931953,29.884966892674928,28.339468045300407,3.4029622637665717,19.087419725761933,3046.426293116451,0
1354,0.2792526803190927,35.273113223362586,28.321166978636114,3.128661951362323,21.445745847492933,3009.6852011480137,0
1355,0.3490658503988659,36.09017294295106,28.48376067375447,3.754413577335441,21.192805440957482,2976.0359258143794,0
1356,0.41887902047863906,37.73883078273581,28.420004992937834,3.451128468807639,20.699146414354185,3014.383708221767,0
1357,0.4886921905584123,40.365562404722716,28.381997679640925,3.3536129968243475,23.493807285269547,3085.696529568839,0
1358,0.5585053606381855,43.23085693047656,28.896164211456988,3.2743152634909336,23.82979012268671,3029.6049168514733,0
1359,0.6283185307179586,46.06939233608962,28.937334014365504,3.6541464134905843,21.108703479821507,2997.6333194506524,0
1360,0.6981317007977318,48.35873263675686,28.90391287581314,3.240313606180695,23.322455075014837,2966.655481146481,0
1361,0.767944870877505,52.63409383226673,28.775418441744655,3.5267974603715935,24.153031250799796,2975.340339975691,0
1362,0.8377580409572781,50.841703491669264,28.84672609459871,3.383270199625284,24.341599677341488,3027.1997168654093,0
1363,0.9075712110370514,56.753483987920696,29.152962021212534,3.3949160678875336,25.590707655871675,2964.567897107133,0
1364,0.9773843811168246,56.73716097726304,28.941770581430937,3.27928809380482,25.802851513388404,3000.1075504431656,0
1365,1.0471975511965976,59.5365648488428,28.944347079089233,3.375936113495668,25.333926024332886,3057.5047564935767,0
1366,1.117010721276371,58.75525021816122,29.359388056904468,3.5017624783013717,27.293280841560158,3006.015695720946,0
1367,1.1868238913561442,63.71622005577959,29.105468973238064,3.5470624452697987,26.553983705892076,2956.8347283481025,0
1368,1.2566370614359172,64.66599567353971,29.40653161883126,3.3428815037434045,25.8377482544983,3087.1139141069043,0
1369,1.3264502315156903,65.10269347104496,28.954596084927694,3.481813119512517,25.971308369088607,3070.4979319178365,0
1370,1.3962634015954636,62.04421672185905,29.259497036032325,3.6776908861940845,27.68066564089298,3020.047062335164,0
1371,1.4660765716752369,65.99716689817139,29.50408866432442,3.1674742886101854,26.301605366726413,3051.0302164535633,0
1372,1.53588974175501,65.57986984731286,29.203731604121746,3.4987462052816283,26.834106890242484,2989.3208127546277,0
1373,1.605702911834783,62.564680345160454,29.159668318582746,3.3098432109195652,27.17102052068873,3028.978179106618,0
1374,1.6755160819145563,64.71703921591607,29.018263486802166,3.2894631655766937,27.821854840190458,2983.05840779277,0
1375,1.7453292519943295,64.86315061909926,29.344120761779937,3.5522023025996203,27.530242201412104,2945.783398801802,0
1376,1.8151424220741028,64.49742059315457,29.048835659135094,3.390949706266488,26.751412148943427,3103.676904433627,0
1377,1.8849555921538759,63.063435283705196,29.127046535645686,3.25663937475298,28.82635130862598,2943.7384773350677,0
1378,1.9547687622336491,62.16012058077651,28.92744528351125,3.7648566384139976,27.636139182455235,3011.9023252423162,0
1379,2.0245819323134224,62.65614917184215,29.312087045573616,3.684017902866366,29.609542044565192,3011.435067407127,0
1380,2.0943951023931953,60.81019403516576,29.212463281150182,3.1135388087281664,28.24152137671223,3020.640223367581,0
1381,2.1642082724729685,53.006108334302766,28.99010737468408,3.2051143743995865,28.987607642059768,2996.412629352326,0
1382,2.234021442552742,54.98432608004597,28.772490563990026,3.6186914142637363,28.424939193463906,2996.830006270876,0
1383,2.303834612632515,53.194540605166814,29.122159847959267,3.443025233392506,28.88986046405437,3005.536469335613,0
1384,2.3736477827122884,48.63147881156441,28.778700285493723,3.8001149288709914,28.18321085862832,3019.1947392536313,0
1385,2.443460952792061,49.066717023242745,28.60556440550122,3.623267279708202,27.776297869176496,2999.9273455427906,0
1386,2.5132741228718345,48.323473011777054,28.441024600880084,3.5598931047708,28.296748248383437,2997.265554167004,0
1387,2.5830872929516078,42.216515101108335,28.53900834729578,3.2956274616349126,29.21852061625105,2947.155602282425,0
1388,2.6529004630313806,41.630821733399905,28.34517015696358,3.5982880589728943,26.796008541536068,3080.547298787895,0
1389,2.722713633111154,36.929413722466364,28.39466084621254,3.2448472090499068,27.405473640069278,3021.4279659720946,0
1390,2.792526803190927,34.383038414135584,28.52208548204546,3.7610489066820136,26.499785388635072,3008.3562704521664,0
1391,2.8623399732707,34.619771463020044,28.274454802384113,3.5844277178036483,26.621334875506758,2975.0213082264154,0
1392,2.9321531433504737,28.542189356631432,28.302848036298368,3.3350338846484817,25.94217853360736,2959.8554322860064,0
1393,3.0019663134302466,26.956108276718897,28.058507522222243,3.660935485626463,23.855179823666077,3034.3994579219016,0
1394,3.07177948351002,20.332214144394168,28.093483128447584,3.948304977827267,25.076699107958344,2993.6055045966186,0
1395,3.141592653589793,22.793476342092326,28.2881351233129,3.45647658003811,25.676197289872047,3024.842583382916,0
1396,3.211405823669566,17.76493735097413,27.864019319803017,2.1100826379382585,23.89007840429234,2945.913994651954,0
1397,3.2812189937493397,13.46346069282166,27.890656694490872,1.9136341360617997,24.85250064885049,3061.8741937590653,0
1398,3.3510321638291125,11.507293678200684,27.515676886898426,2.0170704435236693,23.86582292776071,3036.0550974163775,0
1399,3.420845333908886,5.48158984481333,27.89725109138213,1.6985530879937105,23.16056079198212,2996.757492289414,0
1400,3.490658503988659,6.382889662973897,27.51799483366747,1.999894097298827,23.626822671695653,3018.705016736916,0
1401,3.560471674068432,1.210873898344363,27.669496075795017,2.008715465966122,23.031017461798868,3029.6401743813926,0
1402,3.6302848441482056,-1.4323245979377415,27.418157080293096,2.3597995553689497,22.404283067726567,2946.5207779834213,0
1403,3.7000980142279785,-4.5838503129424435,27.455833787673274,1.64099937745933,22.46188822079169,3067.1130756555167,0
1404,3.7699111843077517,-7.321313457279664,27.395309561330684,1.9438233081784442,21.394678579990593,3019.330439923319,0
1405,3.839724354387525,-7.883436518451652,27.160788817449248,2.257623443566207,19.503239608470604,2971.835908498692,0
1406,3.9095375244672983,-10.875766395498548,27.33019592081348,1.9516457008402488,20.10900209447894,2956.1363337334174,0
1407,3.979350694547071,-12.463894934378171,26.99437847982816,1.9657316934030005,18.56824223108887,3039.483909655362,0
1408,4.049163864626845,-15.47367594653085,27.171077228676065,1.8333481950235653,20.147607891717975,3008.44636788908,0
1409,4.118977034706617,-16.536891048361092,26.94662411880897,1.8134789239474485,19.960214524057665,3019.304036117284,0
1410,4.1887902047863905,-19.599416286187285,27.01320320775348,1.6348292468333696,19.63158565442729,3001.0665821822513,0
1411,4.258603374866164,-17.101134321348187,26.85214819408786,1.874156950471169,18.919677807752997,2959.890252432958,0
1412,4.328416544945937,-24.075169080151177,26.894875770725847,1.8021289889775753,18.969833615785422,3020.344711597125,0
1413,4.39822971502571,-20.90613724793743,26.69752812519205,2.0236077667314145,16.619837478745396,2992.098594433982,0
1414,4.468042885105484,-21.611446506338385,26.872778676172125,1.8424663595152537,17.50076001761328,2999.1323549402746,0
1415,4.537856055185257,-25.59458709449775,26.82485887162929,1.9040818029902986,16.182074770439336,3095.0801082282233,0
1416,4.60766922526503,-21.409574875738343,26.7255506924472,1.909558921388468,16.77736756180452,3034.7627655105885,0
1417,4.677482395344803,-23.479351791441328,26.79247681261854,1.9903669635419257,18.13110387493694,3037.070596390317,0
1418,4.747295565424577,-23.51587870562494,26.82083167900227,1.8942955487190318,17.511911712031143,3108.8209250975024,0
1419,4.817108735504349,-24.71145201103349,26.714120167568304,1.7876427820125735,16.992496199610002,3015.382954887205,0
1420,4.886921905584122,-24.642188122877382,26.7989169100259,2.017153288789568,16.16969492533812,3004.7883014579725,0
1421,4.956735075663896,-23.97742092297926,26.684812337334566,2.213496643252922,15.400135306315997,2972.8317060243503,0
1422,5.026548245743669,-22.21174733880264,27.210592136289968,2.025693239158155,16.252934628794172,2981.8979256709063,0
1423,5.096361415823442,-19.62149404295459,27.046247173551084,1.8780359123522756,16.92888256397452,2918.1158493380717,0
1424,5.1661745859032155,-20.173760756670386,26.962411260285734,1.975370718981275,16.33430336188179,3031.616933552263,0
1425,5.235987755982989,-20.338308605005675,27.136586454580176,1.5898734459286923,14.73311799774799,2949.323160107584,0
1426,5.305800926062761,-16.070050171399423,26.708267041431384,1.972119450092227,16.109847063154625,3036.10943927823,0
1427,5.375614096142535,-14.07875779271029,26.670735134996832,1.9199291261819054,14.549087464227648,2998.278959321577,0
1428,5.445427266222308,-12.45952785381108,27.04833255016464,1.8133079283986975,16.80553161959574,3005.122348590575,0
1429,5.515240436302081,-10.141378310867418,26.95962533390889,1.8495803295336064,15.718654139929853,2998.3052827942242,0
1430,5.585053606381854,-9.331834631130995,27.193164039708904,1.9179530996920706,15.433340078134604,3055.4429771553187,0
1431,5.654866776461628,-7.843820103857171,27.325506193338267,2.1984916552012983,17.23218355528754,3048.377694397457,0
1432,5.7246799465414,-5.148657036455429,27.502159057671246,2.2184120833560184,17.21775934516978,2998.844343773815,0
1433,5.794493116621174,-3.5794151980518727,27.265894527015647,1.8143749676884378,17.1740730775114,2964.0398369434683,0
1434,5.8643062867009474,2.0522739789079187,27.571860631233047,1.8963845253513214,18.98383430783157,3036.9555642132814,0
1435,5.934119456780721,4.483920375505022,27.591734281982035,1.9014820085422843,18.00401854236157,2961.0170011433897,0
1436,6.003932626860493,6.936337431440447,27.721361569509565,2.161909103110025,17.267546796945776,2937.8055483552735,0
1437,6.073745796940266,6.210545676683202,27.67254017840565,2.0291013105263236,18.50691140644182,3019.933994739509,0
1438,6.14355896702004,11.866234252255781,28.04046254982724,2.018557972528208,18.189763993048444,3048.739596872129,0
1439,6.213372137099814,18.542219658619135,27.900765934242592,2.107252522684238,19.776558575368718,2983.796593288245,0
1440,0.0,19.003060999905305,28.266127333525564,1.8807173183178136,19.348228533839126,3016.1807075293905,0
1441,0.06981317007977318,23.6799288349709,27.965149470440615,3.7727773148708117,19.80169492653317,2983.373047530492,0
1442,0.13962634015954636,24.17676139824006,28.27843182214541,3.4996510685159596,18.730361777450508,3028.8797339474327,0
1443,0.20943951023931953,31.514084310338013,28.24054375689723,3.3288175107616174,20.33014569935393,3043.8011874564886,0
1444,0.2792526803190927,32.18763952168295,28.281603464480384,3.454071951240432,20.641234099922308,2989.485391420719,0
1445,0.3490658503988659,35.82596704438039,28.505271473060933,3.7463856648415743,20.278458872362602,2958.895873691099,0
1446,0.41887902047863906,41.791818626233535,28.443207949812525,3.4149715728032457,21.336606583941464,2941.7187758955383,0
1447,0.4886921905584123,43.400880476249185,28.16407107476947,3.6899115598089662,22.280756544099123,3037.02753729841,0
1448,0.5585053606381855,43.386518458563636,28.1764728986037,3.3749308414456958,22.347352261957436,2954.537340331687,0
1449,0.6283185307179586,45.56050607585575,28.896205626793574,3.346867260644539,21.638120322413045,3014.880969648095,0
1450,0.6981317007977318,48.43712491861497,28.9558839003058,3.6319194821188585,22.962454098580622,3031.0962827377007,0
1451,0.767944870877505,52.02447404336968,29.116691186489188,3.3252054878708517,23.214081375783305,2979.9479248579783,0
1452,0.8377580409572781,53.28368094510643,28.889144553330546,3.6645080500323393,24.143046649112183,2993.3515659928016,0
1453,0.9075712110370514,54.86761769479729,28.75171768402838,3.5703251998046697,24.446710018764467,3039.9617379002707,0
1454,0.9773843811168246,59.50746264104044,28.9319075106684,3.3252812131064817,24.427454897687234,2967.67224850661,0
1455,1.0471975511965976,58.799828332632984,29.040944161845523,3.485711451201133,24.76124538454046,2963.611535798636,0
1456,1.117010721276371,63.89511572301849,28.927497121916232,3.3902451418880926,25.52537602201845,2990.6243511516373,0
1457,1.1868238913561442,61.859387301133694,29.359906833926225,3.569795311333812,26.574887891715267,3051.1165064830548,0
1458,1.2566370614359172,65.475520824619,29.477193251500744,3.8775596489910837,26.341792268807186,3064.429243784144,0
1459,1.3264502315156903,64.19928681648578,29.23609697664072,3.4258590794225157,27.55164190518386,2996.0486791823705,0
1460,1.3962634015954636,65.76078974542354,29.18013974160992,3.6067552547717012,27.592545221587603,2971.515134878208,0
1461,1.4660765716752369,63.666568714295714,28.999181227670764,3.504888128333503,28.13331474491809,3042.5645846367834,0
1462,1.53588974175501,63.691948381978186,29.431234076846323,3.504811540612636,28.25679963525171,2933.2281767335808,0
1463,1.605702911834783,65.6621461483818,29.210715014050272,3.466958975853695,28.61303764724519,3009.9044341659237,0
1464,1.6755160819145563,66.23631515527028,29.150051614680336,3.3285165107296892,26.61481787719255,2998.243456286432,0
1465,1.7453292519943295,64.37673363855005,29.25394541691583,3.567027989856491,28.202949914109745,3051.753113740975,0
1466,1.8151424220741028,61.733717679794296,29.076498142182817,3.4422516500161224,28.779645308418655,3055.800741585535,0
1467,1.8849555921538759,60.75715568384793,29.163299095522458,3.319039983252255,29.015909375718667,2962.298857682109,0
1468,1.9547687622336491,59.582568852226075,28.896250597853296,3.70283465244966,27.343083051072167,3006.707121418999,0
1469,2.0245819323134224,57.794298914053435,29.241615933946864,3.519801924540469,28.519498249470747,2977.1758263103384,0
1470,2.0943951023931953,59.13537120947037,29.023568828370976,3.454380208531352,28.058491822864696,2988.2669046037304,0
1471,2.1642082724729685,58.99425664753892,29.168665216161152,3.76801132294926,29.45148984094413,3024.695510982319,0
1472,2.234021442552742,55.44036023191528,28.915442477651823,3.1327836928934003,26.810416682603712,2986.604235116323,0
1473,2.303834612632515,50.05089501047596,28.871343834255278,3.754564160745818,27.222383781750775,3007.757018261121,0
1474,2.3736477827122884,50.97348598015304,28.651742430307003,3.3239624101727565,26.278432601646898,3038.2908866111907,0
1475,2.443460952792061,48.681243940945365,28.885308677576568,3.542306507883104,27.703855831609516,3060.606468951837,0
1476,2.5132741228718345,49.594334478499455,28.573966309647503,3.3823872491758578,29.233233190313943,3011.547205792378,0
1477,2.5830872929516078,41.66066002111489,28.562939761099962,3.315399791909515,27.19426962975077,3004.7106162816053,0
1478,2.6529004630313806,40.5402039214663,28.56352295325545,3.762777305193687,27.092672750439373,2955.708393620726,0
1479,2.722713633111154,40.86192795922787,28.506267599244364,3.871243313479057,27.20972306638783,3063.4319381644286,0
1480,2.792526803190927,36.06587396167492,28.154509630958138,3.4557548698697844,26.41094893863736,3019.828042713126,0
1481,2.8623399732707,33.24865062203963,28.296143947157198,3.5670949404388588,26.509308474427595,3005.4490049794676,0
1482,2.9321531433504737,29.527902742334987,28.368778561777866,3.5113982503325,26.222221023008384,3003.401968887868,0
1483,3.0019663134302466,26.757704851188855,28.11025701597349,3.8461013674705713,24.90492881055958,3014.4261389422104,0
1484,3.07177948351002,24.305455613903455,28.04999800536095,3.077369910509293,25.161611112909153,3030.8716195952293,0
1485,3.141592653589793,18.785770521660858,28.02436090762641,3.575424688254044,25.470099572817418,3035.822021205224,0
1486,3.211405823669566,18.178046549876683,27.897398166625,1.8545747371712133,25.24510459615767,3064.432075832264,0
1487,3.2812189937493397,11.677705931468742,27.67841495348978,1.5288071957057643,25.154544819348676,3009.7075403405047,0
1488,3.3510321638291125,11.13652587244815,27.745054052468653,1.9278939805141517,23.98728444967467,3070.168048770616,0
1489,3.420845333908886,7.864430433164537,27.818346148520487,2.3696097581821105,23.598381785661044,3042.3089311793024,0
1490,3.490658503988659,3.684653918056749,27.431899435919135,1.8687901619199199,23.50231825564066,2997.594744753221,0
1491,3.560471674068432,1.662823148600538,27.45574374488617,2.158153101312922,22.01037605609041,2933.305050862267,0
1492,3.6302848441482056,-2.0600305543634194,27.229389426066668,2.2397344394126733,21.55922216917681,3003.4224905718793,0
1493,3.7000980142279785,-5.4539188807868335,27.505304175493706,1.9974606394760954,21.54932977244384,3062.339112195613,0
1494,3.7699111843077517,-6.980758465581753,27.280803966223353,2.0240911236822585,20.21218576467645,2968.9894747947114,0
1495,3.839724354387525,-10.581425388951757,27.101124923335274,1.6567404186917776,21.14449305222175,3003.2985058985023,0
1496,3.9095375244672983,-10.775430474515009,27.18024979547068,1.8567672273654707,21.250764421919406,3006.608756372871,0
1497,3.979350694547071,-15.166645387711277,26.927686177192808,2.1814015248659993,19.44372925344208,3037.685063673248,0
1498,4.049163864626845,-14.392518377815916,26.899362765952873,2.0121358194074137,19.969835382659284,2984.4875380886683,0
1499,4.118977034706617,-19.078909366870093,26.78613488345618,2.0734682882887365,18.7399498118697,2965.2246500617885,0
1500,4.1887902047863905,-19.820585543671235,26.800752629825062,2.0266315159366104,18.064963459124918,3022.800086048949,0
1501,4.258603374866164,-21.38263719578528,27.125047782040973,2.4384007888592865,20.172850883376885,2970.2645192384957,0
1502,4.328416544945937,-19.73555336219317,26.777411624827465,1.9138960337622797,17.39370700346019,2926.5797859143154,0
1503,4.39822971502571,-22.30210831485702,26.928665948843538,2.321082008597262,16.85766469488909,3073.6148769771144,0
1504,4.468042885105484,-23.980908386236433,26.710199915475417,2.0267006444413465,17.75858587269296,3037.081226485502,0
1505,4.537856055185257,-23.568269723944773,26.932160758249832,2.3388397949161597,17.52882474425452,3075.3355114166875,0
1506,4.60766922526503,-27.914273812566837,26.652661425418373,1.7550043821483698,17.597816965001186,3034.9605101206216,0
1507,4.677482395344803,-25.037287600320667,26.806615196741348,2.036930441526172,18.43908492899866,3027.214596867698,0
1508,4.747295565424577,-21.976315949152163,26.80865870405743,1.921262643215306,16.015618113991685,3014.781425336814,0
1509,4.817108735504349,-24.554965531968296,27.15574452602206,2.027894467170008,15.999918404051344,2992.558868737509,0
1510,4.886921905584122,-24.214479131795365,26.912794489582375,2.2444752525332254,17.60203550606412,3020.484263276204,0
1511,4.956735075663896,-22.841115112956555,26.746709526319414,2.075761921071589,16.94631014627709,2977.870700625036,0
1512,5.026548245743669,-21.454135368310396,26.961489524993393,2.2440765380053875,16.743377551976014,2957.230833100831,0
1513,5.096361415823442,-24.719473494840223,27.208105545092636,1.865955781345211,15.568446942110818,2986.710967323157,0
1514,5.1661745859032155,-22.969221806149058,26.677001730868355,1.8354331084952569,16.907116746804203,3051.6596916540557,0
1515,5.235987755982989,-18.65570623367052,26.834397209073362,2.0032210146274534,16.644216885240468,2950.70373252299,0
1516,5.305800926062761,-18.379005607823157,26.969620279066955,1.992269564321783,16.17778815995745,2951.339333967996,0
1517,5.375614096142535,-13.492446018972608,26.991823861600643,1.9628281262351615,15.611807769693932,3023.652366508513,0
1518,5.445427266222308,-13.914278731310596,27.058312704677647,1.808273654865863,16.24754099662169,2983.3968518225333,0
1519,5.515240436302081,-14.161422774224569,26.970775115610216,2.239730317970378,17.591849849169844,3019.4198018063785,0
1520,5.585053606381854,-10.827463311160278,27.439248276408655,1.9274325598733024,15.536662995934007,3039.5942972751777,0
1521,5.654866776461628,-10.574850382607163,27.08126640747754,2.2852156244425363,15.937999770651002,3018.461299370315,0
1522,5.7246799465414,-4.197555196418628,27.33406496147678,2.0025486730408115,16.26801512736606,2974.710176852862,0
1523,5.794493116621174,-1.4087965162616611,27.593508713421034,2.129685786162809,16.659496982772236,3051.317352341144,0
1524,5.8643062867009474,1.0601569969161475,27.50738829973716,2.1115419285927364,17.21787860089391,3029.6849073041403,0
1525,5.934119456780721,6.227412108889521,27.442666702973785,1.8351450519298296,18.262875495918333,3001.0731141675833,0
1526,6.003932626860493,9.394098743010051,27.466933824563508,2.073440584310498,18.15264363242164,2999.1366874440628,0
1527,6.073745796940266,10.38839127816664,27.716006091614524,2.385666588893421,18.14022115285661,3014.9597015790796,0
1528,6.14355896702004,10.53516995558175,27.71943784397035,2.0503224506200715,18.640220647829874,2987.520651989668,0
1529,6.213372137099814,17.786881052252774,27.947076895262498,2.180255347911935,19.262344286141662,2934.751812211198,0
1530,0.0,20.833040342762864,27.789782327841372,2.138654368918437,17.778082011391106,3030.006309850467,0
1531,0.06981317007977318,23.603128673721056,28.205663129026092,3.5614099316729972,20.35502365049649,3027.629720794847,0
1532,0.13962634015954636,27.73500916716512,28.18434014962675,3.5372957435449495,19.22312615129762,2907.957361372131,0
1533,0.20943951023931953,27.608783942107607,28.277969488134183,3.60946311182426,19.92625610680958,3020.4270457062903,0
1534,0.2792526803190927,35.41681409104267,28.5469263437164,3.6526565092951224,20.958595040697382,3070.2593415555884,0
1535,0.3490658503988659,33.95176481994229,28.34475484723502,3.2295671885897854,21.03750497412791,2954.8944658730584,0
1536,0.41887902047863906,39.42698332921229,28.379211467480978,3.549460577819291,21.903352125927213,2997.0683483643716,0
1537,0.4886921905584123,38.595198783745055,28.48120133109104,3.4631844238505365,22.045616923996985,2992.7207074346375,0
1538,0.5585053606381855,42.45096985958915,28.607024131651357,3.4216946312696583,22.119366111783346,3066.4164773748353,0
1539,0.6283185307179586,48.72488932324929,28.69169756853227,3.7591928758057147,23.990806611181295,3044.8378817662783,0
1540,0.6981317007977318,48.53409270139299,28.64674047113358,3.353370750387229,23.747479990746285,2964.863354139503,0
1541,0.767944870877505,52.51951057835407,28.530127256595836,3.2210461879379997,23.8301950671237,3013.684740934341,0
1542,0.8377580409572781,53.79695022956161,28.807634440441017,3.659143245077171,24.54225170337473,3092.106885291101,0
1543,0.9075712110370514,55.30304667830223,28.9995867542711,3.215921228689222,23.814020375082933,2975.0116840343544,0
1544,0.9773843811168246,59.35246625237591,29.015283833004073,3.114411384408287,26.496562740830058,2999.5538486536266,0
1545,1.0471975511965976,58.61615493332189,29.2191636550152,3.681653537997993,24.25166637841263,3020.540292139505,0
1546,1.117010721276371,57.77462492211731,29.371875837153567,3.5317444501124977,25.56213287826557,2975.5978180112297,0
1547,1.1868238913561442,60.518413317577874,29.226520691198914,3.5945439254737552,25.575365464831822,3070.52812339971,0
1548,1.2566370614359172,63.62433082633445,29.348645915915416,3.4115144850440755,25.859348350299,2981.093267988659,0
1549,1.3264502315156903,64.2565713419636,29.279371015370664,3.223118773678196,26.049781039899482,2944.4385948350323,0
1550,1.3962634015954636,61.9657615101962,29.438254192003757,3.2628425572764663,26.06862443771529,2979.0007184433484,0
1551,1.4660765716752369,63.66697151246,29.47105431958562,3.445562220113743,27.886642511797263,3026.1208034474466,0
1552,1.53588974175501,64.10000519205593,29.341943768039755,3.2455194284163915,26.198135278142956,2968.0730349698297,0
1553,1.605702911834783,64.42438282468797,29.3052260143866,3.5614105814091306,28.149529152799666,3012.087975554684,0
1554,1.6755160819145563,62.689614908669974,29.162641448651325,3.407508412393116,28.056162313346324,3022.5020176056664,0
1555,1.7453292519943295,63.373792223370145,29.175568711470063,3.537007209473061,27.380295986437893,2951.6426383168136,0
1556,1.8151424220741028,62.57039195453055,29.113679271828655,3.531029625645286,28.23107469316262,2977.451911296231,0
1557,1.8849555921538759,63.95484312292479,29.23445556118844,3.5773599108849052,27.77036830407611,3013.9588343815226,0
1558,1.9547687622336491,62.9369554219908,29.004568419876243,3.5998965054578,27.078853030675845,3028.0964864001407,0
1559,2.0245819323134224,60.22701639632928,29.049886924092014,3.431219881844151,27.121246905788873,2978.4486392092945,0
1560,2.0943951023931953,58.383083476493645,28.685955001764583,3.536793853326766,28.522682584080115,3006.0708924099213,0
1561,2.1642082724729685,57.51657723303555,29.253308571281927,3.547201625684035,28.45669791348606,2988.6425500101695,0
1562,2.234021442552742,54.23562125111913,28.91254171694012,3.014221938181327,28.113859113574648,3029.1140068320237,0
1563,2.303834612632515,51.72126902323158,28.960110856173362,3.629305149171898,27.52460221541666,3020.7765431666244,0
1564,2.3736477827122884,49.849294857266294,29.052258048757505,3.5299884392440504,27.57459443471196,2985.060679392173,0
1565,2.443460952792061,47.97322268993709,28.816389147240024,3.6128097730487143,27.327720276251828,3019.137754047846,0
1566,2.5132741228718345,44.70512565347289,28.921993858064983,3.2426312809105475,26.024605666756727,2983.4960651282922,0
1567,2.5830872929516078,44.08945622908853,28.44964244525714,3.4368453649675215,27.27874552478243,3018.294478174259,0
1568,2.6529004630313806,42.220793836040656,28.922972363782726,3.281694108686884,27.42980998138757,3018.8517818137834,0
1569,2.722713633111154,35.92250148721366,28.651150501464276,3.648920275242575,26.823619088911833,3094.8418611427405,0
1570,2.792526803190927,35.428599516479146,28.441804545863796,3.218976691586301,27.919300664258554,2986.5495103158355,0
1571,2.8623399732707,32.07377731886548,28.544526726874217,3.314269043615536,25.41283794324835,2994.34926052146,0
1572,2.9321531433504737,29.868289115104375,28.074198796082904,3.6068628256543964,25.37956871403116,2974.110735984315,0
1573,3.0019663134302466,26.243381391047578,28.123715489336654,3.3741250935445506,25.68778932878134,2958.687052088432,0
1574,3.07177948351002,20.958642398588204,28.300345327953305,3.314321868642188,25.43186193030283,2981.741580256303,0
1575,3.141592653589793,18.10641605171426,27.719940972865757,3.6813438859080367,23.3555863316042,3026.6040278088494,0
1576,3.211405823669566,16.905094044891843,28.00036089775087,2.189542351318374,24.984402102807675,3029.4984612539724,0
1577,3.2812189937493397,15.280381836415316,27.912818702824694,2.1444142385081997,24.314396966037737,3011.8271937874933,0
1578,3.3510321638291125,7.322692856636338,28.045889843542014,2.1697419347880587,22.023421241181964,2988.1694047788037,0
1579,3.420845333908886,8.114908857937415,27.431791860061267,1.9536841442123887,23.22038580155755,2980.2650005627675,0
1580,3.490658503988659,6.393526558276376,27.831020486563943,1.959081405072677,22.255337145918023,2963.326779581519,0
1581,3.560471674068432,1.4673122472796885,27.427995416836705,1.8703837442932794,22.123533615496427,2977.7244959614795,0
1582,3.6302848441482056,-0.3009165813254284,27.36958270567015,2.0335458335431955,20.997364783025848,2948.194877634709,0
1583,3.7000980142279785,-4.90097051184092,27.180796224876186,1.8944203345348303,21.982119001506216,3054.3143324750263,0
1584,3.7699111843077517,-6.629385652076603,27.131479891628995,1.9133867588146045,22.641621028775912,3073.486059452882,0
1585,3.839724354387525,-11.356812713356492,27.28918322049424,2.11998008679658,21.03099129419805,2922.565489860003,0
1586,3.9095375244672983,-14.776141633283192,26.999560168232,2.236907849102876,18.683991511573875,3011.5705455140246,0
1587,3.979350694547071,-12.027368444644818,27.219268859475065,2.079652050854019,20.240240999179,3010.907678214241,0
1588,4.049163864626845,-16.937976303889155,26.95494218862647,2.3588631730485137,19.46600499699184,3008.3523515836055,0
1589,4.118977034706617,-17.98998253248201,26.823199842056653,1.8588968855934505,18.36244462482001,2976.2902271514795,0
1590,4.1887902047863905,-21.050806550205017,26.88159814350469,1.6324050721581482,19.16112292583368,3040.9005583502276,0
1591,4.258603374866164,-22.560686638088324,26.971953223204444,2.142925577917911,19.232213830871036,3016.419092063142,0
1592,4.328416544945937,-21.98403000564735,26.845776385230202,1.8456332894706537,17.660698726759474,3041.3648701585535,0
1593,4.39822971502571,-23.891909024485376,26.863863698195736,1.9452615516449272,16.56613390070985,2970.4995208234877,0
1594,4.468042885105484,-23.096351185427793,26.940076247744216,1.6460406979757751,15.977475763414414,2944.672687813683,0
1595,4.537856055185257,-23.63754125707997,26.98059391412789,1.8201579505308347,16.78145948661765,3017.396221183281,0
1596,4.60766922526503,-24.27221082208539,26.760059429269656,1.6995545166841528,16.939628476641385,2961.48225096727,0
1597,4.677482395344803,-24.61468602946664,26.64409770524066,1.9131393473159393,16.42529803528075,3042.1839842333547,0
1598,4.747295565424577,-22.605934908461478,26.812145179415463,1.92108970122341,16.090696292017483,2914.9351474249265,0
1599,4.817108735504349,-26.354875945139632,26.877171163473683,2.0179920823096418,16.91698749613299,2981.258404203912,0
1600,4.886921905584122,-24.398751184853744,26.599121900489557,2.247944592871035,16.685251945135374,2975.3631260938773,0
1601,4.956735075663896,-21.964272951640464,26.702053883917667,2.1353812529795637,16.354685856080618,2986.7049343267136,0
1602,5.026548245743669,-20.90073351927486,26.750854146051374,1.6755660727579038,16.756502709241914,3010.443962878528,0
1603,5.096361415823442,-23.855918929522293,26.8562060462118,2.1216030871225713,15.515296016280418,3015.8494294400557,0
1604,5.1661745859032155,-20.91426524594632,26.807292058896984,2.022350939488292,15.130758782427549,3025.589504092588,0
1605,5.235987755982989,-16.933961526498848,27.066825624223206,1.9804347135927804,15.583803689713742,3030.199454571585,0
1606,5.305800926062761,-16.544572107178293,26.76438493271519,1.9954600940125549,15.553116128116542,2993.1389759731296,0
1607,5.375614096142535,-15.16758936508282,26.817429291092772,2.040910485617251,14.438718453043105,3084.3481744682585,0
1608,5.445427266222308,-13.768044186634745,27.058142887700406,1.861622641797287,15.725729641473356,3055.4836133582794,0
1609,5.515240436302081,-11.835328059216511,27.140062034828226,1.9635298284950717,17.156940782529006,2987.5204713735457,0
1610,5.585053606381854,-8.493113841258797,27.010458287447438,2.236787824778367,17.05251994251124,2994.525052314321,0
1611,5.654866776461628,-6.828897540638026,27.2036453708519,1.8592188431148933,16.99798611066664,2986.6780882919898,0
1612,5.7246799465414,-3.9102348220609255,27.30394031030729,1.7940224047649809,16.875551510012176,3014.5319445544233,0
1613,5.794493116621174,-1.00832226619253,27.37763943260361,1.9876585304252299,18.147272728493657,2961.122486794286,0
1614,5.8643062867009474,0.6797437688487453,27.534698250802432,1.7738867086487304,16.382333634216362,2968.418501563042,0
1615,5.934119456780721,5.40728761116707,27.490338995345663,1.6554433757091322,16.724156975786514,2913.305350183425,0
1616,6.003932626860493,11.967685960858141,27.890910618020843,1.9311065645850367,18.682948559838493,2984.053594849073,0
1617,6.073745796940266,7.978493954211694,27.823736666978725,2.2897243769127846,18.113632229924832,3042.59036735896,0
1618,6.14355896702004,14.223229243082004,27.711925250751722,1.9922791808246214,17.881683222130256,2993.9159591940215,0
1619,6.213372137099814,15.720673548586028,27.930468955512186,2.0357154188896427,19.204691219256294,2996.153522340813,0
1620,0.0,20.866103866278873,28.018602297790842,1.573970328369775,18.772673199024396,3011.1263657542204,0
1621,0.06981317007977318,23.20887752847743,28.265915989667615,3.5876250984881892,18.82773590071462,2959.910502688195,0
1622,0.13962634015954636,27.40557170426664,28.076950356814624,3.518673172261958,19.19197505531307,3001.0114485057693,0
1623,0.20943951023931953,31.11928595156234,28.364594833639398,3.3670170343921293,20.53830389257238,3035.613179819953,0
1624,0.2792526803190927,32.69231268841723,28.33704299834777,3.5360100942804746,20.850899180639043,3012.262526664479,0
1625,0.3490658503988659,37.08898488227636,28.634159149458117,3.5340243234315922,22.311227049855802,3039.1265892504684,0
1626,0.41887902047863906,34.78670209772799,28.681717689586872,3.2881024143284128,21.281736375771338,3050.565276250746,0
1627,0.4886921905584123,43.511898772239114,28.592912771031962,3.566370745355982,21.68643503019353,3026.5035904655124,0
1628,0.5585053606381855,44.408960118332736,28.596560723927436,3.739427084505431,23.50253876585418,2971.4653190327977,0
1629,0.6283185307179586,48.067101386779065,28.781333189202886,3.4544117049052967,23.556317510302343,2986.2345854551895,0
1630,0.6981317007977318,47.09562881863199,28.744277627554773,3.3264811595125785,23.296946208148366,3077.2595541186656,0
1631,0.767944870877505,50.01347184824687,29.085636110447545,3.4644839860396544,22.339691028950156,3012.56674053314,0
1632,0.8377580409572781,53.6604245876999,28.903544302299427,3.6709226390128857,23.338752004860652,3007.2382635908957,0
1633,0.9075712110370514,55.4349270782963,28.88476650945114,3.2547362321405457,23.535008131338742,2965.601626385042,0
1634,0.9773843811168246,57.731293646991865,28.92590282415496,3.615711651756836,24.785906768896208,2996.341553775387,0
1635,1.0471975511965976,60.59791591169469,28.857275146761523,3.3643971082959037,24.715103247645906,3028.6549434461112,0
1636,1.117010721276371,57.79790161050824,29.162036724773,3.5484126162759475,26.753921865904687,3000.5938284198587,0
1637,1.1868238913561442,63.1840020630814,28.989618945084217,3.387133744990887,24.54735671670681,2979.224870605974,0
1638,1.2566370614359172,62.809966098218794,29.305990057382346,3.386596608983688,25.189808077110467,2988.5045534821033,0
1639,1.3264502315156903,63.35763489073302,28.970414613430957,3.8046189832470096,26.60888947285517,3047.673012720644,0
1640,1.3962634015954636,62.10967603397202,29.200855520960637,3.2181826818933015,27.103141278325428,3026.7112325065696,0
1641,1.4660765716752369,65.5080582941376,29.365959838216547,3.597073235509109,24.866259763234094,3021.3616090744895,0
1642,1.53588974175501,61.35142543931275,28.87643193272937,3.8462648821842573,25.77356938647707,3017.6352855579466,0
1643,1.605702911834783,65.94517823271738,29.502008823991744,3.6371043852945646,27.15179507934012,2952.678801630591,0
1644,1.6755160819145563,62.515326538362814,29.12963349486221,3.2337805961921635,28.622167030757513,3010.8939634699705,0
1645,1.7453292519943295,64.39653575447556,29.20293361093897,3.243683898216919,29.195217599954944,3042.720299089205,0
1646,1.8151424220741028,63.48455442642796,29.250072255358646,3.34967492467072,27.47339087399712,2989.56313835119,0
1647,1.8849555921538759,64.55185045422274,29.250187177971515,3.531581582303975,27.76016993629704,3039.097122494433,0
1648,1.9547687622336491,61.4552907019846,29.153703216219096,3.5451885388178104,27.290165495655614,3021.809068740849,0
1649,2.0245819323134224,59.404524241744014,29.228160543114956,3.2456606891400615,28.500158949434496,3033.1069137022682,0
1650,2.0943951023931953,58.21123912634294,29.1170910914796,3.3254485083106067,29.221153038499505,3002.037459462283,0
1651,2.1642082724729685,59.216014918108876,29.258977258070896,3.337703502603996,28.97865824444208,3035.4634224487,0
1652,2.234021442552742,56.26492936607384,29.023962035756256,3.4638506383770213,27.89704949199494,2941.4127354631746,0
1653,2.303834612632515,52.863072174197995,29.186469118555337,3.896939091458215,27.166990082780888,3001.325828806935,0
1654,2.3736477827122884,50.9049570407081,28.968751870586445,3.3133625868753107,27.73349726506463,3028.520594443101,0
1655,2.443460952792061,46.57467680001611,28.500482612758606,3.3046084333728425,28.692792165529912,3011.8519810498383,0
1656,2.5132741228718345,47.03304765443861,29.097007704509142,3.273371940971231,27.10174729622093,3043.8249462401614,0
1657,2.5830872929516078,41.206643328951024,28.549751500808263,3.6271089142484465,25.777399701099203,2993.716046992154,0
1658,2.6529004630313806,42.25391502411828,28.78769747762333,3.4917316807289795,26.723838689765994,2978.1017890797975,0
1659,2.722713633111154,38.49608132714792,28.492102988158877,3.3207546903660083,26.546311447098596,2934.4370000335057,0
1660,2.792526803190927,38.97133414901598,28.56958771063119,3.4274408832443335,25.046942797627594,2989.081339985084,0
1661,2.8623399732707,30.75347768117853,28.22749299035053,3.34169793980846,26.402117524710988,3020.6749978727985,0
1662,2.9321531433504737,29.20203295023822,28.343355710444747,3.559178256237849,26.31325541815045,3030.4403405499643,0
1663,3.0019663134302466,28.960221094587553,28.12902913934292,4.036875321359267,27.06928822408905,2944.032576733759,0
1664,3.07177948351002,24.92612577892277,28.320558235231434,3.6101728811384475,24.170946916674396,3047.013005053065,0
1665,3.141592653589793,18.955681922630156,28.06580022511255,3.481402296978527,25.46097037665623,2961.0231671548113,0
1666,3.211405823669566,17.196909824074556,28.056683627702284,1.8670049025024094,25.275712623847895,2995.1540743482133,0
1667,3.2812189937493397,13.740209491419682,27.50838074812696,1.73131998362303,24.531440239141507,2977.2473447336984,0
1668,3.3510321638291125,11.066907714292078,27.737670069050395,2.146737946280607,22.913494289973137,3016.6899953532957,0
1669,3.420845333908886,6.548298334257801,27.730817918278344,2.135870835673264,22.46181187207148,3003.7629887016737,0
1670,3.490658503988659,4.475112946293809,27.623118063975156,1.9067798006618388,22.97992776529601,3027.1187422147937,0
1671,3.560471674068432,-0.7002275013260624,27.65608961036672,2.242666796588524,22.558334354824492,3073.752184580975,0
1672,3.6302848441482056,-0.9235351475629665,27.381748487886313,2.004221387777017,21.620298351065173,3015.9140989202697,0
1673,3.7000980142279785,-3.1713358803614686,27.371414948675348,2.154952147079027,22.68247766939396,2976.9328144546303,0
1674,3.7699111843077517,-6.791465472127113,27.47184171191128,2.0592394004066024,20.91159865832608,3018.442761102222,0
1675,3.839724354387525,-11.348018771771446,26.886851517859352,1.9645728240244724,19.304011839566595,3077.8055698694952,0
1676,3.9095375244672983,-9.776828876377689,27.254812530694956,1.8090230777385026,20.232253581380924,3026.2536105531585,0
1677,3.979350694547071,-12.894729589493528,27.058143485528092,1.9708926815274657,20.395982847909327,3037.8277443623997,0
1678,4.049163864626845,-16.54950655885396,26.91753937698889,2.1684101337789694,19.895284952399905,2936.2569420040713,0
1679,4.118977034706617,-17.72759143523396,27.055636546575347,1.8983729776201146,19.51063272233525,3015.475143958295,0
1680,4.1887902047863905,-21.222147274472484,27.14488720997997,2.087948279120636,20.0734150722062,2989.279290002974,0
1681,4.258603374866164,-21.983847275129367,27.077318719163628,1.7834528235951992,17.636569591007454,2972.795005517103,0
1682,4.328416544945937,-22.52999047504114,26.867112419883863,2.1560116672260716,17.856526833593446,2999.107306909643,0
1683,4.39822971502571,-20.95491201486168,26.99009332500996,2.0625882672979925,19.11716337976769,3004.345359251886,0
1684,4.468042885105484,-24.622562768751056,26.965855313235682,1.7595778482326998,16.012933645477283,2975.024323920321,0
1685,4.537856055185257,-23.356028396556223,26.805125005811373,1.9551970952956776,17.271052003723693,3007.5385504083492,0
1686,4.60766922526503,-25.560959595864674,26.70261164275984,2.186288181863674,18.04716814423886,2993.0605160880446,0
1687,4.677482395344803,-24.600665874581495,26.705445902908735,1.7481934918693551,17.809315486937983,3028.097554980645,0
1688,4.747295565424577,-25.18468046907501,26.926409009907307,1.785809952275013,17.165415064424472,3009.1029936328227,0
1689,4.817108735504349,-23.44390039143319,26.800251703501168,1.9861006090427014,17.01101931583982,3015.036934353972,0
1690,4.886921905584122,-25.118565892877204,26.661303363425763,2.426666146086439,15.482172609774526,3039.1755187474664,0
1691,4.956735075663896,-26.022100057423508,26.582915703142437,1.8654843831921004,17.29355280101581,3022.1982343935683,0
1692,5.026548245743669,-24.870466780327362,26.983506898260273,2.099054799917099,15.143263112737994,2999.756624295635,0
1693,5.096361415823442,-22.521089696419573,26.80536261118022,2.0520270815202704,15.128011483017973,2916.523001999344,0
1694,5.1661745859032155,-22.319322039479594,26.971005307789397,1.8820960199468912,16.3167054754054,3020.5491197518004,0
1695,5.235987755982989,-18.355825146780415,27.14672555151904,2.032226670356975,15.60725903252188,2963.5230679097185,0
1696,5.305800926062761,-18.00534301226401,26.80881624140593,1.910433067581009,16.191515704693764,2996.5504870119885,0
1697,5.375614096142535,-11.898574087262832,27.047616488595008,1.9284390419766977,16.424363681304907,3014.8418794103914,0
1698,5.445427266222308,-16.048089039188458,27.082622087494297,1.6677456194453733,17.584672344611374,3053.3211609516484,0
1699,5.515240436302081,-10.954176902590191,27.2233713867934,1.9951127530267356,16.62004000683635,3073.692912058009,0
1700,5.585053606381854,-10.617371971152785,27.414528868139218,2.17981870132451,15.917009754690184,2963.151268525143,0
1701,5.654866776461628,-7.1904383637353195,27.095239925049672,2.011485154955937,17.119029391650685,2947.3654849455015,0
1702,5.7246799465414,-3.634237680483443,27.44956657522602,2.218101552164486,16.104853715356903,3013.028686767473,0
1703,5.794493116621174,-4.614277387676516,27.591362690905985,2.1160654891890034,17.718678327080863,3009.697110161516,0
1704,5.8643062867009474,2.0520902367710354,27.483959468715522,1.988091738733956,17.282170285766135,2951.924964883036,0
1705,5.934119456780721,7.463454743756164,27.56895877907523,1.8744148893986363,17.816453726282365,2999.3358799227967,0
1706,6.003932626860493,6.916161540682121,27.73200257836734,1.9027472569277193,16.358989159195925,3023.90163782987,0
1707,6.073745796940266,11.033685698409071,27.80222853270216,1.7058979052125758,16.290951836308675,2950.793931112843,0
1708,6.14355896702004,15.274592996485135,27.92034516995299,1.9465842219803349,17.217486481834854,2960.2165843147636,0
1709,6.213372137099814,16.615028431473892,28.000484310467233,2.029199751712831,20.159768202409893,2974.2336025855097,0
1710,0.0,19.128559717202776,27.852704154157653,2.343084219559847,18.20492291009711,2991.5095900398633,0
1711,0.06981317007977318,19.72543671290301,28.23224774314869,3.6056640646557754,20.083604138683956,3027.7588602310184,0
1712,0.13962634015954636,27.224275622295405,28.342025195480613,3.3270292039724048,19.37073026647818,2986.9407730569897,0
1713,0.20943951023931953,29.186273472205823,28.277406463034854,3.2121263448962387,20.089040324376175,3002.21267304098,0
1714,0.2792526803190927,30.884655234682718,28.106641530997948,3.4586895825590855,20.650470579279105,3089.8471132095983,0
1715,0.3490658503988659,35.580801515071634,28.39321231609079,3.66235288936555,22.41285237878024,2961.74758869285,0
1716,0.41887902047863906,37.42762840320174,28.517244853232047,3.4558767326611224,21.98141219768568,2973.8802641079483,0
1717,0.4886921905584123,40.3335811286918,28.39167583967505,3.6083968350011193,22.24018110148814,3027.1235549716366,0
1718,0.5585053606381855,44.75580362465729,28.581882407543294,3.4637749101495623,23.3881906871216,3039.5217276453104,0
1719,0.6283185307179586,44.442762736175524,28.493936894617185,3.64340008694312,22.261242584671006,3016.5920349458397,0
1720,0.6981317007977318,50.49641536500491,28.862438965371812,3.180548395458868,24.035701946699323,3072.3587027506132,0
1721,0.767944870877505,49.16309742597727,28.858483341786105,3.82083642402922,24.30954328314219,3012.6982373948795,0
1722,0.8377580409572781,52.44746503394984,28.644906315850736,3.2775033103552578,24.700155321282065,2920.955852659608,0
1723,0.9075712110370514,58.34490320340236,28.99833263356536,3.6587464659459554,24.254270606919725,3003.8798274978944,0
1724,0.9773843811168246,58.99772290744051,28.986368744957506,3.445563201066209,24.406893430754767,2977.1606550361,0
1725,1.0471975511965976,59.1175491590429,29.11669262695449,3.47683441992662,24.42591722314361,3055.3524699542245,0
1726,1.117010721276371,59.03493676021069,29.019822990495687,3.45177961880597,24.825852059657617,3038.584962568601,0
1727,1.1868238913561442,60.92936499545559,28.99239871536869,3.551120917010299,25.070895966879224,2936.4123689415756,0
1728,1.2566370614359172,62.90745620516045,29.025641125585512,3.591504908656179,26.4123580601015,3054.0127225435017,0
1729,1.3264502315156903,63.71959253092924,29.083629339048933,3.7116723023646134,26.230517394335234,3037.57471075195,0
1730,1.3962634015954636,64.18004249111041,29.184593068101808,3.7815897765194757,27.031112596658108,2987.021514835967,0
1731,1.4660765716752369,64.70723652044603,29.215620044255648,3.5663643093553405,27.32627436367301,2996.862324225371,0
1732,1.53588974175501,64.65102455130163,29.1706610107517,3.8427348478336607,26.3140926703786,3055.6870816454607,0
1733,1.605702911834783,62.80961911239929,29.135771060073438,3.5185945085644956,26.490863208165226,2921.139523369002,0
1734,1.6755160819145563,63.978719178331055,29.140715784241106,3.7154880724505848,27.35440381903089,3017.8159202015877,0
1735,1.7453292519943295,65.68828496652964,29.55792802144069,3.5857439345812296,27.064912312890343,3043.7363854050013,0
1736,1.8151424220741028,61.61080623609317,29.048746098806465,3.3901590737149268,27.10065915450651,2996.4514787715184,0
1737,1.8849555921538759,62.513209965973,29.057572018272253,3.5362468308759687,29.253237125493268,3025.9163925256717,0
1738,1.9547687622336491,60.493642562349166,29.606698741735364,3.600634375501825,26.7329742839814,3004.126181462313,0
1739,2.0245819323134224,60.612757727559675,29.141704850928082,3.4935603737194785,29.612045371348007,2968.638429211523,0
1740,2.0943951023931953,58.388193398699514,28.832233384655773,3.5825713035995115,28.22943047759163,2967.63879930343,0
1741,2.1642082724729685,59.52278126243888,29.12124816766264,3.673072591865379,28.76283228095238,3028.4771706951647,0
1742,2.234021442552742,56.22035864358787,28.809107070947892,3.4953253716008215,28.614916235983458,2974.571730978474,0
1743,2.303834612632515,51.47381239781692,29.028133016743638,2.911222466263504,28.331382788701895,2939.0167624641695,0
1744,2.3736477827122884,52.26646868807541,28.801945702645195,3.835654030298674,29.056405100931325,3004.89594766886,0
1745,2.443460952792061,47.76346465150118,28.705375754200436,3.4404817139559345,26.722229451201624,2979.4767431612595,0
1746,2.5132741228718345,45.584841796095,28.946717048075104,3.3353439558335403,27.297058272675496,2952.0356749904117,0
1747,2.5830872929516078,44.31709542065491,28.720863319978733,3.2751779408694364,26.547465394576808,3002.8698973227156,0
1748,2.6529004630313806,40.38859919576989,28.70931429096045,3.432710819533271,25.654982467594063,3030.6910696034797,0
1749,2.722713633111154,39.64243266289545,28.553321923618952,3.3874504337366034,26.24053915504269,3000.806002567657,0
1750,2.792526803190927,34.229141357385004,28.343757493421837,3.352598107223062,28.00201954922225,2957.35036575737,0
1751,2.8623399732707,31.475261182877944,28.42246799001913,3.363574746031085,26.07771430117816,3019.272142496142,0
1752,2.9321531433504737,28.371469746477004,28.43087633788398,3.6059485648119645,27.49526425821298,3041.4062552830583,0
1753,3.0019663134302466,25.4143314206704,28.18721842767971,3.9060726882006205,27.250035862988966,3088.521366531877,0
1754,3.07177948351002,24.78782865180737,28.353954159144926,3.66411431960298,27.632952773105753,3057.673761210627,0
1755,3.141592653589793,20.94319444041546,28.127573080480285,3.724519636950914,26.400947646903866,2959.7856643920522,0
1756,3.211405823669566,19.42587461253249,27.94808961397279,1.9245179937106522,26.38874919517424,3034.323309523784,0
1757,3.2812189937493397,17.138676762645932,27.870715258500596,2.0209330731101156,24.375877527237837,3010.2609568263038,0
1758,3.3510321638291125,9.097898365302331,27.771091540363834,2.0852964808460572,23.901598183197773,2953.9160335652286,0
1759,3.420845333908886,7.701947679225979,27.481549355180352,1.868088421271446,23.54962470563777,3011.351808472879,0
1760,3.490658503988659,2.8447930753797612,27.576064998637907,1.9148539858901765,22.90222012715725,3076.747067916284,0
1761,3.560471674068432,0.5304421699666075,27.54509400111022,2.1709103916666153,22.605922735081492,3047.834568428767,0
1762,3.6302848441482056,-2.0713440907485934,27.37422135646695,2.2180585510200217,22.669591462890875,2959.4620077505347,0
1763,3.7000980142279785,-5.432099201701629,27.41474843572586,2.0134820539030516,21.276513774330127,3000.5486886753974,0
1764,3.7699111843077517,-8.028167262508907,27.2978538208023,1.7609685638442547,20.13010053407276,3019.6669772122737,0
1765,3.839724354387525,-9.141869003674648,27.344708652040968,1.9408816033564684,21.109867472919845,2930.803855934434,0
1766,3.9095375244672983,-13.084704298234492,27.265876812609065,1.7117337730988256,19.85725492552494,2932.1824894524166,0
1767,3.979350694547071,-12.178326707776282,27.133299202564853,2.0150404819669454,19.540345371335693,3006.1851137643466,0
1768,4.049163864626845,-16.837114218428763,26.849305161976634,2.051080622254284,19.50751344649973,3006.7070019973607,0
1769,4.118977034706617,-13.092337309832276,27.273763323736127,1.9458579157924447,18.945540076996192,2926.44724266149,0
1770,4.1887902047863905,-19.64821984674632,26.939485865673,2.048342244476641,19.766257854734214,3015.518941028305,0
1771,4.258603374866164,-20.33770562058693,26.90931417638673,2.083380247816768,18.395008816750476,3043.478508139937,0
1772,4.328416544945937,-23.66628523220448,26.83600124721495,2.051372408581425,19.12385322257536,2991.2679332458197,0
1773,4.39822971502571,-20.23840559609045,26.785470432035986,1.759693941540614,18.045933148513086,3002.392471447647,0
1774,4.468042885105484,-21.984056661215465,27.067253835668883,1.9493471348974611,17.515990353500175,3022.85646866737,0
1775,4.537856055185257,-23.87097507944519,27.02613734444326,2.0819685956532537,17.440583950515343,3017.5611710517624,0
1776,4.60766922526503,-26.77368911474165,26.87323273609472,2.3157423542612,16.030727360832646,2933.2550999133914,0
1777,4.677482395344803,-24.656586899272376,26.784605984412476,1.9456148499522605,17.108564237767293,2963.795152315455,0
1778,4.747295565424577,-26.654733784885188,26.893598705329147,2.110168040089622,17.31667340319936,2984.1658625524556,0
1779,4.817108735504349,-22.559952396362263,26.817643272823478,2.1756303823847647,17.255348215907446,2965.5669179685524,0
1780,4.886921905584122,-23.102556787769608,26.789697258636885,1.960674460325488,15.23325183991634,3058.6787399190853,0
1781,4.956735075663896,-23.520149124688245,26.886361016694753,2.229681549497468,14.979826972078081,3025.3790375306953,0
1782,5.026548245743669,-26.4521067281529,26.792558518404,2.2404347662861794,15.673857661701959,2955.610983768136,0
1783,5.096361415823442,-23.19839742349398,26.925219014120373,2.276076946812238,17.148071784910975,2991.42656968822,0
1784,5.1661745859032155,-19.414090386062707,26.952080283284246,2.0916864337971064,16.1831864853386,3045.215685482013,0
1785,5.235987755982989,-17.151817632715005,27.05120991864736,2.4720274499315074,15.381914437297077,2974.150424344466,0
1786,5.305800926062761,-15.642936047738695,26.91228436931261,1.8769433774471318,14.863806771917654,3034.06335417377,0
1787,5.375614096142535,-17.848503415664663,27.160907548603415,2.424815517235788,15.532558574317834,3055.327187622426,0
1788,5.445427266222308,-12.989188686263404,26.972279485484552,2.1536598977316865,15.560943650300471,3048.645638585863,0
1789,5.515240436302081,-9.736353845930498,27.080524957706018,2.2680774666053436,17.021554513299428,3007.216165783353,0
1790,5.585053606381854,-11.41294578426765,27.14931610950429,1.9359924490916578,17.221872597526588,3050.0409998926116,0
1791,5.654866776461628,-6.462193126221155,27.13384993139298,2.1688949405927525,15.737917527349028,2979.1104793365876,0
1792,5.7246799465414,-3.435603293031575,27.516446225428005,2.2853948327328726,17.372789924687872,3099.4352535178436,0
1793,5.794493116621174,-1.5773672026351884,27.29127625322846,1.7825282712552255,17.508759426520374,3009.6339816573814,0
1794,5.8643062867009474,-1.0813917215128086,27.407078577698037,1.9673347436369162,16.286723298300387,3045.8717664843957,0
1795,5.934119456780721,4.120546385234319,27.777886984582196,1.5717494623537624,17.428963714294486,2985.5196456393955,0
1796,6.003932626860493,7.105360842852474,27.583647767741553,1.9643334046301686,18.056168331413602,3019.9765813300596,0
1797,6.073745796940266,10.421865306379175,27.722284568247975,1.8367983613079828,18.222136647427753,3021.738539226455,0
1798,6.14355896702004,12.89200331865943,27.68118792871044,1.956446462406653,17.050193006318754,2962.8466530293995,0
1799,6.213372137099814,16.196440451652187,28.041234912650452,2.584728671520932,18.868097481464414,2961.66226520353,0
1800,0.0,19.94044057647953,28.12701043662866,2.34356070135944,19.632458681520124,2991.8198977430984,0
1801,0.06981317007977318,23.802723225940206,28.194549654111466,3.212110492659874,20.761431632186827,3044.2133017538395,0
1802,0.13962634015954636,25.806149398917945,28.24763719538117,3.611147660319881,19.349223545489025,2926.7428942461993,0
1803,0.20943951023931953,28.741552694247165,28.260532395634232,3.6597862174118476,19.844701878528454,2985.4860312122923,0
1804,0.2792526803190927,32.54221206914664,28.2521083269397,3.432420582659082,20.519153370636428,3052.394904914647,0
1805,0.3490658503988659,32.50953256081232,28.288178775990897,3.53566152063171,21.330802373584554,2950.7148242624926,0
1806,0.41887902047863906,39.01870162925069,28.681569800705212,3.5551964414829995,21.591421987150824,3050.15602653023,0
1807,0.4886921905584123,41.125375679680644,28.67808651610206,3.2306777254276278,22.415600979605532,2954.888280937293,0
1808,0.5585053606381855,43.905907180390564,28.53190748299978,3.2937341291827704,21.45068270766053,2963.3383354366238,0
1809,0.6283185307179586,47.89143781455299,28.71131706798444,3.534459343688198,23.08528302711751,2994.1111288849606,0
1810,0.6981317007977318,45.99621914082189,28.726327867676094,3.5198805055963533,22.587255260957654,3074.938362735237,0
1811,0.767944870877505,48.29887586586643,28.664358438694933,3.358287456916546,23.473834085370743,2974.3997121435073,0
1812,0.8377580409572781,53.852222914468015,28.91842149706607,3.341124772029231,25.354646732492203,2930.681488465511,0
1813,0.9075712110370514,55.44980862960972,28.883289004692188,3.4820441500657586,23.25968972223612,2943.922558100835,0
1814,0.9773843811168246,57.56195617976478,28.851964587121696,3.6772301905966547,24.533171372625215,3037.2779276109004,0
1815,1.0471975511965976,58.27795255754107,28.817360601420063,3.484702845810626,24.102059521430643,2945.8103885963087,0
1816,1.117010721276371,61.44226259482242,28.84398233052815,3.8245461661271296,25.594052331272266,3047.5185830192468,0
1817,1.1868238913561442,63.122231719992115,29.056906706325947,3.360835890467488,26.64309282003803,3002.791632844024,0
1818,1.2566370614359172,63.5235166742092,29.128503573990447,3.538621960290965,26.254603945716056,2998.7091509354022,0
1819,1.3264502315156903,63.272064994812965,29.03305975000685,3.429140914179199,26.31981376228276,3011.8921698383783,0
1820,1.3962634015954636,61.15481480412775,29.279380217763237,3.617592189282622,27.748714301755733,2967.963186564129,0
1821,1.4660765716752369,65.90733960362799,29.183594293174483,3.3436824235549607,27.200370695768484,3005.514876859808,0
1822,1.53588974175501,66.8051802151857,29.285801789012712,3.885479550798751,27.817550358858714,2952.277080130518,0
1823,1.605702911834783,65.93942483383528,29.17183237389476,3.1618775193847988,27.934883943328717,3053.9556371861627,0
1824,1.6755160819145563,63.434021650521046,29.075358629160863,3.843096047936049,25.236339802244128,2958.9081908035732,0
1825,1.7453292519943295,65.327040476051,29.198886939285444,3.5179976938217665,27.62367384728461,3017.5552253969477,0
1826,1.8151424220741028,64.954102244362,28.97495369472845,3.6104849163493826,26.942529291022456,2958.6099879095755,0
1827,1.8849555921538759,65.13576760498054,29.222183597649682,3.7669049806183916,27.23323400290788,2978.6718165403436,0
1828,1.9547687622336491,60.4091085691635,28.972048244503174,3.6715322990332138,29.139326987343562,2985.0467186336077,0
1829,2.0245819323134224,60.1060502066463,29.216287734539016,3.353994622441388,27.693749393267524,3119.253919236854,0
1830,2.0943951023931953,60.09205124701492,28.98846212260504,3.6200179110525204,29.512383927549166,2999.422156530591,0
1831,2.1642082724729685,57.39280587213411,29.15422511451254,3.8734947945269234,26.84769091832136,2967.138808118392,0
1832,2.234021442552742,53.78449250922558,28.777219426039817,3.3225416575678355,27.05331335789738,2982.217775529045,0
1833,2.303834612632515,54.06344157402279,28.79010833546355,3.9236857022387954,28.447695975650642,2939.813097928499,0
1834,2.3736477827122884,52.12761912137762,28.89073028657808,3.577140497193713,27.45384244580997,2993.488563141798,0
1835,2.443460952792061,49.05738678039078,28.94691969563786,3.4133544456159486,27.83402467126389,3074.0434665763546,0
1836,2.5132741228718345,46.77971374393121,28.955333638998205,3.3213421230783493,27.33231551380242,3013.4415812392012,0
1837,2.5830872929516078,43.45830803796563,28.642108041631975,3.4553425851183452,27.1156819342046,3036.1360379890743,0
1838,2.6529004630313806,43.34363872893918,28.839027719961084,3.108944333785901,26.76845723743431,2963.602254407796,0
1839,2.722713633111154,36.952110662842,28.44463428921715,3.4169511061882427,26.913126738215457,2991.866313230332,0
1840,2.792526803190927,34.50992530550943,28.575239315345247,3.447414551228878,27.017291956665513,3008.1561054102467,0
1841,2.8623399732707,32.420159282056275,28.189437677436505,3.285117270177516,27.508025379890313,2970.9877267829497,0
1842,2.9321531433504737,30.674457128350507,28.312524105010798,3.649569038980872,25.74644165927188,3016.0002694692434,0
1843,3.0019663134302466,24.016729788061156,27.81575376502361,3.4562467424421226,25.266463495725702,3024.6171366075505,0
1844,3.07177948351002,21.17359619383749,27.91546911674498,3.3728410910771145,24.81887923698158,3021.7139220334616,0
1845,3.141592653589793,16.94340723839793,28.070001519712115,3.4349332129862913,26.05238031565122,2993.9566689064663,0
1846,3.211405823669566,16.91000151939429,27.719426403676973,2.0710214946631695,25.054503620598247,3043.6364520261022,0
1847,3.2812189937493397,12.059751730987236,27.897034720466298,2.0146442420933988,22.59651675324272,2989.695302459261,0
1848,3.3510321638291125,10.067148748173967,27.886474689140545,1.8598049823824845,22.16443903401133,2986.047168488909,0
1849,3.420845333908886,8.588386273072608,27.59403714411186,2.0251306948080887,22.64970691306702,3057.6615602840184,0
1850,3.490658503988659,3.6467794691706406,27.44423288465807,1.9898648084867485,23.086286718712458,2955.7213480119767,0
1851,3.560471674068432,2.0437740957040553,27.44078803593083,1.7721071553702374,22.459416115572505,2931.8812431685806,0
1852,3.6302848441482056,-1.5752271869926726,27.291762276779302,1.9422990612985478,22.479668252243084,2965.2873473504765,0
1853,3.7000980142279785,-2.8381954178495614,27.348914849217767,2.1158676540841777,21.508813304820734,3015.4896770671216,0
1854,3.7699111843077517,-5.737644252139273,27.309971290982244,2.1144276519793017,22.350134941422883,3051.3436405786074,0
1855,3.839724354387525,-9.96334298015618,27.182753349911632,1.9540071335193212,21.436661537881037,2973.5792596727356,0
1856,3.9095375244672983,-11.51260430075556,27.41756384147723,2.135354558957195,20.473560078677345,3072.5935008116167,0
1857,3.979350694547071,-11.87590204990199,27.00031563647408,1.8040089006030757,20.928035713740048,3001.0878941710525,0
1858,4.049163864626845,-14.870418606921348,27.26310207256023,1.8102024323613348,18.30259105129889,2995.3788181120726,0
1859,4.118977034706617,-19.402133851603562,26.848969027487133,1.9497490073412638,19.175194882491112,2966.0024743672175,0
1860,4.1887902047863905,-17.98771607854265,26.971686150949903,2.2995132272174272,18.988233705623248,3078.0542067454253,0
1861,4.258603374866164,-22.072648017116865,27.09891295572321,2.032650325307641,19.01003124833116,2993.9884448792404,0
1862,4.328416544945937,-19.60450385056392,27.057082947357856,1.9449268380668456,16.823360710011087,2946.7204789523316,0
1863,4.39822971502571,-21.261394973520368,26.795693495790783,2.3088276002413295,17.67279462385978,3098.3067467532182,0
1864,4.468042885105484,-23.22847946854224,26.918905586479507,1.9426123129592923,17.90718219212957,3015.746803754094,0
1865,4.537856055185257,-24.08049962039507,26.881407558934985,2.446946647457199,17.695737262603778,3031.9532180241713,0
1866,4.60766922526503,-25.067033675613434,26.72558284876916,1.8977433752758508,18.012935125212593,3067.262408833629,0
1867,4.677482395344803,-23.954801288759263,26.893123498149297,1.7976542541497398,17.44730675211613,3024.5785032981776,0
1868,4.747295565424577,-25.528754470052398,27.08010483338494,1.966727605029625,16.588645126649755,3038.9955742817783,0
1869,4.817108735504349,-24.40013048561246,26.877328825317466,1.9501831478325966,17.00264687358947,3002.173002893122,0
1870,4.886921905584122,-23.00844733577019,26.90318415324595,1.8384560047301433,16.153900199774927,3029.349291497409,0
1871,4.956735075663896,-24.506017497708232,26.93646837519891,2.5203948156316875,16.312430296082745,2998.633687417735,0
1872,5.026548245743669,-23.721832343267955,26.639585689342546,2.06372531356105,16.73915436188452,2999.1915965663575,0
1873,5.096361415823442,-23.514821676592124,26.956413075500798,2.092849914734317,16.004101263966238,3004.7886702613578,0
1874,5.1661745859032155,-22.042441202651776,26.76893320821522,1.9076241465726158,16.29599791409987,2984.1273941581526,0
1875,5.235987755982989,-21.713736137461993,26.872286474354002,1.884466123050974,16.770717644549247,3020.1751134134365,0
1876,5.305800926062761,-16.211947581453597,27.329446180112225,2.20511167114354,16.5958902340532,3020.0738070086045,0
1877,5.375614096142535,-12.747112099178324,27.01639785422311,1.6648316454820478,17.06652750258582,3032.7566639957836,0
1878,5.445427266222308,-11.303523731277302,26.997200093782993,1.7714271054419264,18.024943191473263,3025.584260601419,0
1879,5.515240436302081,-13.698753403594667,27.339297342284414,1.9505382988784892,16.83540255706878,3080.001722064641,0
1880,5.585053606381854,-7.838160428559982,27.0865033179498,2.2702094611268624,16.042803156893147,3042.1051895854625,0
1881,5.654866776461628,-4.317176828275967,27.22754482562058,1.9250966054061052,16.987297463357617,2991.7099243834164,0
1882,5.7246799465414,-4.531581861602255,27.55145470811808,2.083230311454839,17.145311808614924,3018.1228601530365,0
1883,5.794493116621174,-0.9740491793900118,27.443049259453122,2.0055457358776185,17.478962462388335,3056.5079245664006,0
1884,5.8643062867009474,-1.3149885146180118,27.277676471540058,2.2592516825873616,18.42648094790063,2962.0010724393787,0
1885,5.934119456780721,5.009197802309875,27.671174270157593,1.6830553963574157,16.148729466169602,3080.569671724647,0
1886,6.003932626860493,6.000979394082934,27.609765290712623,2.1471926407445556,18.994582733951457,2969.014422650007,0
1887,6.073745796940266,10.943426440068079,27.981483693998225,1.9602202140514806,19.571881806900358,3036.011015729511,0
1888,6.14355896702004,11.395406073513715,27.742064236702802,2.1849768387838817,18.87308239838177,3000.2640176089794,0
1889,6.213372137099814,17.67524601823078,28.07397612756594,1.836143578779937,19.236859582829624,2997.9627040034225,0
1890,0.0,21.536769013140034,28.26635470485486,2.0048786139725676,18.930130922567184,2947.883485054087,0
1891,0.06981317007977318,21.96427152591289,27.956066284921214,3.479498657817463,19.502815488946172,3036.300003796826,0
1892,0.13962634015954636,24.557405671087295,28.13802576803835,3.2995129057359174,20.442618232925266,2948.465672595773,0
1893,0.20943951023931953,26.1219915229742,28.307787820102977,3.2439173974106073,20.787906317967828,2942.289190685531,0
1894,0.2792526803190927,32.00406071065219,28.202162964097273,3.3839177276273715,21.262814567337223,3046.388120736263,0
1895,0.3490658503988659,34.518515548232685,28.450968413996975,3.525986225799,21.599164493813667,3071.584223831723,0
1896,0.41887902047863906,35.976619819888924,28.454345928565065,3.3486175551391013,22.232519752366436,2973.31016935076,0
1897,0.4886921905584123,41.80574845983334,28.526605739604065,3.4339852873944365,22.56147352522038,3053.9431689814005,1
1898,0.5585053606381855,43.17141131769725,28.643243875986062,3.1228405291032857,21.53135300922454,3093.0019764058097,1
1899,0.6283185307179586,44.83673241519344,28.71603201008775,3.425870015903254,23.433614510486574,2934.9580036597326,1
1900,0.6981317007977318,48.0935838274336,28.79592724698525,3.7047173293250015,24.66789685827116,2979.5832493620164,1
1901,0.767944870877505,52.8665834790493,28.74376609273228,3.6410360651940166,23.567199805450883,3069.8430097379546,1
1902,0.8377580409572781,54.34592256211557,28.80849803192041,3.482615612594571,25.18781978907322,2926.640221605004,1
1903,0.9075712110370514,55.26544482005476,28.927824766004342,3.5487305450028326,23.64444772931966,3016.083226064439,1
1904,0.9773843811168246,58.23534829267415,28.988131440880682,3.3343479208811684,24.732935251688364,2956.3239095560375,1
1905,1.0471975511965976,57.22977523571963,28.973403083549336,3.82488773665828,24.608849617831254,3007.740765291856,1
1906,1.117010721276371,60.49428723455306,29.127143801871902,3.913552501302781,26.574974953569885,3169.713295517223,1
1907,1.1868238913561442,61.94425695123514,28.840406363178865,3.532964726141195,27.116887731253097,3094.531869257762,1
1908,1.2566370614359172,62.09278847053382,29.03169788071784,4.0181371672122985,26.03952295457059,3108.5617649120572,1
1909,1.3264502315156903,64.31649518635597,29.122365697600767,3.3639635256929314,27.35003566308077,2812.003039755076,1
1910,1.3962634015954636,63.14569870358268,29.05335202556006,3.2497841519862094,28.00649374083676,3110.078682201452,1
1911,1.4660765716752369,65.51821635323648,29.437805976663263,3.3580752491811765,26.90963366158143,2794.8676737493797,1
1912,1.53588974175501,65.80037537315624,29.20209826943166,3.456101946985002,27.265698803246853,2963.5498618651336,1
1913,1.605702911834783,60.59684739481371,29.2257844441568,3.962413310240593,27.9495703295542,2967.8099142466485,1
1914,1.6755160819145563,66.53894384683748,29.12094166824711,3.4437681745188082,26.86330174035331,3305.4032437549968,1
1915,1.7453292519943295,59.744900037520225,29.179402465558706,3.328068837439196,27.773086967953017,2920.4134572478865,1
1916,1.8151424220741028,62.73923414408565,28.982066851885786,3.320308228084513,29.51921855108909,2705.044093358917,1
1917,1.8849555921538759,64.33556528466855,29.115795264139923,3.728004422408656,27.496676702033135,3175.469886298633,1
1918,1.9547687622336491,61.247343367626776,28.97206936119078,3.6994603496618073,28.642719094048537,3143.3295456031346,1
1919,2.0245819323134224,58.24645310975819,29.036942317845575,3.402904362729278,28.412637386435208,3057.2697851787416,1
1920,2.0943951023931953,57.33053757772473,28.655242999595952,3.124843176784569,27.867316643942,3289.154170316346,1
1921,2.1642082724729685,58.847049384457804,28.82564460579952,3.274281291058143,28.151165728865553,3389.950626714511,1
1922,2.234021442552742,52.57822711647954,29.165201865005216,3.8442487674999084,29.322345921750816,2777.187598092909,1
1923,2.303834612632515,55.13500379792576,29.016333452939005,3.6377615769098943,28.280693164152506,2643.9506233313195,1
1924,2.3736477827122884,51.17697352209144,29.03144594493808,3.513092275111661,28.294794560225785,3192.7991690788617,1
1925,2.443460952792061,47.13684944023063,28.979503322074486,3.8737666346302118,28.868852638984453,2904.0288779235943,1
1926,2.5132741228718345,45.57566374470726,28.80629041637564,3.8916652545623034,27.19063262529969,3007.4263169196947,0
1927,2.5830872929516078,42.32053037884176,28.567972814272974,3.49281207960774,26.392210996707128,2958.6868053795292,0
1928,2.6529004630313806,42.42555812665289,28.407778233403228,3.4964856478936666,28.426524005692194,2995.820242952679,0
1929,2.722713633111154,39.40179065305528,28.660095662508418,3.3835906635775848,26.878749475984012,2986.1431711264017,0
1930,2.792526803190927,32.81216474884103,28.42010936814891,3.443079342502973,27.218862006762404,2999.539135379536,0
1931,2.8623399732707,31.798292833985986,28.704868249437684,3.2027350048399756,25.606624310616844,3065.406063760687,0
1932,2.9321531433504737,28.061247593282754,28.194729332579698,3.201922724763188,26.219272731743064,3007.9924349966864,0
1933,3.0019663134302466,28.203054495892015,28.46294209936915,3.1554682262188196,24.703827904344916,3020.1777648903612,0
1934,3.07177948351002,21.11389264129602,28.060188999888588,3.716867401383889,25.28784035393136,2975.008276646054,0
1935,3.141592653589793,22.406343657027527,28.200407289588806,3.1877195554174875,24.358214683482597,3008.930256755734,0
1936,3.211405823669566,16.811016572238977,28.170795992091918,2.389992459741231,23.800120234977154,2989.0078623916825,0
1937,3.2812189937493397,11.99430884722692,27.679549789620815,1.853924421760119,23.87324535890052,3001.1862416283343,0
1938,3.3510321638291125,9.628062637186925,27.67775625927506,2.3474699813565074,21.88422308187387,3025.9578228346218,0
1939,3.420845333908886,6.39389072708237,27.51428828916482,1.9269891314269052,22.385831266443464,2979.9906463901225,0
1940,3.490658503988659,2.6971659473216514,27.405084154770467,1.6867626458159046,23.52810168847722,2984.078182559664,0
1941,3.560471674068432,1.8390913511845717,27.611976055887784,2.2567557796130937,22.76432533858564,2980.5434132287246,0
1942,3.6302848441482056,-2.9680936514028544,27.407139869119575,2.280373125526645,21.208495853198052,2979.7712142637206,0
1943,3.7000980142279785,-7.1169162036015,27.371951831398675,1.8187897999465978,22.087466914139412,3006.9294092229447,0
1944,3.7699111843077517,-7.019851059433547,27.378093567495025,1.9336695466805098,20.529629466598223,2985.440722987095,0
1945,3.839724354387525,-11.629726730521089,26.950046843318916,1.8188408126878042,21.39654353119256,3059.918254543143,0
1946,3.9095375244672983,-12.387867972756162,27.35942485604276,1.9758946611084562,20.318987534215335,3107.166508447767,0
1947,3.979350694547071,-14.805171479387765,27.05586208492614,2.021565829488171,19.7516656489989,2977.2823085925074,0
1948,4.049163864626845,-16.767308020341215,27.134247291607615,1.9297233881769142,19.5488651317691,3011.7601143281877,0
1949,4.118977034706617,-14.305246112591632,27.09826183881823,1.6362217209218293,21.29087741795586,3041.5203030422094,0
1950,4.1887902047863905,-18.88652581954537,27.166388999573247,1.8838241369819955,18.27118264510298,2989.370037519041,0
1951,4.258603374866164,-20.07767556996951,26.905718536273547,2.1407037527108086,18.709648981382255,2960.224354427771,0
1952,4.328416544945937,-24.387870900018868,26.568833755663416,1.9582200914808168,18.82058847986788,3069.52693245859,0
1953,4.39822971502571,-23.77848793373729,26.86730132246385,1.9345118744876588,17.111189870088218,3027.4462917522083,0
1954,4.468042885105484,-23.340353737507574,26.865751157193046,1.813844690993847,16.311407285123963,3012.747618118922,0
1955,4.537856055185257,-25.85314225491887,26.663091567514332,1.8779897261604768,16.83312904711617,3058.0208960052373,0
1956,4.60766922526503,-23.391391026295324,26.828697323723013,2.281789621316392,17.671601812936327,3030.8093269529495,0
1957,4.677482395344803,-26.776632094710852,26.74657824236814,1.7720445486395784,16.56449972480811,2998.082598561576,0
1958,4.747295565424577,-25.40213641965707,26.59931791518471,2.144164619337046,16.45243722105857,2960.934765369859,0
1959,4.817108735504349,-25.63256275153564,26.907296459809462,2.009411044180705,17.191283595464128,2980.2667302230275,0
1960,4.886921905584122,-24.06986789647649,26.73367192375068,2.0489621326242804,15.669916644622747,3048.1929282135407,0
1961,4.956735075663896,-24.62404279020299,26.774688246258243,1.8535287437970764,16.12400688495557,3027.283426192398,0
1962,5.026548245743669,-23.20388367388832,26.789345353352754,1.9296445267904165,14.892239648713174,2992.533335224893,0
1963,5.096361415823442,-22.077468593172412,27.072701164139477,1.9988559639656085,16.296917147097307,3070.662527779818,0
1964,5.1661745859032155,-21.547313719549468,26.915309720174992,1.8958666070781607,16.19001183012913,2993.7111485443675,0
1965,5.235987755982989,-18.243502367554072,26.972634488540546,2.0662864208073097,16.63809966762941,3039.5007184292463,0
1966,5.305800926062761,-16.949108202720755,26.93905948977599,2.0914878032246143,15.10995344012485,3008.801561891469,0
1967,5.375614096142535,-15.59340483018223,27.12381711901017,2.434541324723984,15.926239953262794,3077.31812149691,0
1968,5.445427266222308,-14.087204646675696,27.310623916694727,2.055638005872474,15.139408264744384,3030.1218194824532,0
1969,5.515240436302081,-10.064810624874896,27.26358907807218,1.6175514688962325,16.076174989458586,3001.8463792485227,0
1970,5.585053606381854,-9.279193801615556,27.33168491257638,2.232603816167736,17.59726765836993,2992.8479408493263,0
1971,5.654866776461628,-6.910382284900207,27.385592228131685,1.9592258716727615,16.321236820322593,2999.385099957513,0
1972,5.7246799465414,-3.6893318456620703,27.15706048642348,2.402385072587371,15.677521216026669,2970.984109154306,0
1973,5.794493116621174,1.4186596990911902,27.30521629990206,2.294184890501062,16.44425049560018,2945.3318744984554,0
1974,5.8643062867009474,-0.313683250442812,27.48116791926917,1.8989465232576868,15.941706483376963,3012.349415604367,0
1975,5.934119456780721,5.763878889927945,27.480696221635217,2.144380556774235,16.459400370311034,2978.659259465425,0
1976,6.003932626860493,4.756562246377853,27.5095546193062,1.8812089704504225,18.32030189888399,2978.5529912941847,0
1977,6.073745796940266,10.969883650543743,27.469679609888104,2.0005381652829386,16.934521722564185,2996.446390538106,0
1978,6.14355896702004,16.09983469821013,27.6310128968778,2.1351969628707907,18.6684887400495,3002.0889375358906,0
1979,6.213372137099814,17.593961468215348,27.877813397905662,2.222600041209302,18.783745658557176,3000.295040463396,0
1980,0.0,20.25593761780969,27.989586044977166,2.179041165777248,18.698224169100115,3069.531814072338,0
1981,0.06981317007977318,22.298367115281025,27.964749702073362,3.5149979263825655,19.679636281139032,3026.495178716456,0
1982,0.13962634015954636,26.309360343935776,28.17884650305456,3.9966847800162433,19.134127298128938,3084.3126231332117,0
1983,0.20943951023931953,28.977931863694135,28.184418982845052,3.426995918694582,20.953739924413206,2982.4403852054193,0
1984,0.2792526803190927,31.224716099867926,28.494350865086478,3.1785598736601406,20.127574544476648,3031.3488257251297,0
1985,0.3490658503988659,34.95609302644279,28.386180307387075,3.217060140958135,20.78873612564553,2984.663498374806,0
1986,0.41887902047863906,38.600720679350665,28.59253360390122,3.7948015460244684,21.109526968734855,2977.5547256830046,0
1987,0.4886921905584123,39.97539472256912,28.593847939687276,3.484669416030639,22.483733440758073,3085.821705056255,0
1988,0.5585053606381855,42.6369441594672,28.425592461193236,3.5318114996108183,22.786387072239766,2969.2740692241873,0
1989,0.6283185307179586,44.40997119677303,28.69174357639039,3.3914952240151326,20.67043914294123,2910.7306398710966,0
1990,0.6981317007977318,49.511529975027614,28.586001516724544,3.409459504140162,23.38442191416072,2971.6820276334056,0
1991,0.767944870877505,52.077611563605466,28.817371918818257,3.342580827810141,22.192826941554742,2919.667053530105,0
1992,0.8377580409572781,53.78900781283751,28.78000416798827,3.5942301626660176,23.715178460935906,2961.9470199571265,0
1993,0.9075712110370514,56.90823965139549,29.002907359350786,3.4805240164925797,24.29174475185157,2965.653367165999,0
1994,0.9773843811168246,57.43849222059797,28.79349193644612,3.5870010755606803,24.47509876375124,3001.411270594062,0
1995,1.0471975511965976,59.55915957634838,29.041435758333243,3.5678876770634966,25.522431516958274,2918.0161349087844,0
1996,1.117010721276371,60.90148822191886,29.16441519294348,3.4148242532734208,26.047659204494472,3047.8380890432454,0
1997,1.1868238913561442,61.58596342637812,29.248759960876495,3.2082538749394427,25.185733853470584,2924.9692294636834,0
1998,1.2566370614359172,62.00131049108744,29.02664265587155,3.1908400808001285,25.47104224864278,2994.889967093845,0
1999,1.3264502315156903,66.98453660610771,29.16701751736227,4.105330318339013,26.384410802029276,2987.033807560494,0
2000,1.3962634015954636,63.6384224157691,29.209391349551385,3.795634688884662,25.451006774061167,3033.0140143960516,0
2001,1.4660765716752369,63.75466872489165,29.425495216373346,3.768036513378243,26.554386367800625,3014.0617309960285,0
2002,1.53588974175501,65.62360195103447,28.977069483310395,3.365078638602621,28.24035978051915,3047.4749168504304,0
2003,1.605702911834783,65.35036883880181,29.062603610662258,3.501901946752624,26.15763758168404,2985.541868320879,0
2004,1.6755160819145563,62.64629797015681,29.61409564835234,3.3369274415233656,27.265238238118812,2981.410130813277,0
2005,1.7453292519943295,66.00036626739497,29.140804711021254,3.237583580966822,27.211168241437274,3016.5116394021275,0
2006,1.8151424220741028,63.522015819393594,28.880705800045703,3.38224529592486,29.409203171237746,3041.1680751811123,0
2007,1.8849555921538759,61.131146590458336,29.05388529805196,3.765236992685916,27.466398552897648,3033.002763843282,0
2008,1.9547687622336491,63.50644962703625,28.69728964226049,3.668149073384794,27.57580939319653,3012.872568538704,0
2009,2.0245819323134224,61.38424544085674,29.114690962427424,3.3059903996755957,27.16898188728421,3009.306500090712,0
2010,2.0943951023931953,57.07433018237787,29.16069819858306,3.437036789968505,28.005786813758164,2998.548435047981,0
2011,2.1642082724729685,59.97246502536346,28.858095730640738,3.649824634387316,28.18997529855699,3016.3972065792773,0
2012,2.234021442552742,56.448679964851785,28.87500431599034,3.3858057209625327,27.211594104023597,3081.3973777791684,0
2013,2.303834612632515,53.42622297304517,29.03032191387821,3.515917248966546,28.62879368746664,2990.2970647377247,0
2014,2.3736477827122884,53.644954879087535,28.571057724823884,3.5803694894129623,27.943790529047583,2985.420393543383,0
2015,2.443460952792061,49.164389111638734,28.573109449793915,3.578186110368826,28.269682216995193,2982.357765361873,0
2016,2.5132741228718345,46.40821174050525,28.67112502549362,3.5508290855380573,27.159652552626287,3015.574910324897,0
2017,2.5830872929516078,42.85591671646124,28.523052891459823,3.369260565243498,27.424290389290473,2915.130189236122,0
2018,2.6529004630313806,41.99899598432572,28.51928584072203,3.389805082496237,26.841368896520702,2994.5975318746264,0
2019,2.722713633111154,39.01805338939699,28.298521423779984,3.2732700296958748,27.935677289482186,3035.225874049999,0
2020,2.792526803190927,35.41292665948966,28.442571194879026,3.1877326812995457,26.59699263654004,2978.9507682455114,0
2021,2.8623399732707,31.218701480963585,28.308379864203403,3.477050251661954,26.22349081776433,3007.468185192554,0
2022,2.9321531433504737,29.55092086804828,28.331872603116263,3.6632519229174383,25.541858088329402,3084.3734185322583,0
2023,3.0019663134302466,26.158091364559752,28.197067646224124,3.2239435211692107,25.16860322785667,3013.26399499915,0
2024,3.07177948351002,21.138829840384346,28.114711279367352,3.5545946488248514,25.427026142007946,2910.4309351485163,0
2025,3.141592653589793,17.79228147301373,27.783053896820483,3.656926242676679,25.53222319912339,2943.6046253377076,0
2026,3.211405823669566,17.70868874972904,27.99018096425378,1.6326532462357308,23.954597224579125,2989.959869943101,0
2027,3.2812189937493397,9.834377984219518,27.783362318577254,1.9458837799727562,24.21700691613416,2967.846963671507,0
2028,3.3510321638291125,10.952089703642732,27.725516224871246,2.3292420400916747,23.866271189063728,3004.1353282320256,0
2029,3.420845333908886,6.879194401604309,27.826474829478222,2.1103882035514747,23.600444029765978,2988.2169591087295,0
2030,3.490658503988659,6.571463460664775,27.481660494531663,1.6259085701875424,21.536173241980382,3046.642861313252,0
2031,3.560471674068432,0.9566487478581946,27.71459367757789,2.131667892482322,21.74640606717867,2956.346742112938,0
2032,3.6302848441482056,-0.1369940039872456,27.653305419562894,1.8504526411543343,20.97516979467062,2991.7000247129267,0
2033,3.7000980142279785,-4.441737652350904,27.47701454852481,2.1382613860185518,21.675475599888756,3008.6903394910073,0
2034,3.7699111843077517,-6.279714122932072,27.14756457563392,1.8619836466798452,20.51142122840748,3013.6453777400784,0
2035,3.839724354387525,-7.820187639514188,26.900710881532113,1.989393511117607,20.421979540120425,3005.87221034312,0
2036,3.9095375244672983,-11.953460245141752,27.328235192588195,1.89249144628741,19.45607437385612,2903.549063065675,0
2037,3.979350694547071,-11.946684819735125,27.124933968626788,2.000631544547701,19.68917493957852,3003.3316831203224,0
2038,4.049163864626845,-16.95103072796222,26.942607475048714,1.8865439652177978,18.72243314977605,2993.9698250849897,0
2039,4.118977034706617,-16.864801501139294,27.18118926449729,1.9552923516891045,19.849581406249655,3034.5643901165145,0
2040,4.1887902047863905,-17.58718358611795,26.831535683327,1.7648789983378645,19.26160623655732,3028.918812342776,0
2041,4.258603374866164,-19.45567584577701,26.857823855706357,2.0981319190827983,18.648585473548636,3009.6337804397326,0
2042,4.328416544945937,-18.84860614040231,26.966112929167405,2.035057041728785,17.95393996852953,3012.52656513623,0
2043,4.39822971502571,-23.942702209247898,26.691691755703584,1.6766935651791697,16.250970736317186,3054.0953239691867,0
2044,4.468042885105484,-25.732031559442724,26.819222992027743,2.1985833320403856,17.220248254652834,3046.0118442838275,0
2045,4.537856055185257,-25.80785154829204,26.981601273972352,1.9647424080691007,16.70484232653601,3011.0132800904466,0
2046,4.60766922526503,-23.762821441749647,26.83824033710124,2.032352479247182,17.26185062586165,3085.81673150504,0
2047,4.677482395344803,-24.22570281445524,26.987844958100638,2.152912334405837,17.333868221234233,2974.87214701772,0
2048,4.747295565424577,-24.81920222638818,26.970771361277983,2.065648448471997,16.89702809614186,2952.582275676271,0
2049,4.817108735504349,-26.437920865233,26.807734475721315,2.23304063169218,17.473098521731735,2999.566479724468,0
2050,4.886921905584122,-23.166047945555775,26.467719489931742,1.9413408955589178,15.860339720710563,2985.0476055149607,0
2051,4.956735075663896,-25.500364848895657,26.669779284186507,2.206885877245408,15.707190428815947,2901.386347621276,0
2052,5.026548245743669,-21.059118859716563,26.97323229730349,2.024584923561464,16.93361506488869,2973.9047676003447,0
2053,5.096361415823442,-17.437115820795636,26.654841661477064,2.101526684901338,16.173315014147178,3013.743406152191,0
2054,5.1661745859032155,-19.89605536360519,26.87244325615296,2.0807258345595807,15.80880717804063,2997.678890169786,0
2055,5.235987755982989,-18.096480966813125,27.011541607512026,2.2481460650619054,17.478887545011464,2968.941543532231,0
2056,5.305800926062761,-18.04598041832023,27.225590517298176,2.1442824747118587,16.488342783368104,3001.693020782243,0
2057,5.375614096142535,-18.175803893932702,26.968134141203773,1.9114109039380307,15.92731467873346,3004.9228991697255,0
2058,5.445427266222308,-14.345596191028093,27.011703053064657,1.8717465912000304,15.613428702193094,3028.6029753544535,0
2059,5.515240436302081,-12.898969532303017,27.15854309047488,1.9900491704810335,17.33427047565032,2974.339974178856,0
2060,5.585053606381854,-11.095949300516807,27.28129181384767,1.8479797117841505,16.577434814728687,3034.9542716206583,0
2061,5.654866776461628,-3.8667964401678274,27.27152067313962,1.7895615597347305,16.59745256073252,2956.374281029626,0
2062,5.7246799465414,-3.4370731134556,27.521487135253025,1.5743895061403916,17.311278217386665,2979.864923232013,0
2063,5.794493116621174,-0.5566889544441105,27.31676254970266,1.6901474484342578,17.69222419306321,3067.9597280640282,0
2064,5.8643062867009474,1.2333175137946197,27.529940168315896,2.3970812722223047,17.67036393770345,2959.0448892961126,0
2065,5.934119456780721,4.349786926679758,27.65635773454625,1.8686999500740447,18.203199133862363,2973.649307494768,0
2066,6.003932626860493,9.04314501159401,27.60920025153372,2.380692059964229,18.144611828009815,2949.875557576227,0
2067,6.073745796940266,10.595468235157984,27.876462461502683,2.080630920231116,18.535460779198047,2966.909344667524,0
2068,6.14355896702004,14.533251363834134,27.855336060034276,1.990048395672779,17.83331558389085,3005.5345263211507,0
2069,6.213372137099814,16.566952234746864,28.034619088479893,1.6998789766357532,20.211434623145166,3028.261691713718,0
2070,0.0,19.48677066390193,28.029115616207324,2.00093377911521,18.136505441182223,2999.254474659253,0
2071,0.06981317007977318,21.028670070082846,28.140168454216035,3.878436753393646,19.74525838869079,2987.012406031173,0
2072,0.13962634015954636,23.296165949652252,28.072148957624677,3.811527348803348,18.814842859063855,2950.289044555201,0
2073,0.20943951023931953,28.963683235199564,28.154878273202627,3.5548477305395156,20.202561412682805,2970.9147817927224,0
2074,0.2792526803190927,32.48842604975481,28.514424298969715,3.2702663268189966,20.229211873040047,2938.158568051162,0
2075,0.3490658503988659,33.4617113945919,28.50575073866885,3.3085669309501693,21.20643433360623,3029.4623849953814,0
2076,0.41887902047863906,38.251436640859055,28.334639196757603,3.329481631321508,21.787213918138658,3032.2429279458884,0
2077,0.4886921905584123,41.206849169850834,28.590495389041294,3.75563098547254,21.167087626836185,2998.382096026738,0
2078,0.5585053606381855,40.61235488140515,28.27983670904953,3.826344087221752,22.327300377471385,3017.658039355384,0
2079,0.6283185307179586,45.07764936394204,28.619251278196053,3.539178566993517,23.882739453645296,3035.049302933889,0
2080,0.6981317007977318,49.536338276497474,28.915499283116834,3.4393839128953694,22.13121548713701,3004.0483555073015,0
2081,0.767944870877505,51.84021476474849,28.814818206244123,3.8097420993321967,22.905258191685554,3055.744427359697,0
2082,0.8377580409572781,51.7110047718831,28.90946069102278,3.304285291827009,24.676839549019505,2959.048292150332,0
2083,0.9075712110370514,55.69815598805209,28.493155717350035,3.5103646655200733,24.440327819846065,2986.0531908779953,0
2084,0.9773843811168246,58.840301603017586,28.936007044345626,3.592593199909226,24.877669291236362,2981.2903132780957,0
2085,1.0471975511965976,60.13675260878609,29.08997131811541,3.32743987856472,25.939618018233002,3025.8895237611805,0
2086,1.117010721276371,60.30280340294161,29.14834633686875,3.3728171557217386,24.836342990192215,2942.634346826957,0
2087,1.1868238913561442,61.021308985519,29.2569739821803,3.3572524841624793,25.38903830364794,3057.918984284582,0
2088,1.2566370614359172,61.85352650678015,29.10972915678817,3.7833453711976173,25.604766357467167,3022.4709752198023,0
2089,1.3264502315156903,64.36503735678433,29.139506499637573,3.8828734554114175,26.134624007082838,3070.011778904719,0
2090,1.3962634015954636,64.6090048452637,28.98195168920317,3.522958506047312,27.757610106472235,2998.3771514646114,0
2091,1.4660765716752369,65.6975913007256,28.6383599221378,3.4463562825914424,28.751855420096167,2977.98722804065,1
2092,1.53588974175501,65.17039793554103,28.45718944225527,3.3800317850013406,29.555655037211757,3026.2842435904386,1
2093,1.605702911834783,66.20073314138047,27.518970103231936,3.5003492626900656,31.490942005904902,3041.222603116571,1
2094,1.6755160819145563,64.89537409100885,27.515702793872794,3.389955649712642,34.224271886459604,2971.4231663811383,1
2095,1.7453292519943295,65.49338195974688,27.781297260900317,3.480593951528956,33.10384771881731,2920.096139696654,1
2096,1.8151424220741028,64.9695418379698,27.38516770858689,3.582646564600785,33.79878289850975,2926.949384324229,1
2097,1.8849555921538759,61.59075328794469,27.323818237457992,3.4189374114419264,33.20488729960129,3010.4553970338793,1
2098,1.9547687622336491,59.011057385199315,27.07333679741836,3.4620823874771807,34.69443057070972,3061.607575514897,1
2099,2.0245819323134224,62.76097136748434,26.735882608426756,3.462909102985539,35.97626667881276,2947.9664533576793,1
2100,2.0943951023931953,59.35613126636813,26.993731655233944,3.4364873130547724,35.83492465659078,2989.105346270943,1
2101,2.1642082724729685,54.7349619217327,26.37127136420849,3.411710424596758,35.866554235021646,2986.0620179107223,1
2102,2.234021442552742,54.389754666474424,26.452821797097712,3.6524393205873613,34.992119557734846,3076.821282688994,1
2103,2.303834612632515,54.59932858503748,26.362181148901378,3.1458527942047114,36.244005947474115,3090.3478301234964,1
2104,2.3736477827122884,50.84011142395553,26.23493487768891,3.814855971800253,36.857797817643366,3016.978107531304,1
2105,2.443460952792061,48.15735030691558,25.917317873735772,3.5271058926405994,36.15280343569675,3035.9200146768594,1
2106,2.5132741228718345,48.55165914363075,25.572763059251592,3.622003515197303,37.64894859507533,3034.807959772661,1
2107,2.5830872929516078,42.27543617091851,25.54702589835602,3.645015556629775,37.98544663014272,2948.787137214573,1
2108,2.6529004630313806,39.92899028873285,25.37051074849423,3.3583881679938856,36.98135016820041,3027.9409206174346,1
2109,2.722713633111154,38.62022865098342,25.179750314879428,3.3171282887641516,38.08739502206481,2959.215741147996,1
2110,2.792526803190927,35.97658884773592,25.251735124151285,3.2935461430692348,37.4981610402686,2993.1385668409353,1
2111,2.8623399732707,33.14819556327608,24.73269837005649,3.4505863940342825,38.56094361044248,3045.5894818033253,1
2112,2.9321531433504737,30.72288315365259,24.766786676111614,3.639840938310206,39.307291956114156,3003.2373330322744,1
2113,3.0019663134302466,26.560657474225234,24.551069828866964,3.383247594955835,36.82273566166382,3044.099857642415,1
2114,3.07177948351002,23.873117226893264,24.476265378413515,3.621586328035661,38.31350409441669,3051.9705376795428,1
2115,3.141592653589793,19.611186111027383,24.116691363706895,3.02641575622776,38.72636714844033,2929.7226521868324,1
2116,3.211405823669566,16.955006136369455,24.059794817221736,1.92288655960495,36.876315868965115,2912.8920974847747,1
2117,3.2812189937493397,13.898511726877503,26.54293673283028,2.2334274735223123,31.31432512108746,3046.483698193245,1
2118,3.3510321638291125,10.966621116929396,26.52298715532306,1.965805742193413,31.080893902499746,3048.096294798648,1
2119,3.420845333908886,8.755128699609187,26.122661145869344,1.8341712727667667,31.210970034236805,3010.2637846521225,1
2120,3.490658503988659,5.441812073262157,25.84424608312254,1.8686313555724805,30.79290159045822,3015.688640677485,1
2121,3.560471674068432,1.7631765659392828,26.190504853521105,1.3943954873863573,30.675770012034697,3035.7219079233105,1
2122,3.6302848441482056,-2.3399093027766495,26.094813221360177,1.7976396059176158,31.258823352487518,3034.9763564540744,1
2123,3.7000980142279785,-3.7448600034001522,26.000468691310477,2.2114482745025166,28.82548778372082,2987.832640696318,1
2124,3.7699111843077517,-6.492363030504903,25.75250910907355,1.8834794466207536,29.318436113234558,3038.2340094135816,1
2125,3.839724354387525,-8.635670066174468,25.960249325865604,1.9070911275997549,30.39264764562319,2986.1410740765114,1
2126,3.9095375244672983,-7.949838709944279,25.577109233366723,1.5336375625927183,30.06383428524051,3009.742044033264,1
2127,3.979350694547071,-14.227176314294583,25.622583843276235,1.6738324413774874,28.54742681101061,3008.000898220586,1
2128,4.049163864626845,-14.827050383614454,25.566353140940976,2.2380098357199505,29.624355811484104,2965.6224360550505,1
2129,4.118977034706617,-15.703997664110418,25.65728137903492,2.1234588161323122,30.03200826213476,2970.28050855164,1
2130,4.1887902047863905,-18.824140299150653,25.27907534524898,1.7405121937121137,28.73864451676964,3089.36435507126,1
2131,4.258603374866164,-16.93896440470426,25.16087331188559,1.873885521685356,27.794056921904776,2964.32456988903,1
2132,4.328416544945937,-22.29033239310264,24.9716075008567,1.9941655314002433,29.139862432077656,3014.7983706662217,1
2133,4.39822971502571,-22.311409399801835,25.37208199606451,1.7607744535686487,29.67634383245388,3023.1919670586644,1
2134,4.468042885105484,-24.861516299759316,25.150896359765582,1.59917122329728,27.46707047418042,2997.831348348724,1
2135,4.537856055185257,-24.8436359882643,26.886189862269493,1.9681579225121129,17.345409220645937,3026.8595974145264,0
2136,4.60766922526503,-24.380084425977316,27.27407936175666,2.114521712434648,17.93615575995885,3013.159330642907,0
2137,4.677482395344803,-23.70313112239771,26.84948771875503,2.1183714639459907,16.930389458161283,2965.189938075305,0
2138,4.747295565424577,-24.493944964823946,26.60538279681208,2.1750474771084294,15.239484899740921,3021.4726917655435,0
2139,4.817108735504349,-22.8648130175702,26.777188189309125,1.6892885476440354,16.817402049459105,2978.211743090226,0
2140,4.886921905584122,-24.458796851438375,26.67201333505805,2.0115803819653877,15.531944199160316,3069.626767333393,0
2141,4.956735075663896,-24.161560477178355,26.776264869281388,1.9463097271541756,15.178433054677251,3017.1650110886835,0
2142,5.026548245743669,-18.741565572362834,26.798343740032625,1.9825558629005615,14.721114088977993,2971.99385895659,0
2143,5.096361415823442,-21.13191698134239,26.799325715859798,1.9576436732731726,16.992667733049217,3013.691582157946,0
2144,5.1661745859032155,-21.52495440243034,26.71245476863769,1.8679103638784968,15.338637115260461,2963.005822443615,0
2145,5.235987755982989,-20.012538813671842,27.199644760509518,1.396441909156879,16.268339573293936,3010.3111631997435,0
2146,5.305800926062761,-18.7207106367739,27.049982119599708,2.2323658041141345,16.48932188992548,2990.9720884133394,0
2147,5.375614096142535,-14.055629878517298,27.0205662904669,2.065998033095018,16.209205209732886,2966.9251532642616,0
2148,5.445427266222308,-13.988083085822621,27.221871883854487,1.7031420424926984,16.39944117709011,2966.4223442185207,0
2149,5.515240436302081,-11.068582957170165,27.237070046676614,2.094626330598551,16.577898808302823,3097.3973703265233,0
2150,5.585053606381854,-9.020705447551686,27.270008478287462,1.910539038599706,16.522315347333265,3003.6556912680676,0
2151,5.654866776461628,-5.353097741249899,27.397407408164057,1.916205536716454,15.969711413648959,2982.730433414832,0
2152,5.7246799465414,-5.116483029820289,27.384187094483952,1.8463170797021935,16.09078734570132,2975.803256010326,0
2153,5.794493116621174,-2.7395787545796093,27.53716734320567,2.107386094530453,16.90416867223929,3018.8466441161036,0
2154,5.8643062867009474,2.0332970223613853,27.624882873440704,1.8400352856967603,17.12953671167152,2974.4601586178696,0
2155,5.934119456780721,5.510532477394758,27.61398363826412,1.78063306278188,17.839474459298067,2956.21528132425,0
2156,6.003932626860493,8.095117457881472,27.636175998995185,2.226348962121199,18.664832394619797,2998.7034241238307,0
2157,6.073745796940266,9.429793319554815,27.980065641236777,1.964223718046655,18.36667260090946,2998.4012364339465,0
2158,6.14355896702004,14.753437719934126,27.761307047881907,1.9705027220015585,17.76991889247187,2983.3186008709426,0
2159,6.213372137099814,15.745167290870935,27.974989271571154,2.138492824055333,17.018226866066623,2964.348308822414,0
2160,0.0,19.217692032820423,28.06208626161086,1.8664826598307647,18.508297003671323,2984.3611359678603,0
2161,0.06981317007977318,21.723111031402635,27.992274090653403,3.406369365470623,18.42216400787159,2981.214505427387,0
2162,0.13962634015954636,28.21452706618099,28.045834363355354,3.561143053944567,19.299958743718104,2975.665432970684,0
2163,0.20943951023931953,30.30615839834019,28.196416225850832,3.191724479507247,20.47488599484374,3011.0600027295477,0
2164,0.2792526803190927,33.31117107528327,28.25693229900406,3.544219809353643,20.753759189605454,3089.0491193189696,0
2165,0.3490658503988659,37.26172358136877,28.191704587744972,3.3488577081637265,22.58437173008161,3053.2706068134944,0
2166,0.41887902047863906,42.52212281076909,28.39035970931307,3.6710945184910297,21.90027301471829,3077.6767787715407,0
2167,0.4886921905584123,38.56238116949985,28.603299323038254,3.609332665369982,23.459488415883623,2977.292347638638,0
2168,0.5585053606381855,42.738802019178564,28.825794654702136,3.582909671395006,22.922943464624588,3066.987529498848,0
2169,0.6283185307179586,45.526073726899504,28.78850100302701,3.1786082702890885,23.636365470324296,3009.091032654767,0
2170,0.6981317007977318,47.64921300232023,28.381414956868312,3.479320920965236,22.89390574784141,3039.4545396687904,0
2171,0.767944870877505,49.643251799249306,28.929785601764394,3.2645466879171448,22.728893780351772,3018.3081583219264,0
2172,0.8377580409572781,52.99203755039969,28.808051022688517,3.4926272194045946,23.629067918046534,2986.2693113515943,0
2173,0.9075712110370514,53.63557833936839,29.01357491553123,3.0369440646220522,24.36878834470653,3028.779904744242,0
2174,0.9773843811168246,57.809254316282995,28.992724798184454,3.1918335463249514,24.254218240172694,3019.397222144739,0
2175,1.0471975511965976,59.04869065244266,29.010327340628304,3.7378067217680373,24.32086219970246,2929.272540023484,0
2176,1.117010721276371,61.167275080608,29.06321749636468,3.573810635201312,25.805068105567457,2995.035030755475,0
2177,1.1868238913561442,62.484866132962814,29.109256979239678,3.429236830504067,25.000188754768214,3034.8961674631314,0
2178,1.2566370614359172,63.70205351342192,29.34292856536772,3.3182513354627554,24.892086292145812,3011.0968645277553,0
2179,1.3264502315156903,63.103194277184016,29.161405843468433,3.2831492164825815,25.515517553833213,3018.7788388399117,0
2180,1.3962634015954636,67.49806398949985,29.34459972359183,3.540031151017705,26.498508047903492,2969.943046914202,0
2181,1.4660765716752369,65.10513196629545,29.334412154318777,3.431273538081531,26.143233461739147,3010.2484242561873,0
2182,1.53588974175501,62.178860086922114,29.299325824560462,3.8093294366634556,26.979425591154456,2996.1462955523625,0
2183,1.605702911834783,63.46902359720998,28.931276169403464,3.46304725599793,27.843033478075977,2991.861870615876,0
2184,1.6755160819145563,62.14273080803058,29.36092117286617,3.5117440984489066,27.99688656306022,2972.829742878665,0
2185,1.7453292519943295,64.34235082927633,29.113084109494313,3.222299306388926,27.156348164509918,3036.5944941865264,0
2186,1.8151424220741028,63.48059984633984,29.27171396369241,3.427860154964572,26.76183559649638,3013.8187433138273,0
2187,1.8849555921538759,62.09490468643273,28.995387894568122,3.535398281013597,27.436188746114006,3009.781910997574,0
2188,1.9547687622336491,64.7396626241062,28.934859518984656,3.425442857757363,28.48417394931017,3082.0313864996633,0
2189,2.0245819323134224,61.26920639457788,29.37501116608368,3.4028742932851537,28.70495081276125,3018.9519667806985,0
2190,2.0943951023931953,60.06029071246924,28.89568302451561,3.5653819251230647,28.280641307731045,3048.019867505736,0
2191,2.1642082724729685,55.91008053306372,29.166761082923813,3.8029646563121977,28.93499049533438,3010.917313102444,0
2192,2.234021442552742,53.96176657530597,28.963375952543544,3.5289938740615656,29.30361167781477,2985.8734524795323,0
2193,2.303834612632515,53.49672539512817,28.82875578181885,3.7288372566946277,27.451233104385445,2957.6345071342257,0
2194,2.3736477827122884,51.51913738013321,28.826865711901267,3.6243204755037564,28.916190264805966,3009.6556051199113,0
2195,2.443460952792061,46.14097508522259,28.57618095714415,3.71687067493357,27.379723185349654,2893.46041848174,0
2196,2.5132741228718345,46.179875818887,28.70327914580958,3.3780560153306727,28.238039932706272,3010.8986830356475,0
2197,2.5830872929516078,43.867475014804484,28.47349206999545,3.4586145010031197,27.796600899515614,3012.6159357197944,0
2198,2.6529004630313806,40.803496576708405,28.504049306195974,3.459445285847067,25.43019935701787,2991.2972968061167,0
2199,2.722713633111154,37.083063319891004,28.626878906286397,3.6092554473127954,25.996550341947835,2996.3053455629847,0
2200,2.792526803190927,34.58160367677339,28.44855277347445,3.658482564442373,25.526950993594905,2949.9532192776364,0
2201,2.8623399732707,32.138392221405795,28.108439252148322,3.5250112382223784,24.790850033811623,3055.4241448028292,0
2202,2.9321531433504737,29.49222612221424,28.37721724801839,3.6753413154751726,26.611903674262656,2986.509961755619,0
2203,3.0019663134302466,27.169976917028812,28.165942756865707,3.3873337046037255,27.236391616330454,2961.116290143865,0
2204,3.07177948351002,24.760325625911957,28.00237997823155,3.677075510579825,25.030710478389643,3021.7864426093397,0
2205,3.141592653589793,19.558478414709132,28.11200144558634,3.7031618884371733,25.559878563918325,3004.4302443116135,0
2206,3.211405823669566,16.176724387341345,27.8912112059605,2.135499269184933,25.68994395705979,2985.666608618896,0
2207,3.2812189937493397,14.39369396709851,27.658143077862064,2.0268339566962426,24.282408854539465,2981.4386653789024,0
2208,3.3510321638291125,11.560241287817123,28.02767742773613,2.1426646664809934,23.698685144316403,2999.7744522903477,0
2209,3.420845333908886,6.945018338346718,27.666642056585953,1.8211991069523021,23.117202874471815,3053.8326388214145,0
2210,3.490658503988659,5.7946837657941686,27.577368047336865,2.0396724528720416,23.332217469232937,3018.7818564194617,0
2211,3.560471674068432,3.1662290733229677,27.451150252549454,2.0601020953650244,23.185947466973523,2998.6236687797004,0
2212,3.6302848441482056,0.8113093731229202,27.61362898557557,1.734096867369703,22.437289335599484,3034.0973550288495,0
2213,3.7000980142279785,-1.1788855304144832,27.285365106698848,2.094916850587904,21.99113851922085,3001.1012756451296,0
2214,3.7699111843077517,-7.749960561150445,27.062910718427293,1.750236254863637,21.191237603353365,3016.062091033414,0
2215,3.839724354387525,-8.904595121895499,27.126853219091757,1.9144163404181138,19.544608814803603,3006.045109279467,0
2216,3.9095375244672983,-11.24271012572689,27.36542614551742,2.0079521918552596,21.129671903990072,3023.591216720554,0
2217,3.979350694547071,-13.588627499281493,27.233046033645692,1.8538527230734387,18.984064073620885,2982.2342330317224,0
2218,4.049163864626845,-16.434378291717696,27.016134747772956,2.0165108077240634,20.117224544419724,2954.4262854574968,0
2219,4.118977034706617,-19.53503376982347,27.21114318418002,2.013311398087244,19.847843972617657,3036.2739260165918,0
2220,4.1887902047863905,-18.83212400125622,27.072960849781953,1.8359636721282317,17.96587817712828,3060.1971327125184,0
2221,4.258603374866164,-21.598265572784378,26.88145873989581,2.1135948917648664,18.04216141588503,2956.324756649612,0
2222,4.328416544945937,-21.59428323438399,26.862492896254693,1.8471686993387537,19.89267315338578,3007.1716669658626,0
2223,4.39822971502571,-23.988608545830186,26.90812984023763,2.457594874946939,17.81753435906386,2982.045192427829,0
2224,4.468042885105484,-25.312795201186354,26.710862086019233,1.9781042353338791,16.610642614701096,3035.3351476800303,0
2225,4.537856055185257,-23.964901344984014,26.818906456211753,1.7657411710019935,17.954710953256342,3009.8658293931353,0
2226,4.60766922526503,-24.52710300136256,26.852850730250065,1.8031316467572456,16.445891087590688,3133.0988914571976,0
2227,4.677482395344803,-24.103664258877906,26.547686071785805,2.2295160929396602,15.301683268227459,2987.608626634802,1
2228,4.747295565424577,-21.693791566232868,26.7723329591919,1.9181696700563091,17.053137604584563,3033.6400814392223,1
2229,4.817108735504349,-24.337550994756032,26.761115297753218,1.7272472384340063,15.729373621803962,3125.2755029223927,1
2230,4.886921905584122,-23.58872623495317,26.972440899379396,2.1707425494255532,16.571941781996586,3060.6544770095225,1
2231,4.956735075663896,-25.279649675720837,26.55897057939715,1.9168852224443835,15.544859103390571,2995.7384149815944,1
2232,5.026548245743669,-24.727904394086476,26.801506277490258,2.13068390222387,16.669075837182376,3007.8448831149626,1
2233,5.096361415823442,-19.349029285345434,26.815116177415167,2.1871132051312254,16.18714055820142,3054.110833583241,1
2234,5.1661745859032155,-21.830951753362474,27.06545778902924,2.054892707761709,13.935039299307217,3035.6153011159554,1
2235,5.235987755982989,-20.537059277502703,26.954237530053938,2.4791814791370665,16.30728066165931,3009.812276633938,1
2236,5.305800926062761,-17.365339146801723,27.274569109781805,1.655051501413355,15.794373282717647,3085.0984658032844,1
2237,5.375614096142535,-15.595772532368562,27.153719102957893,1.8364099849456383,17.21312413163337,2956.8274209054753,1
2238,5.445427266222308,-14.795276906147697,27.046692760298697,1.9488099990792085,16.478350832323613,3042.80822293281,1
2239,5.515240436302081,-11.717086498724543,27.20235875993305,2.4522347057216245,16.877986613385637,3130.496375441582,1
2240,5.585053606381854,-7.081378859419126,27.175544546970734,2.3596004940204427,15.843404557200211,3060.8955176138397,1
2241,5.654866776461628,-7.659326766408998,27.423567110822596,2.257738173478783,15.945784824447406,2940.4781363849993,1
2242,5.7246799465414,-5.936875617043517,27.1642672259265,1.841175211850818,16.74973761057414,3060.0782088923133,1
2243,5.794493116621174,0.2876701059846023,27.31307972817123,1.864497052045914,16.69966100614495,2916.377803588398,1
2244,5.8643062867009474,2.435296429496049,27.580269516092276,1.8342879929719091,18.3008751918788,2932.8407325509684,1
2245,5.934119456780721,3.67831561937192,27.773439295317743,1.8433146223918475,17.373363426378145,3042.278836667409,1
2246,6.003932626860493,5.223068464044633,27.33893988359872,2.298540921455195,16.803654940900685,2909.433635350018,1
2247,6.073745796940266,9.527038878542962,27.95667665341725,1.9512465753208312,17.42948358150294,2971.1697338556396,1
2248,6.14355896702004,13.655153801523127,27.81197200958372,1.9777003670712114,19.1906667354568,2965.0598624375584,1
2249,6.213372137099814,18.609466816340117,27.633710987216475,2.154877357384686,18.629345642440775,2846.7336740691726,1
2250,0.0,18.445127037695514,27.5497408237166,1.667294405193205,18.946877354014976,3064.064379558995,1
2251,0.06981317007977318,23.01226149621843,27.854299858621708,3.510529164253828,20.345906352467047,3030.1214556285013,1
2252,0.13962634015954636,27.27550653304529,28.164051992775267,3.2806256542654157,19.15244595451431,3119.5771996098806,1
2253,0.20943951023931953,25.784125076616288,28.239609323309978,3.441117015888336,18.492923365009702,3062.5965701130144,1
2254,0.2792526803190927,33.95436026367331,28.425744892186795,3.3827158612081574,20.0039534662492,2927.478014986163,1
2255,0.3490658503988659,33.61723059134543,28.328001095356658,3.3724038507937486,21.291500907368114,2902.0644062186184,1
2256,0.41887902047863906,38.80114217859641,28.321877889724036,3.545116361341273,21.31419855678207,3027.604706017008,1
2257,0.4886921905584123,41.4962450497812,28.501402917193936,3.544242680478502,20.683810893164313,2993.908482907321,1
2258,0.5585053606381855,45.47324647768999,28.64094466011658,3.456035882153203,23.163679566513885,3150.136707902226,1
2259,0.6283185307179586,47.2767229245016,28.739958221994257,3.5741368685982313,22.89859763254783,3030.5782629844207,1
2260,0.6981317007977318,45.3595066982993,28.652970426732985,3.32627709182929,23.492239320908972,3272.07646889344,1
2261,0.767944870877505,50.08245779992089,28.9688070496011,3.6363171738078854,23.9241894148419,3117.2822268619743,1
2262,0.8377580409572781,53.64882484051266,28.798564274814268,3.458760195568479,22.949416434007322,2821.3793081325416,1
2263,0.9075712110370514,55.16801408312281,28.81515529997933,3.4032672875724206,24.620587102392523,2824.3339370077806,1
2264,0.9773843811168246,58.023106859612035,28.913486360645805,3.341048237659404,25.482708373938316,3100.4937855244816,1
2265,1.0471975511965976,60.1551930038043,29.200456510896718,3.4517205079066637,26.034024323575665,2880.5027203271147,1
2266,1.117010721276371,61.35840968810704,29.058633387617903,3.8741278513691846,26.04860861164121,3103.21633610357,1
2267,1.1868238913561442,61.40186104167374,29.008443600019678,3.4873372459794822,26.215010214599637,3133.5743864962287,1
2268,1.2566370614359172,60.02803771660118,29.280183982121464,3.271119292771312,24.728942838824306,3135.091011285246,1
2269,1.3264502315156903,62.98008580913761,29.485767152523508,3.683763813357009,26.401238722729314,2905.481938094013,1
2270,1.3962634015954636,64.9409011077578,29.213221698760993,3.4056143128416494,25.920732958964933,3160.557916129167,1
2271,1.4660765716752369,63.11781441274659,29.378502643571743,3.556751800870494,27.961703053507854,3018.9186790952017,1
2272,1.53588974175501,65.91949931104168,29.354680685009132,3.3788678899146842,28.066201107710906,2859.589497470899,1
2273,1.605702911834783,66.33517716176026,29.108423029674164,3.756154663228634,26.602254985276456,3032.995205363591,1
2274,1.6755160819145563,64.94378575601607,29.197421401513363,3.381848048670807,27.500549578604726,2971.2495355204496,0
2275,1.7453292519943295,59.720679086080764,28.989387609159053,3.7795715957155074,27.883816446587055,3010.9092426833927,0
2276,1.8151424220741028,61.746175138352136,29.133613531576948,3.2901478830942428,28.525621872118766,3054.0362573894827,0
2277,1.8849555921538759,65.62682697111603,29.047339264185325,3.441418722856904,26.55619291833941,3021.68429163118,0
2278,1.9547687622336491,60.90346676596287,29.0521877319038,3.779999157181356,26.19196025041322,2969.6943036931966,0
2279,2.0245819323134224,57.469517248769016,28.966068600851948,3.533634844956268,28.024112638198254,2959.3722361926516,0
2280,2.0943951023931953,60.824014252765146,28.99616596331199,3.9542931883611265,25.973195913004016,3074.795538913854,0
2281,2.1642082724729685,57.326724152292385,29.074679990005787,3.4461719101523967,28.100699582387694,2958.3534163225604,0
2282,2.234021442552742,57.11789464573908,28.927689117762068,3.5514085705921348,28.394016200985465,2977.8692306439502,0
2283,2.303834612632515,53.85695515931179,28.612117810909567,3.8810298544097637,28.826679373551286,3014.9001455447146,0
2284,2.3736477827122884,51.94746537497312,28.721671959816025,3.1972153566515464,27.22888506061198,2991.2448620369405,0
2285,2.443460952792061,49.46995630746605,28.54343522874011,3.1724499933636925,27.717108118891176,3022.952208195825,0
2286,2.5132741228718345,47.4965688210428,28.74195133664823,3.3408983645581185,27.94336884662648,2941.289114983019,0
2287,2.5830872929516078,47.26251256332837,28.711400721687973,3.6626745378946652,26.289166917845918,2991.584024643744,0
2288,2.6529004630313806,42.58272982930388,28.601848108621194,3.1780297633336123,27.744124330621247,3027.107549893702,0
2289,2.722713633111154,35.93263996164272,28.369973312696054,3.619409811312404,26.989005910071388,3027.2429230806924,0
2290,2.792526803190927,36.060898722573455,28.447452261360482,3.605341338897779,26.019624262078544,2977.1018689478387,0
2291,2.8623399732707,34.11590216391981,28.260247688615067,3.9028780466403914,26.329592116892808,2959.131598216087,0
2292,2.9321531433504737,31.160077296603387,28.078760211518773,3.7090969851024744,25.79698409940234,3008.5485242967547,0
2293,3.0019663134302466,25.62288206861431,28.27829720910842,3.572810047499555,26.205433292432694,2947.5014941750383,0
2294,3.07177948351002,24.886457986267843,28.206411931551514,3.771826587030592,24.94848041003134,3051.370823838556,0
2295,3.141592653589793,21.391613599326813,28.142334322162526,3.6077807882229735,25.05822562632831,3006.2963505696384,0
2296,3.211405823669566,20.71973483696898,27.825039941502183,1.9079859890745596,24.005498408384543,2972.1275369511213,0
2297,3.2812189937493397,12.612207852424284,28.00989662575188,1.7710788445902277,23.36546922343987,2957.8199437045564,0
2298,3.3510321638291125,9.882873048600205,27.67646863331948,1.886126879261384,23.856161829776315,2974.677733368305,0
2299,3.420845333908886,7.137140415545115,27.767260371250376,1.9919852250905765,22.596339083050633,2937.52275729289,0
2300,3.490658503988659,3.8737603252867476,27.512938928744198,2.0350036810699206,23.542634596628016,3019.7911628081993,0
2301,3.560471674068432,0.3618199369436037,27.478318703747178,1.5729608803826483,22.959978252689158,2967.886136361842,0
2302,3.6302848441482056,-5.270233583875704,27.07345744604855,1.9560879330152012,21.45575384569303,3015.9868704702426,0
2303,3.7000980142279785,-4.498416101078918,27.318809900757618,2.005716353909889,21.820192404065903,3021.501828698495,0
2304,3.7699111843077517,-5.89629926361143,27.30832119226679,2.109507488975968,20.616440004052517,3038.6398892753127,0
2305,3.839724354387525,-9.665275204153131,27.167147425771578,2.3253601765012704,19.535522190220483,3010.0739038797956,0
2306,3.9095375244672983,-8.356554895361217,27.429838165661973,2.037130707089054,19.933718659027164,3045.00937484654,0
2307,3.979350694547071,-13.421453427408936,26.933856296628335,1.8180874247504564,19.971510705894595,3055.4444173895904,0
2308,4.049163864626845,-13.52394032952629,26.969849910106344,1.6363841232797056,20.038843010681894,3010.3286068195994,0
2309,4.118977034706617,-16.91456014588191,26.86942402143607,2.1374021916224764,19.362838596999563,3012.7410629956785,0
2310,4.1887902047863905,-17.73153220545984,26.876202968609352,1.8261825281045172,19.60436355274344,2977.7010480420586,0
2311,4.258603374866164,-20.026869752562167,27.076159103882105,2.1733673954322694,17.743469111235893,2960.4950119776395,0
2312,4.328416544945937,-19.670096507650083,27.109084143668902,2.279484030432514,17.894134801944258,3051.2829803724444,0
2313,4.39822971502571,-22.713634208083306,26.753613288807976,1.6911850468041651,19.196613510772426,3024.2297484975875,0
2314,4.468042885105484,-22.91912662028666,26.727193997060326,2.1107785117517923,16.04194951268805,3027.473162249961,0
2315,4.537856055185257,-23.766849485074296,26.64466139909626,2.2585244820678687,16.952444116745113,2976.37161572938,0
2316,4.60766922526503,-25.185913478763283,27.002516533535967,2.2038078650560564,16.206836093839115,3064.95686014449,0
2317,4.677482395344803,-24.365113737472292,26.96888166861453,1.5807241126179088,16.68178376278747,2990.855443019812,0
2318,4.747295565424577,-21.621007846562783,26.784833737578765,1.829269591041259,16.289763976198497,2967.926371487253,0
2319,4.817108735504349,-25.159080704715468,26.597158846112038,1.7439638988499153,16.944392224902533,2977.0530349921396,0
2320,4.886921905584122,-23.687151546269494,26.62223131156691,2.10469455102941,16.519407635746237,3062.8476646687695,0
2321,4.956735075663896,-21.776639256115683,26.861239546026493,2.0826653246970994,15.150517076344238,2955.5580949596083,0
2322,5.026548245743669,-21.087163311865492,26.94113286821279,1.4604216244118748,15.632782823223359,2969.9550995977534,0
2323,5.096361415823442,-21.705698828926387,26.577457653766682,1.9398336757344317,16.040248259216124,3115.940372743915,0
2324,5.1661745859032155,-24.02081513789856,26.873250657860318,2.1601439660682216,16.597910877705615,3037.641509452995,0
2325,5.235987755982989,-18.19608894232704,27.20351389889228,2.0295951982448246,17.94803565683958,2970.6777661829915,0
2326,5.305800926062761,-20.63590215291147,26.972528531939407,2.0292533838999725,16.58839497662629,2956.7421056528483,0
2327,5.375614096142535,-13.255578065890631,27.27783280929053,1.9270012626562578,15.269750081441138,2933.092112266078,0
2328,5.445427266222308,-13.187306339692869,27.205583128770478,1.7882118117850643,16.087108348791574,3003.8845658488617,0
2329,5.515240436302081,-9.760115640846909,27.0037680153239,1.9965888352219032,16.417841294410273,3029.120814178219,0
2330,5.585053606381854,-10.278609143165859,27.184754174373374,2.010418690247025,15.996324501742134,3060.7519283960387,0
2331,5.654866776461628,-8.779097563111382,27.275353561467327,2.123050904066591,16.954045269849413,2924.2406567534626,0
2332,5.7246799465414,-3.4552353142825085,27.221220147706127,2.1392999848590923,14.953155404702201,2946.984739897089,0
2333,5.794493116621174,-1.176625485299299,27.29115392123529,2.0171722838326485,17.43067360464243,2995.217976897325,0
2334,5.8643062867009474,0.9595398223532454,27.737931317126822,2.2189816729169665,16.849358012166356,3111.506802234363,0
2335,5.934119456780721,4.736085471444058,27.442971735055256,1.9250150663728458,17.408254488000388,3035.4361000959,0
2336,6.003932626860493,11.7474728262834,27.831000584480904,1.7111950860240532,18.95609069210887,3014.911990950203,0
2337,6.073745796940266,11.895762234254393,27.68503329926394,2.095410733883641,17.08233457196673,2951.003056378938,0
2338,6.14355896702004,15.311458365592014,27.829146379365447,2.025275910877851,18.636801290648663,2915.2005880360507,0
2339,6.213372137099814,18.12686401884442,28.000568894242836,2.0993863031359727,19.398288781056277,3001.5539874236206,0
2340,0.0,22.21919321577829,27.910216199064298,1.7471097303434144,19.259715935003825,2996.02522043379,0
2341,0.06981317007977318,22.85393380913452,28.16889341551713,3.858159217722209,18.20640245267667,2989.287699177949,0
2342,0.13962634015954636,23.180647581690003,27.860043266219822,3.642100482732728,20.964573807447806,2984.7826532940217,0
2343,0.20943951023931953,29.073146887290154,28.315450137243506,3.4424006218001746,20.111981163426485,2970.065839182408,0
2344,0.2792526803190927,33.62128457675971,27.960485308294654,3.3129093708070707,20.264214103272092,2960.894314918583,0
2345,0.3490658503988659,33.93620585698248,28.37639716298603,3.71543068208645,20.849443330776705,3055.5803119291268,0
2346,0.41887902047863906,38.03860001267701,28.616220419488737,3.2796460435872286,21.208090660248075,2964.538868139385,0
2347,0.4886921905584123,40.088565710861616,28.656710171251827,3.952272964958414,20.980010851032038,2988.9540776492654,0
2348,0.5585053606381855,46.09941076825892,28.441141545235553,3.377359012020134,22.4827924102945,2998.4368757713532,0
2349,0.6283185307179586,47.574521876271135,28.52989264333694,3.844101042921122,22.29001366934907,3028.251213401252,0
2350,0.6981317007977318,49.90275336686021,28.66804432557545,3.4631052429854567,23.71773818285804,2965.926786352145,0
2351,0.767944870877505,52.19202864033633,28.861522423904518,3.8161493417640617,24.00257760190735,3039.1227208600108,0
2352,0.8377580409572781,53.38564326765455,28.586983812066318,3.353026298634697,25.288771360098284,2976.813345537869,0
2353,0.9075712110370514,55.75681833609375,28.94362936795078,3.50376727570934,24.208977454550784,2993.5241132297433,0
2354,0.9773843811168246,55.5289138941784,29.04155949313606,3.6609498660341133,24.114145546540858,3065.723943426393,0
2355,1.0471975511965976,55.69148020217389,28.996774907410682,3.6324154273391644,23.94598227115697,2961.2308914760533,0
2356,1.117010721276371,60.67085377898005,29.15735100076696,3.720152366731577,27.2262726604907,3028.836188497627,0
2357,1.1868238913561442,62.20925883991365,29.146179249229075,3.4025055770396873,26.334192884938922,3040.184434722382,0
2358,1.2566370614359172,64.61144008591997,29.06001968064435,3.5169616745699623,25.564943913696805,3012.395912089613,0
2359,1.3264502315156903,66.0203114065434,28.87392646749227,3.7496777151996143,27.767710516365,2995.298767112593,0
2360,1.3962634015954636,66.67134661304777,29.201781265850276,3.35894889965621,27.770922345622918,3085.0281614032865,0
2361,1.4660765716752369,63.256449901631484,29.050464969657433,3.6145082122236802,25.854946745986656,2999.446184223226,0
2362,1.53588974175501,64.44418966343466,29.112517598693685,3.45616795204445,26.55911761374209,3008.163100001312,0
2363,1.605702911834783,65.69308865968138,29.27113762511738,3.5411748213165213,27.256818157724314,2986.538929044899,0
2364,1.6755160819145563,68.55134230818557,29.406026281957082,3.5169100432828895,26.681264048767968,3006.043274295189,0
2365,1.7453292519943295,66.53649769112023,29.176060285098348,3.3423433698430074,27.607745321452686,3038.564719148258,0
2366,1.8151424220741028,65.34240342541742,29.247464596998075,3.4478613615755105,28.374558423279368,2988.987786363553,0
2367,1.8849555921538759,62.21586129995798,28.92459591838125,3.528986450415341,26.798078831575538,2915.658781549451,0
2368,1.9547687622336491,60.39847400877275,29.1494491626294,3.4794552002575743,28.19405853986248,3020.5428073126727,0
2369,2.0245819323134224,61.62909390853737,29.069566964907427,3.814547189958848,28.92839220987176,2956.8666223556475,0
2370,2.0943951023931953,57.3201512739482,29.223614621635257,3.7019911113632724,28.31850556232078,3029.675057678367,0
2371,2.1642082724729685,56.94903623850642,28.913776315661735,3.5579960996986992,27.913348570713968,2999.9470107309317,0
2372,2.234021442552742,55.28831698879961,28.909367261753708,3.3473707634560994,27.385768574458268,3037.724364132461,0
2373,2.303834612632515,55.83088528016695,29.05059596064279,3.335195381620409,28.502488944568547,2962.0662492833117,0
2374,2.3736477827122884,50.72758071621535,28.819784975691597,3.894762207056082,26.785403571978346,2978.591151846627,0
2375,2.443460952792061,45.266567978035354,28.605018924430755,3.2980229127855614,27.782396250859147,2986.3985589602657,0
2376,2.5132741228718345,47.207003324655,29.088087293744486,3.522771923630105,27.442573561340875,2940.7087118953164,0
2377,2.5830872929516078,42.79783411083834,28.474114202579337,3.572189742869736,28.13023174554517,3044.456808348615,0
2378,2.6529004630313806,41.19016686202172,28.553660863110643,3.4377352697033388,26.545647083564855,2934.9830833555466,0
2379,2.722713633111154,38.173091887147834,28.540087195094802,3.2995592470845283,26.371343400374773,3043.8925447191273,0
2380,2.792526803190927,34.980350455928445,28.45056679834547,3.3430206721987026,25.510489430138055,3016.975939146946,0
2381,2.8623399732707,33.589191884442045,28.30230327137944,3.3906989995391945,26.56631507879266,2992.045306706286,0
2382,2.9321531433504737,27.05672876927011,28.221779973402363,3.3581014261804443,25.569399013120336,3013.8046459453913,0
2383,3.0019663134302466,25.487268205771418,28.131767941208885,3.7655440786361862,24.89171495041852,3012.709331533213,0
2384,3.07177948351002,24.16509818816172,27.916317689704243,3.498174801305474,24.62339546880706,2983.982883536879,0
2385,3.141592653589793,19.078872836983454,28.322532882163408,3.3952397797704776,25.306237628795547,3011.9259925743922,0
2386,3.211405823669566,14.447748617609426,27.883293593850045,2.021391608773441,23.619875303128744,3029.2473331406804,0
2387,3.2812189937493397,14.740043471682155,27.922531927771384,2.133591181058983,23.30441072240951,2962.212692007159,0
2388,3.3510321638291125,12.32861585886315,27.700308042366448,1.931076058788484,24.436024736662343,3013.847798093583,0
2389,3.420845333908886,7.5288261767705364,27.61602062216628,2.180396259035183,23.180856756001912,2894.9469961501095,0
2390,3.490658503988659,1.6678251526406118,27.521259278608753,1.7457706451286883,23.666526432256404,2922.8160040039975,0
2391,3.560471674068432,2.7558056816372325,27.279439160110655,2.2342607264232828,22.198707574700126,3022.5810660622574,0
2392,3.6302848441482056,-3.6160521474946217,27.412540953638814,1.998209532045556,22.066944691250836,2983.286830726232,0
2393,3.7000980142279785,-3.3831679752219683,27.30304573477224,1.9903975296496543,21.77420747611633,2965.862473100259,0
2394,3.7699111843077517,-7.781532090274527,27.47038637362675,1.8613971351070295,22.34202893803719,2997.8789810577223,0
2395,3.839724354387525,-10.665201364544712,27.049149850738477,1.7544299738973173,21.863670695830038,2984.161933805031,0
2396,3.9095375244672983,-11.922491696274417,27.079837878815976,1.6666656128369217,21.334088423538663,2960.4556880874807,0
2397,3.979350694547071,-13.71646348112362,26.973460139414016,1.8474446662100428,19.50870907336445,2934.438039522668,0
2398,4.049163864626845,-16.426796287882166,27.270766654773706,2.1175346441204703,18.832252375244494,2921.273701170657,0
2399,4.118977034706617,-16.423635847654136,26.87474364620575,1.8077443155390676,19.85188782307202,3029.551695410394,0
2400,4.1887902047863905,-19.64024723798798,27.045114492167592,1.6903103628551381,19.979631622561513,2983.1000179009075,0
2401,4.258603374866164,-18.975445775954775,27.0669713654519,1.8181869378324427,19.458657034064142,3038.781972557397,0
2402,4.328416544945937,-21.301513707040208,26.865460937807544,1.923033336499137,18.20593291814072,2982.6939934158777,0
2403,4.39822971502571,-23.84387904317637,26.652210530304746,1.9308997554675293,18.463366985258684,3014.198798100135,0
2404,4.468042885105484,-24.96221750816827,26.631022049654252,1.974221418351447,18.183123677516814,2994.983822350619,0
2405,4.537856055185257,-26.78759333412052,26.94719530610476,2.2065212692103757,17.43316179458943,3001.777869154364,0
2406,4.60766922526503,-24.31738552477207,26.617484622738093,2.249850887618298,17.217930151838832,3003.721472424439,0
2407,4.677482395344803,-25.504468536736344,26.85953499923607,2.4010925010778643,16.91665875563298,2982.171729726741,0
2408,4.747295565424577,-28.530880507954578,26.817883374050172,1.6750185366602863,16.00684473952427,2950.8151394848214,0
2409,4.817108735504349,-25.557057600726402,26.863143598204726,1.8288232159327331,15.913825924385703,3030.645269822948,0
2410,4.886921905584122,-25.667899929431794,26.888968417562232,2.139697031411951,15.753798819010925,3063.7418716876823,0
2411,4.956735075663896,-21.299791294163857,26.69559451080612,1.909193756894995,14.915621712446459,3066.368616398961,0
2412,5.026548245743669,-25.35171115112188,26.712402953593607,2.1721572939698466,16.217600423645358,2977.869203557281,0
2413,5.096361415823442,-23.885299655106515,26.994618444634916,2.0414226860229654,16.007883200246624,2970.673169681173,0
2414,5.1661745859032155,-18.780777618803967,26.82704545285634,2.31584084200736,16.615977479021364,2977.828702086587,0
2415,5.235987755982989,-16.935998434103794,26.5482472416579,2.2085432227865374,17.01024445547893,2992.9665039142483,0
2416,5.305800926062761,-18.424165173065354,27.10246820761653,2.2122033253117963,17.085593837339182,2997.901561434948,0
2417,5.375614096142535,-16.408612646515845,26.898947902461618,1.9176256782612608,17.21452238452853,2960.0828616697077,0
2418,5.445427266222308,-12.51716405165279,27.178296591112915,1.9805078308063457,15.556519731279726,2940.8105661381837,0
2419,5.515240436302081,-14.750276366072857,27.37533323284675,1.9389493084865288,15.127492915993495,3001.997692260296,0
2420,5.585053606381854,-11.717232962652616,27.231169236965446,1.6988215712700185,17.156432060469296,2858.7836359641383,0
2421,5.654866776461628,-6.871436454437369,27.444022571998563,2.2943538510991064,17.6835457756625,2995.973727227368,0
2422,5.7246799465414,-1.5215310413005705,27.387166535000585,2.1490774617686426,18.015051033190932,2962.2100956635572,0
2423,5.794493116621174,-1.7798154576151952,27.6747485238781,1.9309945751838125,17.37615087533393,3031.2061810645137,0
2424,5.8643062867009474,1.848256249191726,27.352599961995473,2.260918501491995,15.633104792027831,3041.905395084206,0
2425,5.934119456780721,6.30977745919093,27.588343580946727,1.873926470650569,17.788506244103683,3042.8498304099176,0
2426,6.003932626860493,10.75664608815223,27.77020941377582,1.6323731063089448,18.227865035215196,2986.1421247483745,0
2427,6.073745796940266,9.778701203478338,27.721944207467182,2.201473950578723,19.093208329460737,2954.5942395214634,0
2428,6.14355896702004,13.711955371196895,28.005825128345823,1.7442879533768005,19.562328822952185,2967.4163073253353,0
2429,6.213372137099814,19.59404151352865,27.851486300580433,1.9608449068752034,19.490858240559383,3011.504427327256,0
2430,0.0,17.716701087212858,28.310405672744334,2.041224608156752,18.6536236497381,2934.1654209983526,0
2431,0.06981317007977318,24.68041292431637,28.402037394133785,3.5770930689477525,18.674462445450683,3055.7419795785613,0
2432,0.13962634015954636,24.735316244661057,28.209318520586173,3.669680211240759,20.31142542705979,2986.774798728107,0
2433,0.20943951023931953,29.509734637453903,28.332384206034504,3.6161702852535025,19.647132315411117,3020.006946897717,0
2434,0.2792526803190927,32.03975244066455,28.509515542324095,3.609978505312405,21.866356468808412,2928.7429554505266,0
2435,0.3490658503988659,33.953889048603244,28.232344562145695,3.3418496435887017,19.734182486649505,2962.9607189696662,0
2436,0.41887902047863906,36.82849604692359,28.291283969504292,3.5588487114535314,21.967317062968274,2923.7728341737447,0
2437,0.4886921905584123,41.54084187174571,28.751828712421716,3.1988900059899787,22.187782569025853,3040.847579752046,0
2438,0.5585053606381855,45.33967588273825,28.677001388010794,3.812427539690566,22.185418607407716,2993.5918104049993,0
2439,0.6283185307179586,46.25573204837853,28.671366515854,3.219487035236355,22.027707056236476,3022.8521981374492,0
2440,0.6981317007977318,49.03061217399409,28.77301362705602,3.430712032248731,21.531606523183726,3002.536547293203,0
2441,0.767944870877505,52.11638777009144,28.475683823696187,3.2362251521946432,23.16335825815706,3018.7390021564943,0
2442,0.8377580409572781,51.9840889869633,28.863189443404323,3.3539667428268696,23.57712928570005,2986.502325583659,0
2443,0.9075712110370514,56.57002267492188,28.832655893449083,3.50268568308641,25.267673296327693,2991.858176421044,0
2444,0.9773843811168246,58.5357054105665,29.132555832108313,3.3942483802967995,24.13046083675261,2996.3307032476305,0
2445,1.0471975511965976,62.87658261842535,29.18848510129893,3.7288492516291245,25.483992630130174,3016.2252661970892,0
2446,1.117010721276371,59.88157579762314,29.165054890678487,3.5453802031925594,24.43780610887741,3017.284736848721,0
2447,1.1868238913561442,61.03615075300324,29.171939422800016,3.4074180541542813,26.188705042992886,3112.4574753602938,0
2448,1.2566370614359172,63.950992040642525,28.916665807246144,3.4732836140051906,24.328719568892904,3067.2640850951843,0
2449,1.3264502315156903,64.89196393578806,29.252951333530728,3.7439400914111873,28.089423387295845,2928.8496485644146,0
2450,1.3962634015954636,63.51371815548429,29.276178995443157,3.6817741766568934,26.57313841707581,2994.2757808829097,0
2451,1.4660765716752369,64.14874127617723,29.38020517250724,3.272245821196918,24.70036816843156,2983.76416638938,0
2452,1.53588974175501,65.78428347318636,29.517000464287445,3.363869657172079,26.587697933361365,3051.2052192324,0
2453,1.605702911834783,63.731210854757315,28.945384891387175,3.5949579637368743,26.662148247383918,2987.3700814959516,0
2454,1.6755160819145563,64.13768430954978,29.1351547505992,3.570673317205408,27.0126776200765,3018.5715550978666,0
2455,1.7453292519943295,64.45073803660202,29.070429308041003,3.2899236917202472,27.393295775142295,2906.5175347887953,0
2456,1.8151424220741028,65.15721570965323,29.190230949788955,3.6498253178613247,27.274895143467063,2939.455967544269,0
2457,1.8849555921538759,61.890645309012605,29.14327809828689,3.321825171962721,27.2435578565788,3083.691727164098,0
2458,1.9547687622336491,58.95969676245943,29.077508314518123,3.7607653547712685,27.032711739884252,3002.00977592833,0
2459,2.0245819323134224,57.57083588218519,29.232693509769177,3.6058898312499243,28.651025368672066,2960.061599061239,0
2460,2.0943951023931953,57.08202357024054,28.874018352864212,3.273615109870856,28.95923786309336,3009.7148348489013,0
2461,2.1642082724729685,55.336939187676975,28.838676866957158,3.3941846597073178,27.770182595949013,2957.8776418618995,0
2462,2.234021442552742,55.22856777437263,28.79197911366336,3.3907078770942753,27.906140662093453,2988.6650583241726,0
2463,2.303834612632515,51.65819691608633,28.837724652458977,3.531975344260466,26.936750758735005,2941.8952824302396,0
2464,2.3736477827122884,50.20549423092306,28.64930151216402,3.459204620397502,27.783756220285916,2968.4511512882627,0
2465,2.443460952792061,47.764313608421205,28.764059408303957,3.2709022173236435,27.772133811706105,2983.346532421655,0
2466,2.5132741228718345,45.78957456188931,28.680518773556336,3.2211481707554848,27.246642087127164,3044.8279725734683,0
2467,2.5830872929516078,45.830123387778904,28.51792584997998,3.6098046668795725,27.546602906792963,3018.5618403073263,0
2468,2.6529004630313806,42.11914170951087,28.6944308134515,3.5572473729128324,27.25881311806079,3025.5409614376836,0
2469,2.722713633111154,38.327343061325024,28.479158892447952,3.521107511441006,25.926220538616803,2998.969013945441,0
2470,2.792526803190927,34.69936702878384,28.569821276595572,3.554146371792092,27.458419337626356,3032.9139639347836,0
2471,2.8623399732707,31.753832026830455,28.301507349299733,3.376216170494993,26.05037065124867,2965.0592292262704,0
2472,2.9321531433504737,29.847645791727093,28.245864795746606,3.536798471555029,27.24890896907972,2970.691762200733,0
2473,3.0019663134302466,27.139043153231395,28.08259036044982,4.007701112996854,25.917710603769784,3016.303642858275,0
2474,3.07177948351002,21.77761505933475,28.08265078741263,3.7349134241494286,26.813594986446354,2988.834104398913,0
2475,3.141592653589793,20.054721133421353,28.106834695919808,3.4423183098080328,25.816768567070376,2999.446166065487,0
2476,3.211405823669566,13.813529328519841,27.854592096666504,1.895325650579752,24.683995405419882,2993.4345888834164,0
2477,3.2812189937493397,14.054781133052947,27.910754073228123,1.4279121205016865,23.53725800109756,3050.138016582459,0
2478,3.3510321638291125,11.787197776138871,27.62859392686183,2.2137388305969394,23.15768161643284,3052.222117307155,0
2479,3.420845333908886,7.176216047913733,27.783092757847932,2.1573210707549624,23.740180644651506,2974.9533695774503,0
2480,3.490658503988659,7.333884044555068,27.50258995391241,1.8912344061447015,23.016671230501693,2929.605226124371,0
2481,3.560471674068432,0.37499339043493274,27.6396680092934,1.7136584634245744,22.01497123815459,2971.5401239644943,0
2482,3.6302848441482056,-0.8000597024101976,27.44578060602198,1.7689465113620548,22.73429336885617,2964.1215941372816,0
2483,3.7000980142279785,-3.90010401049315,27.592239942928813,2.0888795724958844,21.680185122852183,3033.269933631963,0
2484,3.7699111843077517,-6.6007828543263996,27.121547538310903,1.9821318532674972,21.90340777656031,3036.8198990709784,0
2485,3.839724354387525,-9.096925687901386,27.007228352379375,2.138318403521456,20.03859638150058,2958.7570326784808,0
2486,3.9095375244672983,-11.098969125640675,27.073977368552868,2.017288627673637,21.21107612739133,2969.819809657806,0
2487,3.979350694547071,-12.169579031287181,26.900534567221978,2.193351766423297,20.412560624790586,2940.839556509796,0
2488,4.049163864626845,-13.393879557890376,26.84697686150769,2.0739150280784493,20.57977176232059,3005.3751409409106,0
2489,4.118977034706617,-17.310066131733098,27.09838752700293,2.165759076032136,20.025199053196364,2998.2033429033036,0
2490,4.1887902047863905,-17.748169062042276,26.960142696446773,1.5820633178156125,18.810261140154527,3031.564872697557,0
2491,4.258603374866164,-21.498382502862682,26.849494997935363,1.753130885900508,18.3961024158545,3019.8852517823775,0
2492,4.328416544945937,-20.574340276416077,26.829334984924042,1.9271296660224746,19.62191830634674,3024.4081188422474,0
2493,4.39822971502571,-23.940530519022392,26.769146530796867,2.2159137569800484,17.6486653738538,2938.3199184085706,0
2494,4.468042885105484,-22.027317778287642,27.083200503641663,2.3761059452135482,18.185560514118986,2974.94695853631,0
2495,4.537856055185257,-21.0003875694595,26.707904840238893,1.9671528435226244,17.008897967734114,3037.9558921897283,0
2496,4.60766922526503,-24.936611123529392,26.608253640845575,1.877683987222364,15.574524787939113,2978.4569552614944,0
2497,4.677482395344803,-28.26140245207042,26.920138600200033,1.6090062911484393,15.856231207945973,2934.8973650212383,0
2498,4.747295565424577,-25.79469661572654,26.768367664074912,2.1727127528146326,16.962058674036978,3032.3195831948665,0
2499,4.817108735504349,-22.905672590138348,27.112389778880754,1.8899618849611046,17.02357323411455,2976.9094001994235,0
2500,4.886921905584122,-23.4867337050115,26.73929985056623,2.591666933871631,16.642361835594762,3042.5054797450753,0
2501,4.956735075663896,-23.289937284407305,26.962542755432324,1.8521192159930973,17.111770734987264,2999.2634111663874,0
2502,5.026548245743669,-21.284540699349655,27.021061780035712,2.421055019372133,16.41632060595393,2988.9112222839567,0
2503,5.096361415823442,-20.996593296632803,26.809178999689557,2.1496734767174934,15.420154133449405,3054.527635644935,0
2504,5.1661745859032155,-18.61914430228581,26.810009029254644,1.7943471201357266,16.481847915653415,2947.893775234513,0
2505,5.235987755982989,-17.59200765532926,27.071974495098306,2.0464287577287172,16.13735699783961,3057.368847185244,0
2506,5.305800926062761,-15.024140085871455,27.09138870062104,2.1542761053100934,15.565711941502327,2974.4257601781633,0
2507,5.375614096142535,-14.922289786443097,26.842795580565294,1.9549495614966834,16.457765459054215,3006.49479441264,0
2508,5.445427266222308,-12.083628044241827,26.938960863981418,2.1675965421104597,16.22568068592489,3006.8728078170234,0
2509,5.515240436302081,-11.72031728028357,26.785945454707004,2.163191431869732,15.789059897673347,2982.9152070575,0
2510,5.585053606381854,-9.827633653232791,27.317962896472974,2.1192677001188263,16.269544579166567,2969.5154923969226,0
2511,5.654866776461628,-3.890184892532841,27.25538361827867,1.9967053263904988,17.70869273353549,2985.207112441394,0
2512,5.7246799465414,-3.5220598760102275,27.339774319773863,1.7650119821387746,17.87496732827831,2959.417492648288,0
2513,5.794493116621174,0.08110052342848251,27.18291751000165,1.9846429249049533,17.138669218996466,3078.4784257179213,0
2514,5.8643062867009474,1.8824610832060793,27.34720067534564,2.0352129327431685,17.27628167642056,2980.7547611725113,0
2515,5.934119456780721,3.729320073964966,27.517881991124064,1.6247898257924351,16.349581883545735,3046.3578901771975,0
2516,6.003932626860493,7.612793327108612,27.568386332997427,2.0338470631982686,19.159004431580694,3041.0869183430527,0
2517,6.073745796940266,12.797964939852378,27.768181382346334,1.9806397470379713,18.92062182234824,3014.5171895582744,0
2518,6.14355896702004,14.57007056821617,27.920512497842694,1.7406747858430092,19.02018712432906,2994.572838637349,0
2519,6.213372137099814,14.293748941918697,28.25673411689983,1.9333987218616486,16.943366944178607,3007.751273883215,0
2520,0.0,19.67713331513577,27.99699744549536,1.9376307306331402,19.15618488889942,3022.8867906901664,0
2521,0.06981317007977318,25.812482007542705,28.25101816795749,3.8860189066986837,19.39605333043754,3004.018738423862,0
2522,0.13962634015954636,25.94209425042801,28.042511804605113,3.5440236692354734,20.430508856247222,2937.3300403742546,0
2523,0.20943951023931953,26.6553080491979,27.998252081735007,3.70720905026292,19.92023975291493,2927.2675473499958,0
2524,0.2792526803190927,35.243254339898776,28.27791957997388,3.47643693910187,20.5008786101717,3060.359528952471,0
2525,0.3490658503988659,36.41449521437428,28.170765914309666,3.1252166966329833,21.593359987694804,2894.611443871381,0
2526,0.41887902047863906,38.1981296501918,28.490284946766327,3.6344683697643245,20.894945079381596,3007.8274061450743,0
2527,0.4886921905584123,40.56909372124198,28.44629775666677,3.3683626540824916,21.472920442504403,2990.6008794202635,0
2528,0.5585053606381855,45.46989478518183,28.34276240906666,3.432879974002418,22.505493253241415,3006.432045834164,0
2529,0.6283185307179586,45.637361252822004,28.965746074629994,3.289405750176906,23.83858863835993,2954.4013303506385,0
2530,0.6981317007977318,50.64782707266825,28.690710874658038,3.514553572784272,23.827803354916853,3014.027099517365,0
2531,0.767944870877505,52.07291959924126,28.587947149109166,3.7130356723244904,24.448824462161205,3008.2406573670028,0
2532,0.8377580409572781,53.808540034713765,29.026499559148967,3.6865476216949253,24.03888927565947,3110.4404698911903,0
2533,0.9075712110370514,55.678756120305884,28.836320749947173,3.817237901557033,25.57434638827531,3005.199201860694,0
2534,0.9773843811168246,57.04423870990561,29.15836999211965,3.8455918915908223,23.363799407775662,3053.9294042731253,0
2535,1.0471975511965976,60.53960335061364,28.92922133433962,3.090825153948355,26.73956751400022,2940.0525729820783,0
2536,1.117010721276371,59.14771783530976,28.99741820201958,3.2612758878141737,27.193005131774875,3040.803812721815,0
2537,1.1868238913561442,59.29038576526012,29.1643453819017,3.1383616843346895,26.16979956735553,3009.050932118274,0
2538,1.2566370614359172,63.71920341762062,29.2302507266598,3.626386082077918,26.78468996058905,3010.7895473611234,0
2539,1.3264502315156903,64.61016517452056,29.279627432132283,3.3613836432401696,26.382786553747067,3011.342741738415,0
2540,1.3962634015954636,65.03671061431702,29.16830813280525,3.402163933631214,26.518337748055423,3068.2535268523857,0
2541,1.4660765716752369,65.36507784599937,29.272718782675117,3.456680513614509,26.447272447659298,3010.204178628903,0
2542,1.53588974175501,64.49177664835298,29.311113283461427,3.57651413761815,27.122687900797725,2968.635118032569,0
2543,1.605702911834783,66.1538112724376,29.229354363207943,3.202935790398709,27.807424814337175,2975.3624784291424,0
2544,1.6755160819145563,64.68514810144049,29.172027557452285,3.2482273074731824,27.873239203300276,3032.6850997545885,0
2545,1.7453292519943295,63.58567854432659,28.96497506137998,3.5002592413062215,29.27429134913436,3017.8982183288053,0
2546,1.8151424220741028,63.195470714036745,29.254230995048193,3.7397491872308937,27.88520850276958,2938.781053518919,0
2547,1.8849555921538759,65.82850278144566,29.147593874425358,3.494920519349783,26.705624669157345,3020.585672954372,0
2548,1.9547687622336491,59.12080933243729,29.050578247627538,3.3416680587235934,29.27510659846206,2956.7063057277323,0
2549,2.0245819323134224,61.195414239906206,29.270217810097748,3.070358263932473,27.016830406917784,3017.5303207905636,0
2550,2.0943951023931953,56.452477528864165,28.82505543960433,3.6905351170120557,27.550816630500023,2967.7778384592566,0
2551,2.1642082724729685,57.144340757492415,29.241450534370784,3.352813670121904,28.191236167618765,2988.7407306130244,0
2552,2.234021442552742,54.810042684571215,28.942271912532895,3.270512616849656,28.253990047929854,2978.2076616884215,0
2553,2.303834612632515,50.313974701462925,28.93940151734831,3.1569349547082437,26.681464791744624,3060.7565193294154,0
2554,2.3736477827122884,51.84318305630551,28.774333427371257,3.212179837771607,27.12976187251788,3016.073910012401,0
2555,2.443460952792061,48.355385342605985,28.52128419474535,3.3077571559092296,26.40353683296502,3050.4445200922933,0
2556,2.5132741228718345,43.30152683931943,28.6844008179811,3.45223025276117,27.919531425556272,3115.8085025385153,0
2557,2.5830872929516078,45.1057190266556,28.686114853113764,3.2582516590478687,28.176446832339714,3001.8722136771976,0
2558,2.6529004630313806,43.2787295923485,28.664799692303458,3.5371416075095277,26.034375657022757,3060.079607452049,0
2559,2.722713633111154,40.53833545185588,28.458378991925127,3.4507104520163794,27.56606001232756,2972.021773376288,0
2560,2.792526803190927,35.92934111063231,28.081543195810138,3.9443984578369053,27.24860432210292,3050.1951243971753,0
2561,2.8623399732707,32.47276821963066,28.099515625293005,3.1591113767214676,25.68923102718313,2967.6996461028307,0
2562,2.9321531433504737,31.348261018142864,28.557296972545803,3.5322958860624762,24.322388458851872,2999.263394738415,0
2563,3.0019663134302466,28.786364921213107,28.003127323586263,3.5348009978081913,24.72436931687862,3021.4751062734035,0
2564,3.07177948351002,24.839394372799088,28.29776518722883,3.29388851921537,24.760642412621852,3027.769249202291,0
2565,3.141592653589793,18.587693596655306,27.85988698938736,3.519050479489492,26.109889909072574,2949.0979343149565,0
2566,3.211405823669566,17.162975961336766,27.88892384504787,2.1539188732813432,24.407601642894218,2965.3191230456882,0
2567,3.2812189937493397,14.396484673234195,27.926773517787908,2.0192982965115664,23.310281113601015,3024.458003150836,0
2568,3.3510321638291125,7.929548459824998,27.62747680403156,2.2768925769639674,23.837214440209987,2985.291337471476,0
2569,3.420845333908886,8.300359977666208,27.90806744338346,1.5644624763809323,22.277475079973023,2944.106059645545,0
2570,3.490658503988659,8.018581289313994,27.60093508171946,1.8315533174394558,23.313642403634038,2997.1609306197042,0
2571,3.560471674068432,2.6567553102901953,27.581043655253993,2.295011209446189,21.70406097953005,2995.241139755049,0
2572,3.6302848441482056,1.083899296797545,27.39649307345406,2.1824052666527702,21.40182641861568,3007.076599252356,0
2573,3.7000980142279785,-3.5719947953011593,27.46290492597272,2.1081023422532574,21.949561697312873,3021.169652837892,0
2574,3.7699111843077517,-6.560163839137019,27.531476608226512,2.246643081303892,22.632386870561504,3018.6260543633343,0
2575,3.839724354387525,-8.353535350772802,27.20896197773267,1.616688424259646,22.57720248305054,2969.273076219656,0
2576,3.9095375244672983,-12.48336664263153,27.42586687406159,2.159122132544564,19.57960638836116,2983.566861251487,0
2577,3.979350694547071,-14.887179927334314,27.01648683817026,2.2128740324838847,19.534479107940506,3037.111547731513,0
2578,4.049163864626845,-13.561027076548445,27.16900150157469,1.8682599667648527,20.034141858780956,2978.2726053182782,0
2579,4.118977034706617,-15.248177250677086,27.078522063370407,2.525847423578245,20.178286131270255,2984.1963176536374,0
2580,4.1887902047863905,-20.45780264368075,26.800482204556317,2.0392697928124117,17.14695690905068,2939.829236789753,0
2581,4.258603374866164,-18.993733876631712,26.9535186001366,1.5614461914982918,18.598271503494193,2998.8527811959507,0
2582,4.328416544945937,-21.85371341891446,26.888484265197413,2.076254399586751,17.805779131022867,3013.810818590422,0
2583,4.39822971502571,-22.28783037154626,26.73075335400429,1.8560279940021203,16.341903190135117,2920.980271262122,0
2584,4.468042885105484,-22.972979723267247,26.889345493597922,2.2329990547859038,16.517079331054813,2957.1899847362756,0
2585,4.537856055185257,-22.82482318336288,26.840174128301626,2.1095888066782598,16.85978799377315,2943.130890580265,0
2586,4.60766922526503,-24.62940798877752,26.79568568346199,1.8804155855447617,17.1110832680352,3031.53408948135,0
2587,4.677482395344803,-22.857344222906402,26.790444387218283,2.300490383652579,17.644584774402052,2923.5059490621315,0
2588,4.747295565424577,-24.50846795621942,26.78722946873854,2.187890261195862,16.92080045821304,2996.8526161154928,0
2589,4.817108735504349,-23.817208882868005,26.751418782371122,1.8344160024635796,17.22069942416459,3028.7144861978218,0
2590,4.886921905584122,-25.566242772855237,26.839205810637598,1.9695909838878305,16.336370576896446,3007.512865964774,0
2591,4.956735075663896,-20.4253191663626,26.73905799661424,2.103383358152816,15.631054376322863,2982.401653462442,0
2592,5.026548245743669,-22.092805848474462,27.257253604166316,1.9271473474454757,15.95631251867017,3013.8587354710266,0
2593,5.096361415823442,-20.653777317487787,26.67597938770006,1.933120119230549,16.596755776492042,3041.4789320199125,0
2594,5.1661745859032155,-22.85801080027983,26.833736732855833,2.0073450056528968,16.83245590593583,2995.6955355778323,0
2595,5.235987755982989,-20.20519620491839,26.88490819977213,1.786840283192522,15.88337088154056,2910.442510682641,0
2596,5.305800926062761,-15.449865233098796,27.31122892508263,1.5534469322846065,15.282866135555528,3045.909311685826,0
2597,5.375614096142535,-15.030147234863572,26.85636689817531,2.0478269724664075,16.348276545470515,3016.0105862024125,0
2598,5.445427266222308,-16.31218674872615,27.17211455412504,1.6022200101409627,16.54456932418471,2998.676945399636,0
2599,5.515240436302081,-9.702191777179165,27.203669065206185,1.8013922593710558,17.25923560722572,2920.7851260705606,0
2600,5.585053606381854,-9.741116642423368,27.278695214077334,1.6456835282102855,15.868826899649267,2988.067655873318,0
2601,5.654866776461628,-4.3333608743462335,27.480109171640674,1.6703111104477393,16.04360122168923,2964.980910797731,0
2602,5.7246799465414,-3.9781204083998087,27.54647128688222,2.085271034823858,17.375185233454253,2951.348829481421,0
2603,5.794493116621174,-0.8191602963342911,27.368990600678913,1.9555383669879853,16.662207050772743,2994.5420227719915,0
2604,5.8643062867009474,3.4652829294764667,27.541018645733136,1.9483199089063752,16.87072060396745,2978.5613245800946,0
2605,5.934119456780721,3.262854094062919,27.309960523186376,1.736819643275198,18.499330569469002,2981.1960478942015,0
2606,6.003932626860493,6.107048776484101,27.68409912429789,1.8688301822322877,16.68670785586273,3029.585054663844,0
2607,6.073745796940266,10.349226282603645,27.631407556843904,2.0752910318420374,19.736510824274276,3010.222885604774,0
2608,6.14355896702004,14.977969656228868,27.805034914953843,1.9895825469386998,17.928517537279337,2980.179407075342,0
2609,6.213372137099814,14.864642802594151,27.663486451784546,2.164534812208397,19.45653424009169,2975.1047511660086,0
2610,0.0,17.497948100166354,28.06073084300786,2.193018402425183,19.036407038834483,2981.8056571816137,0
2611,0.06981317007977318,24.374622709051327,27.829222464156608,3.4495560283483577,19.71484612499052,2990.1022307959597,0
2612,0.13962634015954636,25.35832207435244,28.189250412170818,3.1295501428159014,19.674027305797335,3023.362007375034,0
2613,0.20943951023931953,28.767687067418745,28.065518190027927,3.3486710201867567,20.966325725377946,2958.29759481494,0
2614,0.2792526803190927,29.61846540885471,28.203318671710015,3.4804621438254615,20.40838768411886,3058.337568700224,0
2615,0.3490658503988659,34.37243747812712,28.583633987372576,3.3447025895991773,20.63947245905496,3023.3908796451055,0
2616,0.41887902047863906,38.29179799346428,28.576271663578005,3.2890751577332495,22.964481233748536,2890.4828803650416,0
2617,0.4886921905584123,42.52178711179942,28.73574634599365,3.513950456844697,21.955660746842813,3003.4139693771417,0
2618,0.5585053606381855,42.689521641142264,28.86986218695504,3.986060620546656,21.810275492617013,3041.6294657350318,0
2619,0.6283185307179586,48.93640053351004,28.589416496680002,3.402362387592725,21.57557080375075,3015.548236326432,0
2620,0.6981317007977318,47.898608399624564,28.996190880989978,3.499438829501645,24.67348998996696,2983.5063616112734,0
2621,0.767944870877505,50.234988968277115,28.61376419612396,3.2375928245538024,23.146960905851003,2997.556328814202,0
2622,0.8377580409572781,55.74755347432944,29.00368884075461,3.7486802110083026,25.637706421488154,3007.132797926841,0
2623,0.9075712110370514,55.77767414084837,28.87161224713807,3.6749486086702845,24.697367450379236,3030.7835301849327,0
2624,0.9773843811168246,56.47865367145951,28.855300065670153,3.6611468278931834,24.871053507618672,2943.396206075052,0
2625,1.0471975511965976,58.73844347352885,29.131400964636995,3.771959162260949,25.25765118914154,2975.799265870538,0
2626,1.117010721276371,62.4753424497756,29.22029558433438,3.4145317290610384,27.244358703052203,3065.543125122699,0
2627,1.1868238913561442,63.92257768494396,29.249910883477124,3.4395164360308756,24.050731632189326,3001.3178889312376,0
2628,1.2566370614359172,61.572353464376526,29.1734968028884,3.84197570637733,26.29035306624664,3061.1160854751233,0
2629,1.3264502315156903,63.59965696730118,29.18414846673058,3.6265456205889115,26.201023558927243,3119.42372151137,0
2630,1.3962634015954636,64.45158412705072,29.260799291469635,3.0561556357311677,26.51551773044764,2980.3186077276778,0
2631,1.4660765716752369,63.274125125797404,29.238990885769507,3.590964195127402,27.05541822966429,2952.1087543455733,0
2632,1.53588974175501,64.88905963688431,29.28047236836081,3.3836603878460805,26.948894194212365,2989.3787715688027,0
2633,1.605702911834783,64.98057150653686,29.229868911589524,3.6796343649313314,27.513182567603256,3043.959708705949,0
2634,1.6755160819145563,66.4637995099774,29.319843848117884,3.5816380938840346,27.518470155845495,3049.5558348710515,0
2635,1.7453292519943295,66.12748642801616,28.937688132632086,3.1518914471954402,26.634162349233648,3090.879099406274,0
2636,1.8151424220741028,63.16949358488133,29.144663850268238,3.5537660340990955,28.11008169637624,2998.527779227349,0
2637,1.8849555921538759,62.4766135174907,28.933690845477347,3.5421255454503213,28.469531079593036,3019.5222606220996,0
2638,1.9547687622336491,62.71971190858889,29.154125928120877,3.5726924972929575,27.52600560747686,2971.529213961818,0
2639,2.0245819323134224,59.56794941007199,29.324842381937053,3.615105770382662,29.487910692104855,2899.7206020248955,0
2640,2.0943951023931953,59.854103397905845,28.968117767249282,3.7991931919643465,29.066786767435637,2998.413892094063,0
2641,2.1642082724729685,57.174831033923056,29.013932891610633,3.58277779792286,28.64900349387498,2953.849829850412,0
2642,2.234021442552742,54.00638604569456,29.05908591156631,3.504579692094893,28.585706577341686,3025.7342881303866,0
2643,2.303834612632515,52.00626207716327,28.581615350807894,3.729593510837645,27.861893008976978,2924.7442671784333,0
2644,2.3736477827122884,53.43021471470152,28.755273472229167,3.948548144717954,28.640037345404313,2970.4266843712985,0
2645,2.443460952792061,48.690810217179326,28.826022480514773,3.6830141508336176,28.844766491632733,3010.707168145618,0
2646,2.5132741228718345,48.91086749400876,28.270793093902377,3.541241225361618,28.06858018514778,3014.894486696525,0
2647,2.5830872929516078,43.07591249942186,28.4893818431186,3.586506109953784,26.773516251127514,2998.1024301009575,0
2648,2.6529004630313806,41.56302812706234,28.728494571350264,3.551208751879652,26.98010094179069,3074.6938067172446,0
2649,2.722713633111154,41.89216402293838,28.63853350675857,3.5037036830546655,27.22846807627014,3062.778545432365,0
2650,2.792526803190927,33.80482633266018,28.466571906096316,3.933034166301276,27.174177249880106,2972.6269002773633,0
2651,2.8623399732707,29.556959261915324,28.463094472971875,3.3501893251367134,26.15450588747749,3064.3763867114544,0
2652,2.9321531433504737,31.28591128373002,28.28175966414453,3.73098116564854,25.455004849860476,3070.488057951607,0
2653,3.0019663134302466,25.022575885113348,28.250316957268424,3.4748286114598854,26.848739722136667,2995.0439050383065,0
2654,3.07177948351002,23.107981772326298,28.036359712166856,3.203916165972255,24.37899271053372,3001.8161249140862,0
2655,3.141592653589793,19.12112268432263,28.017371902438313,3.462336451282699,24.123487827118886,2997.971137874936,0
2656,3.211405823669566,17.26320285294736,27.821436673544678,1.8906448332492172,23.44054145530606,2974.2000244737055,0
2657,3.2812189937493397,12.311406146018438,28.02251478047527,2.115515463683532,23.360902838693796,2978.173292816421,0
2658,3.3510321638291125,10.374063781375883,27.97873988244402,2.018260044531714,24.716811497943638,3052.772902895864,0
2659,3.420845333908886,8.271041978069848,27.876222093124163,1.7955946272704062,24.33841942187605,3017.495045726014,0
2660,3.490658503988659,3.096630220933518,27.52835951375752,2.294201582697943,22.842933935896824,2977.8324181175253,0
2661,3.560471674068432,0.6467250171201748,27.36884992240428,2.218026800895145,22.88324374339288,2962.960157105782,0
2662,3.6302848441482056,-1.6472945757628872,27.628180173769454,2.3172111064192804,22.059441748669006,2969.675584055461,0
2663,3.7000980142279785,-5.989590041833634,27.445682963308865,2.047392932813623,20.695586597804994,2993.445791118603,0
2664,3.7699111843077517,-7.084177827359406,27.34394534847758,1.992853386343862,23.006685530459276,3036.52679549229,0
2665,3.839724354387525,-8.747247626039913,27.13361005563438,2.1407120965237243,21.918764406917806,2965.5967532230507,0
2666,3.9095375244672983,-11.858950083037524,27.230259527344717,1.8845049958158195,20.69503431724856,3036.0681027254636,0
2667,3.979350694547071,-13.848581885880318,26.945434500477838,2.0260119109439674,19.327052231398948,3007.8782699328517,0
2668,4.049163864626845,-15.490336418662372,27.149496449083788,1.964864420135727,19.441768529015242,3005.713677701279,0
2669,4.118977034706617,-18.290305958625336,27.211987917874882,1.7077931365620158,18.689314211487318,3041.031845925837,0
2670,4.1887902047863905,-17.93454932149941,27.205426347044867,2.0254911009678143,18.956289653463635,3033.7343487175917,0
2671,4.258603374866164,-18.291764896259846,27.027725752557473,1.9118066216513396,18.77634058804863,2943.8192842971375,0
2672,4.328416544945937,-22.4198440437986,26.68007614207669,1.9514895671963393,17.922593117225695,2956.6394541676627,0
2673,4.39822971502571,-22.069745886065345,26.88833170008772,2.072756989129991,16.717589947033762,2990.819340052984,0
2674,4.468042885105484,-24.02273341557181,27.15659739007746,2.2545066267973253,19.29246074362142,3014.2389129212474,0
2675,4.537856055185257,-23.768117867991602,26.687938957819007,1.8302459818904042,17.50402895895099,3054.583026208933,0
2676,4.60766922526503,-22.40481599476742,26.79769648962154,1.9326883569741287,17.429304852204776,3002.602701034496,0
2677,4.677482395344803,-24.20959790133216,27.012759660347232,1.8469834607280378,16.500174977330747,3068.147851948994,0
2678,4.747295565424577,-27.632709024073826,26.893301095888123,1.8339638824402016,15.387713073884019,2971.732979444563,0
2679,4.817108735504349,-24.072491844401867,27.178597174230838,1.8810862112700455,16.396027449712196,2978.4968538288226,0
2680,4.886921905584122,-22.467053270585854,26.70830028890106,1.960709943436961,16.056413501029116,2987.7726998189214,0
2681,4.956735075663896,-23.995701937417003,26.687181760607682,2.1171743313755007,16.762638638448124,2967.3108989746793,0
2682,5.026548245743669,-21.304091024105166,27.042350995821092,2.0640891529569676,16.828174540467565,3046.3761792779214,0
2683,5.096361415823442,-22.758446767233355,26.707997580279127,1.78862860018335,16.652365482284168,2889.2067635329618,0
2684,5.1661745859032155,-22.674040822745926,26.89193194611837,2.2588320647834306,16.79702403920812,2979.857242744655,0
2685,5.235987755982989,-18.75938964205078,26.950922533729734,2.1888824612954076,17.44460327507692,3045.9282912079398,0
2686,5.305800926062761,-19.941405846096362,27.160553333941838,1.8197628698780592,16.3380397370904,2987.507260757232,0
2687,5.375614096142535,-15.820140431642866,27.14652729087572,2.244822178383912,16.959122674528594,3042.9154588125,0
2688,5.445427266222308,-11.511253752514506,27.176785946553657,2.065387682519255,16.557273012179515,3087.907365799846,0
2689,5.515240436302081,-14.124271029274315,27.106045323763954,1.9687089394149506,14.75303201840089,3003.2153858814304,0
2690,5.585053606381854,-10.84468762976513,27.410905471238447,2.0716160088958624,16.288220971866785,3046.75737075979,0
2691,5.654866776461628,-7.998384720903667,27.89853130365812,1.9948458408748957,15.883669819578751,3096.7655009476507,0
2692,5.7246799465414,-3.9413466800606995,27.46778919775859,2.109015730896281,16.95540373998608,3016.083628288419,0
2693,5.794493116621174,-1.6747955038343998,27.451584955788956,2.0374631046262333,16.35534578012912,2998.077472504468,0
2694,5.8643062867009474,3.795555634133125,27.317236582660215,1.9325147895455594,17.715012662135003,3036.0986126970024,0
2695,5.934119456780721,6.0406160439824585,27.493953610611626,1.5948346481677234,18.280841151868483,3047.3686701348915,0
2696,6.003932626860493,8.339228407337908,27.637178637927505,2.105436508126385,18.746368377703796,2998.4473882450543,0
2697,6.073745796940266,10.862419384716633,27.67031593497862,1.9252689443226532,19.38695756167328,2980.6462536575696,0
2698,6.14355896702004,14.327055122274276,27.830580603668896,2.155589321929049,17.077806600508886,3068.695812731853,0
2699,6.213372137099814,15.567985148544324,28.18299464302814,2.096335012455144,17.803951489893663,2989.1754216911154,0
2700,0.0,21.28581553033492,28.187075037605386,1.9304671577687982,21.46569891736128,3047.74915081929,0
2701,0.06981317007977318,21.47097493694684,28.05988286102271,3.704597638215467,20.305375272980445,3010.5146909281134,0
2702,0.13962634015954636,27.51585503405629,27.9857657294522,3.540968332367314,20.06381488244435,3073.07860630634,0
2703,0.20943951023931953,31.135239839977416,28.45009917541667,3.5327285694756174,20.306694412001086,2966.0381630937827,0
2704,0.2792526803190927,32.71997791489709,28.323406685961196,3.4723778626473716,20.64075866565858,2965.9607839186956,0
2705,0.3490658503988659,35.126586861212125,28.151449108150448,3.8367111424479594,19.550832390502705,3034.1794560732,0
2706,0.41887902047863906,38.90361380087552,28.59494848946492,3.3573466541808683,20.89594448935375,2954.786427736908,0
2707,0.4886921905584123,36.83394277021407,28.71721887797809,3.435465092508189,21.842676513628135,3004.6651384995835,0
2708,0.5585053606381855,44.29975421822242,28.272016856339643,3.2525329709840007,21.778144041064337,3061.936369318395,0
2709,0.6283185307179586,46.28030535640158,28.581659106431033,3.645346215464901,22.299691283240737,2928.606714442656,0
2710,0.6981317007977318,48.84950026630878,28.754777029927688,3.3835701987284654,25.228012702722673,3016.085571144343,0
2711,0.767944870877505,52.319425440001616,28.943766681247087,3.4059928836547355,23.387178773762084,3048.4698155729707,0
2712,0.8377580409572781,53.32936376413565,28.81441180287925,3.396612673568564,24.21073183730062,2998.963693397861,0
2713,0.9075712110370514,53.75017362732576,28.820791619031976,3.5125443832124774,24.572312997251906,2962.9162867853674,0
2714,0.9773843811168246,57.094586758738814,29.10392047451809,3.2498480830681706,25.228312946275178,2989.4956796762394,0
2715,1.0471975511965976,59.072476396420974,28.968982128544205,3.051350946779548,24.73994992658306,2966.4592085410377,0
2716,1.117010721276371,60.61813295083404,29.159861053141306,3.5915408074785544,26.469182950061793,3002.7663290006576,0
2717,1.1868238913561442,61.96615250643304,28.945893277233957,3.077288458759258,26.159356242611405,2988.93177758591,0
2718,1.2566370614359172,64.35659680065973,28.938417866668726,3.670827556795476,25.089148351660906,2979.4695791014606,0
2719,1.3264502315156903,62.03425585286862,29.277645245166756,3.8117055499070296,26.327183245567586,3018.645895798468,0
2720,1.3962634015954636,64.57989956979664,29.219647290162232,3.4671552392129934,26.548273781976658,3063.1646248848556,0
2721,1.4660765716752369,66.68837983949966,29.33179463442736,3.7598985893440977,26.76143638368627,3013.11283515378,0
2722,1.53588974175501,62.37066997045351,29.1193800422847,3.4951487160913564,27.56933495558773,3053.7466228177504,0
2723,1.605702911834783,65.24205723702939,29.080003197050953,3.819848231815574,27.870458185195986,3063.152995911218,0
2724,1.6755160819145563,63.87541753861274,29.397534107573065,3.408756429577358,27.950654591820726,2976.5343879072725,0
2725,1.7453292519943295,63.7602833088397,28.95332548901548,3.027023638113776,27.95614117824342,3010.994340159648,0
2726,1.8151424220741028,62.306096427598206,29.35207397790829,3.4840176511786995,27.87349903225248,2983.002094234055,0
2727,1.8849555921538759,62.54321715973125,29.33934352567654,3.8415926386821475,26.175721914943527,2940.713446352956,0
2728,1.9547687622336491,64.4851568771458,29.241634052620054,3.6069936611880835,28.581972204633868,3014.2304347487543,0
2729,2.0245819323134224,58.54908654169669,28.975381728007434,3.396935354292431,28.384277105610778,2957.9140152780615,0
2730,2.0943951023931953,57.2167281665815,28.916751909032524,3.5657802338569464,27.210520349567368,3019.3721310239553,0
2731,2.1642082724729685,55.35378890973162,28.96333672111632,3.6942249676905106,28.198307477255355,2937.7648766743514,0
2732,2.234021442552742,58.05161134224464,28.751356952803356,3.482876712217106,28.438600766983452,3006.8397199791043,0
2733,2.303834612632515,52.74800758820081,28.747519690759834,4.025278017068476,28.774813099069117,2937.170679829083,0
2734,2.3736477827122884,51.22116808013335,28.930300188277155,3.3965164086961024,28.135180816155884,3026.954590654877,0
2735,2.443460952792061,48.32126802423492,28.868747498757468,3.70050214440895,27.84544424743614,2984.264797056421,0
2736,2.5132741228718345,45.03370203555666,28.547906078770723,3.65238744729636,28.179578828898816,2980.4082756985795,0
2737,2.5830872929516078,43.493640920572574,28.737321407374857,3.3600345150603883,26.984510908422113,3045.060194049717,0
2738,2.6529004630313806,44.81358573396994,28.63151137120404,3.4151119465304656,27.34144866809601,2987.137193271456,0
2739,2.722713633111154,40.3912553198724,28.714566909877526,3.703619729495873,26.27264149452621,3004.4341040829254,0
2740,2.792526803190927,34.11149972296669,28.49579463827093,3.528957577520848,27.392218692740236,2992.0553517212434,0
2741,2.8623399732707,33.37504216635752,28.489551985040556,3.5676143453454547,24.928718767706993,3020.295696773726,0
2742,2.9321531433504737,28.108741927799603,28.321055667620843,3.1728065292591285,26.561841426866394,3041.717796890504,0
2743,3.0019663134302466,23.598238084933627,28.313997087606655,3.6311997310324204,25.595541301712807,3033.425418275652,0
2744,3.07177948351002,24.668307694982595,27.890640195007784,3.5574593688165135,26.009158346729922,2981.333257217716,0
2745,3.141592653589793,21.740139269965333,27.981738331433363,3.4872179954717692,24.252117735312183,3048.361878744233,0
2746,3.211405823669566,18.43003705808623,27.91044481627292,2.0721783726118153,24.57423056596023,2963.3459454751915,0
2747,3.2812189937493397,13.032412582967693,27.79642978680763,1.91815645857515,24.16424756617828,2970.30072346488,0
2748,3.3510321638291125,10.393810312197862,27.8170889655662,1.881619499223305,24.0660424442888,2994.887970567516,0
2749,3.420845333908886,8.72096731872223,27.764392121193964,1.951622893672178,22.475703656147104,3041.8720180883515,0
2750,3.490658503988659,5.196337606367072,27.648414389569872,1.9071593643363405,23.41114243393644,2953.1939432222557,0
2751,3.560471674068432,1.1063948546434417,27.485374446125842,2.43610591220864,21.009476924489572,3035.659365765546,0
2752,3.6302848441482056,-3.5548280555423366,27.326274612680162,2.182374145768718,21.53357176507425,2997.8101162072808,0
2753,3.7000980142279785,-3.6755540992811984,27.52867479404359,1.8063062152056597,20.398984052856,2982.6506590565546,0
2754,3.7699111843077517,-4.831821894307117,27.34711761974111,2.4072592004521685,21.89477544406823,3043.912254653917,0
2755,3.839724354387525,-10.7218248694455,27.07586278961624,1.9134286777127374,21.139077056869052,2967.893166852482,0
2756,3.9095375244672983,-10.301487598140916,27.13735682420176,2.005891073492857,20.776329710503784,3091.4270461499973,0
2757,3.979350694547071,-12.944204603782191,26.846731257771022,2.179483438986264,21.19031568631161,2992.9343284583088,0
2758,4.049163864626845,-14.335261517453993,27.05969268782405,1.606002291220477,19.368962695421626,3005.9936681692416,0
2759,4.118977034706617,-15.998727515398354,26.97539792154416,1.9525948306118062,19.73092319775342,3061.7162006431436,0
2760,4.1887902047863905,-20.012841033187755,26.87459947290537,1.8853332298065664,18.93104173846204,3007.0371871432126,0
2761,4.258603374866164,-22.87117118370993,27.159137172911528,2.041016015908827,18.459414404634266,3047.554755136695,0
2762,4.328416544945937,-22.523552744029747,26.71395625658854,2.0740099366530886,19.2407941779371,2921.873661301241,0
2763,4.39822971502571,-21.463852256991395,26.96469112319817,1.9845481269335297,19.546623640081,2982.2961183931616,0
2764,4.468042885105484,-24.476313537708798,27.163651352608586,1.9752705403642024,17.24164022475798,3015.869351136904,0
2765,4.537856055185257,-25.357413871335822,26.979820881942853,2.213026274527089,17.980983234701814,3043.256771904936,0
2766,4.60766922526503,-27.48551080445926,26.801842908243405,2.0602971860668076,17.31932478216668,3030.7878623304364,0
2767,4.677482395344803,-22.343615884032896,26.630620711663585,2.0082850020103886,17.10299242415109,3027.041284317316,0
2768,4.747295565424577,-23.734016753721342,26.596421681089417,2.029574118292028,16.83506414937418,3042.442313694181,0
2769,4.817108735504349,-23.598641319660157,26.744840971314442,2.3671777995060435,16.19620548126154,3019.000786136317,0
2770,4.886921905584122,-22.864760805380158,26.715180586298263,2.034534795396821,13.447006659481273,2914.272638928405,0
2771,4.956735075663896,-22.798245140104747,26.727713092125086,1.897110299006859,17.422858593551254,3057.6881301005474,0
2772,5.026548245743669,-23.16403651605121,26.80978516212513,1.6182001822777883,15.54752641162871,2966.493400038256,0
2773,5.096361415823442,-21.968919611688737,26.872042310587002,1.7132125251930093,15.847096182556186,3012.5450002945668,0
2774,5.1661745859032155,-21.087078630350703,26.994228936587795,1.9065948209840478,15.830171850459932,3007.240190446688,0
2775,5.235987755982989,-15.01903203867724,26.775100082539307,1.9783246312091705,15.374627914492937,3001.893104762794,0
2776,5.305800926062761,-16.47282271802773,26.902818343513992,1.8888757080779524,16.218350459058456,2955.7583726245985,0
2777,5.375614096142535,-16.156184574329632,27.030436283248562,2.070228795409162,16.04430006954306,2922.452269446608,0
2778,5.445427266222308,-12.74327198523334,27.078903430413636,1.8862983910983384,15.588955770047303,2959.9048437361453,0
2779,5.515240436302081,-12.775930047439369,27.441873511561216,1.817102145972914,16.392501951704308,3033.0495374897737,0
2780,5.585053606381854,-6.668682358010442,27.263491857284734,2.1225287670714827,16.38539984365026,2942.135125497433,0
2781,5.654866776461628,-7.441939996872011,27.052619225455118,2.2738788993756027,17.32010988213226,2964.78876119968,0
2782,5.7246799465414,-3.094738741560561,27.42682408715817,1.7785664804506904,15.697950845277205,3016.721866151983,0
2783,5.794493116621174,0.47274611924961585,27.518483683068528,2.0487431727415624,16.343842450866603,2958.903013005292,0
2784,5.8643062867009474,2.274003877896483,27.493146824072326,1.6189990683692363,17.810706038780655,2978.278072410097,0
2785,5.934119456780721,4.75079853807437,27.407566326847817,1.705092373854568,16.98422431859823,3003.2728606428036,0
2786,6.003932626860493,7.612522115519033,27.93294337731662,1.8822468344045655,17.0607905308516,3011.305709565206,0
2787,6.073745796940266,10.559312267870146,27.590023383981503,2.226982086475439,17.619315559646978,2958.110962072861,0
2788,6.14355896702004,12.872162723405781,27.93210810981031,1.844258794058905,18.33784289441409,3005.637716663247,0
2789,6.213372137099814,16.18673353685983,27.94629981086664,1.83677990504689,18.685408368997482,3015.954190114548,0
2790,0.0,22.219385560476404,28.090121582354467,2.00721745637889,18.955480019492917,2949.071979038718,0
2791,0.06981317007977318,22.976236369457904,28.33973645711805,3.50741672222997,18.67490417833389,3008.5937190422333,0
2792,0.13962634015954636,25.084095139128785,28.251253551973235,3.342973705449066,20.50278364740957,2971.336670810213,0
2793,0.20943951023931953,28.581579691506906,28.16569439492478,3.8972443134526475,21.34204021355771,3004.956607227443,0
2794,0.2792526803190927,34.054237032810796,28.496663668249592,3.4469273253769255,19.15790383422513,3028.923160120286,0
2795,0.3490658503988659,36.40431639940181,28.315759254484185,3.522716996483616,19.85499714259222,2992.9496391753064,0
2796,0.41887902047863906,39.14364270575939,28.512617673400253,3.4196440924579115,22.31609335287253,3036.5366166391623,0
2797,0.4886921905584123,40.7399385270004,28.369403334140703,3.587994312430236,23.18799166173245,3031.6325593696142,0
2798,0.5585053606381855,44.70641059575364,28.48091093297933,3.7469915119408235,20.647488764068857,3036.31320381038,0
2799,0.6283185307179586,45.48499466573532,28.713050303316397,3.8327327393909147,23.420149276703338,3016.1243975940533,0
2800,0.6981317007977318,48.536021388875604,28.826558137910975,3.347546864947224,24.4913314742972,3044.0306756175764,0
2801,0.767944870877505,52.71433340174249,28.57823145114714,3.7201590352602425,22.898571394348956,3015.40381214121,0
2802,0.8377580409572781,54.75293366486134,28.966366895772975,3.6099361639102034,25.251970092201805,2933.3095853462682,0
2803,0.9075712110370514,53.987619143376286,28.822698557838322,3.6949073218920154,24.235888544544924,2968.31717372961,0
2804,0.9773843811168246,56.02340108561401,29.186798289416725,3.4816241454614403,25.008455019835207,2991.5497173359618,0
2805,1.0471975511965976,59.13419639951985,28.98643582021765,3.462591845343564,24.54638948764147,2996.5110780246846,0
2806,1.117010721276371,63.03493064546678,28.910009515126504,3.687142929142799,26.27242077244796,3014.3095503698346,0
2807,1.1868238913561442,58.84992570880194,29.12399130917403,3.6909385012112574,26.47206818181839,2967.721924993599,0
2808,1.2566370614359172,63.21504264263766,29.003832569392376,3.8131441127723775,27.498647335224497,3080.3483481819767,0
2809,1.3264502315156903,61.59924268506012,29.354696642746163,3.539709511090098,27.56567234023947,2995.9016676208676,0
2810,1.3962634015954636,63.36485239526104,29.181848834744617,3.4786170744730485,26.678672403140304,2999.6924881576865,0
2811,1.4660765716752369,64.20684266447594,29.170674780977937,3.008029284001159,29.422671640096283,2973.170035714625,0
2812,1.53588974175501,64.34182470070397,29.288039145262566,3.1777478924009332,28.242531632588225,2959.8649295928026,0
2813,1.605702911834783,64.17189330637049,29.048526876542873,3.4211496789633213,27.795090861889136,2994.947873177247,0
2814,1.6755160819145563,64.76429588213686,29.00005322614265,3.279788213750757,26.739608607446648,3001.1020289675794,0
2815,1.7453292519943295,63.513465535603494,29.243022040530896,3.6628261130866493,26.46098270839926,2996.523836140186,0
2816,1.8151424220741028,61.46962160513861,28.999404265329872,3.237995807684209,26.648966580466208,3066.206237721498,0
2817,1.8849555921538759,63.96734765206608,28.976266296491765,3.3997391343299426,27.149755128693734,2994.9476259448866,0
2818,1.9547687622336491,62.852581706228754,29.238134030163277,3.4075947013723025,29.06150022619551,2996.5628290224918,0
2819,2.0245819323134224,61.710493548496515,29.157312472056592,3.7409486166798893,28.383264960195614,3032.6118191391015,0
2820,2.0943951023931953,56.660041425903614,28.85115605317339,3.378352250196071,27.507630824209595,2993.157366842832,0
2821,2.1642082724729685,57.7550679938531,28.90197468062485,3.590482423609598,27.865146445820677,3021.5735627492345,0
2822,2.234021442552742,56.47445219601288,28.81005317093612,3.5391412255045434,27.714052859776963,2948.8382104662655,0
2823,2.303834612632515,51.89471404382336,29.15822168527896,3.680657697089456,28.477855983307997,2949.154219156027,0
2824,2.3736477827122884,51.27338654292806,28.969491608686386,3.670043010423296,27.02390145166811,3004.8823425782234,0
2825,2.443460952792061,48.75104246792873,28.708218404723056,3.493311977426091,27.867911910876042,2990.735296577126,0
2826,2.5132741228718345,49.21356234101369,28.79177150615249,3.1607410974785637,27.66222959565558,2967.639008737478,0
2827,2.5830872929516078,46.733110946013085,28.43247518919022,3.4536518226708743,26.550648516455077,3004.8740693609993,0
2828,2.6529004630313806,38.6296857353698,28.462468952664647,3.4960088710935695,28.282250915788246,3008.3640037669993,0
2829,2.722713633111154,42.044039447003,28.503813461582244,3.5572018466305555,26.533075084670767,2971.6041249131395,0
2830,2.792526803190927,34.01806786792511,28.478258784362687,3.352488970955838,25.709781226998203,2979.2481670238294,0
2831,2.8623399732707,33.87469095325613,28.31614595815338,3.7281802236817225,26.898791642728487,3008.6646619777157,0
2832,2.9321531433504737,30.811773058094765,28.286696055588443,3.5027238836629984,25.952048149269846,2959.156861947215,0
2833,3.0019663134302466,24.76925420294025,28.178758190145047,3.315900530437575,25.908116782361645,2975.8386853023326,0
2834,3.07177948351002,23.8789430092443,28.059171158189603,3.408354432251664,24.289104641995653,3021.3574056223465,0
2835,3.141592653589793,19.83869938360091,27.955578161171367,3.885708530793366,25.526486232938797,2999.0465588003062,0
2836,3.211405823669566,17.69245368846297,27.85235250060538,2.1328755785892994,26.240186394526837,2980.911886241765,0
2837,3.2812189937493397,14.08321891036799,27.86778290514221,2.2096913111128806,23.105476510565687,2963.8772272407177,0
2838,3.3510321638291125,12.438483141256212,27.81212830939861,1.7916826060573172,24.002302641040057,2959.471545929104,0
2839,3.420845333908886,7.709418302954139,27.698989048117426,1.8622340615632398,22.685505460385478,2994.7297807411815,0
2840,3.490658503988659,4.357282446205444,27.41278627050904,1.863715538823751,25.053855211146928,3081.0325009294597,0
2841,3.560471674068432,3.3409474111747786,27.362076850637564,2.0368787475177244,23.47789820946766,3022.631465696316,0
2842,3.6302848441482056,-0.2556263780771846,27.496466395549138,1.965199633782888,22.293531285192117,2946.68543028421,0
2843,3.7000980142279785,-2.748646799012885,27.584847878020785,1.9021011177485958,20.66687407787182,3028.288646695958,0
2844,3.7699111843077517,-7.447216361549183,27.317520016482845,1.9271860814993091,20.443355064498725,2969.6445356840954,0
2845,3.839724354387525,-10.493336607991976,27.166904606504605,1.841192962664986,21.415992039407254,2999.805704935735,0
2846,3.9095375244672983,-12.111209885533935,27.20006102376562,1.964032142619718,19.3215050348108,2976.4455758206495,0
2847,3.979350694547071,-14.372749225003615,26.937702996050113,2.2226431167667493,18.94687309351911,3080.9101925149603,0
2848,4.049163864626845,-14.28118500932312,27.250728569152404,1.6973721296900492,19.628781042885368,2954.6356835314036,0
2849,4.118977034706617,-15.842714689535786,27.033144034610153,2.069295886727046,19.349987988258153,3012.5444902454183,0
2850,4.1887902047863905,-19.203838604598328,26.86035093347709,2.276018538975925,19.182248986476292,2972.58704782995,0
2851,4.258603374866164,-18.29935355522598,26.89642782452707,1.9633625802868866,18.17678181011546,3029.5531231750633,0
2852,4.328416544945937,-19.670569364857734,26.808323939710313,1.8942247941708208,18.93161074917885,3011.738152802515,0
2853,4.39822971502571,-22.432444858681098,27.055482676968342,2.1848462971901177,17.191668378978225,3050.182105846081,0
2854,4.468042885105484,-24.896145339734403,26.805309115051745,1.8031556246262312,18.088129037893864,3028.724711786234,0
2855,4.537856055185257,-21.95328391139605,26.841535558302688,1.9954616940122538,17.485304104420408,2972.2586452450596,0
2856,4.60766922526503,-24.845011318114917,26.892632694055763,1.7920311799228545,17.544550520552058,3116.6481031013373,0
2857,4.677482395344803,-24.783339421212844,26.689616017012405,1.625979805995144,17.783700927731164,3022.217045346043,0
2858,4.747295565424577,-25.48199475426916,26.829787427497358,1.969603147041041,16.273056090063484,2977.9735220468597,0
2859,4.817108735504349,-26.0881707810181,26.847739060967204,1.7473209873466033,15.933805848974922,3008.2216157138487,0
2860,4.886921905584122,-26.519308031022305,26.585118873232258,1.9976658973341663,14.964276103297369,3025.2333450707715,0
2861,4.956735075663896,-22.714005197083917,26.873549601785445,2.223005924876141,14.579809457134193,3023.7117791574096,0
2862,5.026548245743669,-23.972644814126845,26.851867870704346,2.3708510813359247,15.962533155311046,3019.8411239046713,0
2863,5.096361415823442,-17.1339766120102,26.906874318337255,2.0187058567886416,15.954323593820982,3038.6592861568547,0
2864,5.1661745859032155,-22.074842457381234,26.926791601464586,2.20384316639512,15.137539671319342,3034.7268403841053,0
2865,5.235987755982989,-20.857216882771795,26.999644996401184,2.0797925300213267,15.304790869200886,2966.097353350556,0
2866,5.305800926062761,-16.54148269155673,27.205756396785375,1.9233772772249882,17.2449214312987,3084.3221641602895,0
2867,5.375614096142535,-13.166513693851536,26.87746098385917,1.615044729213821,16.780421842122976,3078.7555127020087,0
2868,5.445427266222308,-13.344632661067926,27.056903359102062,2.3252984654164237,15.152899053333634,3032.038595809595,0
2869,5.515240436302081,-10.401263040373982,27.26640274979363,1.7901795621437755,15.9191818974881,3001.547868702025,0
2870,5.585053606381854,-11.690763562082347,27.30079374853534,2.276554182283554,16.736639351342074,3002.2354353084556,0
2871,5.654866776461628,-7.466603671698952,27.363568530250344,2.10736152585245,16.076678205613344,2987.049424208214,0
2872,5.7246799465414,-5.45679048420061,27.777133465271156,1.8047974429505282,16.123300823098244,2992.2246310015403,0
2873,5.794493116621174,-3.968789100286908,27.528754453274434,2.0623996723637905,16.717557280554004,2912.528623404078,0
2874,5.8643062867009474,1.8723214126248244,27.681556697747293,2.426582212257066,18.10299665837671,3061.2105381165165,0
2875,5.934119456780721,1.2448521179292622,27.543515019181324,2.307130516172754,18.4411397153718,3047.098145665153,0
2876,6.003932626860493,5.613025039103837,27.52029831693501,1.8974573887731103,17.195154886653853,2932.9325283027038,0
2877,6.073745796940266,9.83818322218068,27.703358356633643,1.8576038483630635,18.459989188161316,3035.599516594778,0
2878,6.14355896702004,12.490281702870421,27.939786304549433,2.0200416074632144,18.4134964654634,2999.691415684723,0
2879,6.213372137099814,17.45557143482499,27.977316409731426,1.9668972542060328,17.956563123862278,2992.0381544273732,0
2880,0.0,20.45837028785372,28.060487705589832,2.239947477128546,18.88578715777475,3019.713660342563,0
2881,0.06981317007977318,24.479739437388822,28.05155611047338,3.6479178272843606,18.486368946694697,2930.2885124265154,0
2882,0.13962634015954636,27.39136514227196,28.11093732833013,3.1615516796943153,20.81470069532922,2999.5500327124882,0
2883,0.20943951023931953,31.06724527084124,28.22251544233732,3.5917350510847825,21.52304203787581,3003.1792470719347,0
2884,0.2792526803190927,32.400803411751376,28.43943614450518,3.4641818078265265,20.357788318075244,3003.2179585826475,0
2885,0.3490658503988659,35.846106800880094,28.536533286216365,3.507421627205613,20.578566186495593,2945.300424065109,0
2886,0.41887902047863906,39.07041949128979,28.33714772424028,3.5497886028521317,22.3574833231714,3017.876638575027,0
2887,0.4886921905584123,41.338705371451624,28.677717259257786,3.7397458010553204,22.905073742015876,3042.3925998424834,0
2888,0.5585053606381855,43.250575425618614,28.53829493246641,3.695558592709204,21.459302819918634,3016.293258563464,0
2889,0.6283185307179586,45.95167255165163,28.775680550527124,3.350051451862541,22.64936434067815,2990.8324835528692,0
2890,0.6981317007977318,47.69910483839932,28.742550270254473,3.488277606462066,23.13387685484119,3107.561624116774,0
2891,0.767944870877505,51.892051915519616,29.068458326936643,3.4102957214285574,22.97188018809127,2963.0170085763225,0
2892,0.8377580409572781,53.300494385355,28.8290625962257,3.1636308062186806,24.297021185957195,3030.93805201883,0
2893,0.9075712110370514,54.46572328634735,28.972404680462283,3.478125898479782,23.81832770118177,3009.7309482272276,0
2894,0.9773843811168246,56.31332353598999,29.085834060699963,3.8689508855118193,24.32453675109161,3080.4925179869374,0
2895,1.0471975511965976,57.15554507862556,28.908136657022897,3.1575913212500506,25.04070195541111,3015.4699926365884,0
2896,1.117010721276371,61.913994095318316,29.067624297244958,3.4951876412679868,24.280348125850562,3024.0462097998025,0
2897,1.1868238913561442,61.84119995980311,29.07263289278667,3.488772370918065,24.159343871744703,3020.2286792625705,0
2898,1.2566370614359172,61.503343203922,29.064195797043286,3.5575470943528638,26.8534977439513,2957.6670988456904,0
2899,1.3264502315156903,64.87612930682288,29.09839642130871,3.307455008521214,25.820927973661814,2965.2447818650453,0
2900,1.3962634015954636,63.4756756708578,29.34857149333517,3.214977881840009,28.393883704934122,2988.973284934773,0
2901,1.4660765716752369,62.64373435105396,29.103643664227878,3.2242804686410746,28.513439088017694,3038.2953126991683,0
2902,1.53588974175501,66.504420649688,29.284230174823655,3.7661867516662957,26.75671461643402,3009.323869547651,0
2903,1.605702911834783,64.16694173151014,29.246458242727588,3.3034628051276287,29.23392043031871,2991.7306045324044,0
2904,1.6755160819145563,64.14013665625912,28.983879257075653,3.4000875616693653,28.2873917490796,3054.8879920446134,0
2905,1.7453292519943295,64.37811891607312,29.259644719378617,3.920926519722595,27.168757849426907,2920.702809567516,0
2906,1.8151424220741028,65.37719151660501,28.95232789006754,3.3531488686447086,25.739517074277718,2948.1671947935583,0
2907,1.8849555921538759,62.82759916958138,29.235481593778957,3.5684799195901853,28.44721162831363,2900.136008197478,0
2908,1.9547687622336491,59.92459776628759,29.036541879010517,3.7127623353251016,27.984694801388244,3048.3324201964024,0
2909,2.0245819323134224,61.26154758963078,29.07980794354747,3.7031440373958486,28.338683098120555,2996.130954217078,0
2910,2.0943951023931953,58.243658583907155,28.84508849209738,3.233684728591264,27.815260429700803,3038.6516711477116,0
2911,2.1642082724729685,60.138576722271075,29.01320243560677,3.3573295104597003,27.05875611005895,2995.629666678705,0
2912,2.234021442552742,55.45880432930566,29.08465546702366,3.560472795250397,27.578628650582335,3040.9273467410785,0
2913,2.303834612632515,50.08896389963474,28.77072897636948,3.8858034914766586,28.4031252756451,2994.9299073530374,0
2914,2.3736477827122884,51.79567412888838,28.742514981629196,3.347697868271761,27.443439367717406,3016.3964570039157,0
2915,2.443460952792061,51.84233912428462,28.83953828515897,3.401277403177785,27.299828516108963,3010.540539632451,0
2916,2.5132741228718345,48.81421678597938,28.77728505129801,3.583914884280201,26.206651304452105,3013.5082915955186,0
2917,2.5830872929516078,46.59279832362907,28.27077622231857,3.6239316454696753,27.302703310000023,3067.3894888083137,0
2918,2.6529004630313806,39.5965800472929,28.865676829910488,3.636050800860547,26.122300539229947,2935.023019470373,0
2919,2.722713633111154,39.67137753237619,28.56736699422321,3.33072882703304,27.504353009647758,2997.264665765091,0
2920,2.792526803190927,34.30791464005003,28.514961971358744,3.3935903726131187,25.916700606459045,3007.9194885671213,0
2921,2.8623399732707,32.74011511089037,28.309233759981097,3.5431002399603937,25.979924386715727,3001.9314805612125,0
2922,2.9321531433504737,27.44659744368957,27.971191002698472,3.7524622625256563,27.639638540141632,2984.0845911778642,0
2923,3.0019663134302466,25.296105895878885,28.268216030339616,3.4523031835763147,25.336114754073932,2978.6113486235918,0
2924,3.07177948351002,22.124671272440224,27.998929564258315,3.4955396199832363,24.884388629242427,3061.2005862164365,0
2925,3.141592653589793,21.347832920213932,28.0815897541275,3.294814312572118,25.345050820344365,2997.1711564579614,0
2926,3.211405823669566,18.062037364018867,27.883472070967642,2.3726453663784484,23.07403426112667,3097.517861355895,0
2927,3.2812189937493397,14.152440050793283,27.868698185715377,2.030852589428342,25.11639095181608,3021.130999454994,0
2928,3.3510321638291125,8.618341786117764,27.634256513807305,2.215550955911348,24.514087631012913,2988.4137773689727,0
2929,3.420845333908886,7.128859837310466,27.79889351442144,2.00597944161352,23.73331461256527,3022.1071536185855,0
2930,3.490658503988659,3.489918825930822,27.411318972090548,2.0170534130486826,20.20049236868791,3004.3573148175087,0
2931,3.560471674068432,3.001364696630745,27.84875144210992,1.6999382218295878,22.278662868166837,3053.6799706775755,0
2932,3.6302848441482056,0.6410569538606872,27.77232641990498,1.5698476260614866,21.049552429963875,2953.2911072243805,0
2933,3.7000980142279785,-2.261788511447892,27.609001820740133,2.250381042367192,22.548453485734992,2927.952560663417,0
2934,3.7699111843077517,-7.583165482286818,27.48597954511521,2.015611642852484,22.07424879412454,3014.439240419333,0
2935,3.839724354387525,-13.034742119328484,27.215972614641107,2.0412856245973234,21.129380346726442,3033.4278359224377,0
2936,3.9095375244672983,-13.910069517849964,27.341391961311285,1.7501892495599178,19.449009835272783,3011.436217984717,0
2937,3.979350694547071,-11.309076679359418,27.093799734685707,1.8193871644412754,21.207199537732706,3026.8990071587637,0
2938,4.049163864626845,-16.06236632128223,26.82135946433514,2.212460400226997,19.411907119535478,3021.01747450881,0
2939,4.118977034706617,-18.432777692374533,27.230635125038553,2.348028754168287,20.687551506143745,2940.783992186813,0
2940,4.1887902047863905,-16.507152730145375,27.13009318489705,1.8757451972454897,19.09053351421098,3011.249588152261,0
2941,4.258603374866164,-18.54799216523002,26.916746278292685,2.134296657672611,18.93384846350247,3052.6712265428573,0
2942,4.328416544945937,-21.686600372625747,26.703601735920184,2.038004986536321,17.82725000462396,3006.8706781924525,0
2943,4.39822971502571,-23.23764786987787,26.77080207895897,1.975894211984455,19.006684611584813,2947.6016722018076,0
2944,4.468042885105484,-23.86145950163953,26.562473290735678,2.370391804035664,18.073560662483597,2986.645715276206,0
2945,4.537856055185257,-23.97560468796816,26.959992824278046,1.9093596707954497,18.468320915497607,3022.2702691885293,0
2946,4.60766922526503,-22.35341436959289,26.566077380528444,2.248142527403497,17.206064210886865,3071.825211311922,0
2947,4.677482395344803,-24.338886079503467,26.843755638099086,2.07628466340841,16.800471558786096,2921.746156752909,0
2948,4.747295565424577,-23.883543666300593,26.674177005410133,1.9966221355270362,17.113426096466437,3014.449284764086,0
2949,4.817108735504349,-22.999580127967047,26.59256820880815,2.2744034346066155,17.61670028170343,2962.711697734795,0
2950,4.886921905584122,-26.070862887085994,26.853983960377136,2.0580268996846054,17.128378554009974,3020.30908385355,0
2951,4.956735075663896,-22.531014843708785,26.785575220672,1.9807144940175438,16.30559017959588,3023.5132503591417,0
2952,5.026548245743669,-23.23939636527433,26.984460546259623,2.2758884345964066,14.617537675664309,2990.6741113348244,0
2953,5.096361415823442,-25.497416249164583,26.69723858421055,2.2498524507543785,16.68865073001373,3025.263968091652,0
2954,5.1661745859032155,-23.637986396441235,26.80784994761993,2.240392664230775,14.85544233251121,3045.5958286593686,0
2955,5.235987755982989,-20.498319587577768,26.60262318418504,1.222439131676067,16.02967523401751,2993.417131783058,0
2956,5.305800926062761,-16.509855922088022,26.67750291058476,2.088035325147682,15.933545395565499,2946.5135893134006,0
2957,5.375614096142535,-15.289784564292034,27.32411595716871,2.042423438613994,14.945535231428236,3057.0229128431097,0
2958,5.445427266222308,-13.164967085719264,26.605032604167178,1.993027349182903,19.401191274644336,3033.147794361639,1
2959,5.515240436302081,-8.333211446624855,26.32132695804635,2.1219559267945356,21.0934811267549,3022.5502572658256,1
2960,5.585053606381854,-10.829076858184001,26.202830038992182,2.0521113745009054,19.414681715850385,2972.36133403525,1
2961,5.654866776461628,-6.491486384436887,26.304381257615976,2.135561483465436,20.599434044381173,3039.4174349717646,1
2962,5.7246799465414,-3.389713606273536,26.50636532617202,1.9464076384490014,22.219662582336685,3081.6970257315375,1
2963,5.794493116621174,-2.230630000172589,26.327449498250985,2.2996361260352987,21.399060465279053,2995.14758679005,1
2964,5.8643062867009474,1.7393411792134055,26.472276248621107,2.155788838354565,20.59137163304799,3003.7797079916204,1
2965,5.934119456780721,2.209169549218395,26.46911897438128,2.108505318102968,21.718371185889964,2957.3923738521453,1
2966,6.003932626860493,9.711178314147553,26.42211124013989,2.098741046741373,22.3568395095816,2971.218319937964,1
2967,6.073745796940266,9.621552084405156,26.46651644044108,2.2314562614987126,23.583264187851032,2957.0172245446815,1
2968,6.14355896702004,16.78431070396479,26.628671204610374,2.204337557387098,23.89049385562558,3005.232901195862,1
2969,6.213372137099814,16.812247195638204,26.47818121974701,1.9774455892907425,21.203834684984493,2986.3688418910056,1
2970,0.0,21.542080348098775,26.732923024230058,2.198062076164659,23.25103553511039,3014.9120102665065,1
2971,0.06981317007977318,23.05908701499891,26.634875960620555,3.534810448008409,24.410249674065994,2964.3239665036995,1
2972,0.13962634015954636,26.216673794812152,26.764759266612746,3.8833853583000657,24.196503957212173,2993.2977380093675,1
2973,0.20943951023931953,28.479982086966157,26.99247627735848,3.719545562209393,22.601430604686154,2961.8585509983154,1
2974,0.2792526803190927,32.582366905814375,26.797665297336696,3.3748781362876614,25.54215378791259,3007.502863107912,1
2975,0.3490658503988659,35.867904491276164,26.99726551384839,3.966142137890053,26.68730529189105,2934.70702800214,1
2976,0.41887902047863906,37.12676117503823,26.62489114782563,3.079592032802034,26.841906514725046,3006.0631323061916,1
2977,0.4886921905584123,40.938653701575255,26.85516494150268,3.6274709481338085,27.03888881966396,2988.8507888485397,1
2978,0.5585053606381855,42.93121859140855,26.959151342135407,3.360750534110943,28.4442548223252,3007.2385635568994,1
2979,0.6283185307179586,49.89983245758355,27.269678250214536,3.876436058734604,29.25848414351818,2933.9093330696833,1
2980,0.6981317007977318,48.79084628102684,26.709930078405915,3.5505612130590576,29.178325748173528,3026.18862695742,1
2981,0.767944870877505,53.57747489819971,27.008477738226382,3.3412409069825757,31.214034485773386,2988.050284296257,1
2982,0.8377580409572781,53.148083650271204,27.25633770485827,3.4467010575560835,30.71850793074158,3008.6845086144745,1
2983,0.9075712110370514,55.84941537460485,26.930661843874447,3.357213708266882,30.521135947463307,2925.1970295569117,1
2984,0.9773843811168246,55.324644657508976,27.022462679527063,3.4388446042859844,30.853140749990644,2950.2906689506426,1
2985,1.0471975511965976,58.30053428249794,27.105276160012973,3.434270476822099,32.10338790373753,2984.3938335555304,1
2986,1.117010721276371,60.76153408964639,27.079255380019184,3.349768826259789,33.670284428097645,3055.0200055404057,1
2987,1.1868238913561442,64.10227920194524,27.277253851888528,3.5540127623165247,32.60946782061986,3021.090853937204,1
2988,1.2566370614359172,63.13051739979631,27.09504795984384,3.5782448326813463,34.215458084617865,3005.1950016556175,1
2989,1.3264502315156903,65.73888822420933,27.206771288325452,3.3007387217448065,34.264668966314126,2963.027673362056,1
2990,1.3962634015954636,65.27744255085373,26.92775994617374,3.1683462473912005,36.212378154040735,2955.7494020160507,1
2991,1.4660765716752369,67.19458730076933,26.839080772598415,3.5621912904299142,35.335931605373645,3011.0662076386184,1
2992,1.53588974175501,64.88402388990173,26.87888523700245,3.6063841102239067,34.847040555334516,3028.027571927497,1
2993,1.605702911834783,68.55792128183701,26.69561966563871,3.6460433523922466,36.35146003650181,3008.35896405868,1
2994,1.6755160819145563,64.02539098720112,26.89291057978283,3.6102348763188257,36.708998444495286,3068.3822883235093,1
2995,1.7453292519943295,63.166656134252854,26.7075865512992,3.814543355147398,36.07901115472521,2972.7015310705524,1
2996,1.8151424220741028,61.84822840788629,26.604026914820864,3.6994135773862524,35.74136572201554,3007.174797630998,1
2997,1.8849555921538759,66.29408024061902,26.713248372972078,4.035965639283115,37.34905143713816,2932.273011035884,1
2998,1.9547687622336491,62.95244481443228,26.394986464447197,4.120129439366589,37.18996835539038,3008.4418208266893,1
2999,2.0245819323134224,59.94455098339205,26.604792806989014,3.148379482471057,36.11581421520212,3058.774928534212,1
3000,2.0943951023931953,60.844677215609984,26.334885909307726,3.0605722737528307,37.693368975734934,2958.3396446955253,1
3001,2.1642082724729685,58.33822904265355,26.49285700040873,3.498521740430657,37.11163248833068,3033.685261678482,1
3002,2.234021442552742,58.40967511936588,26.167591128010635,3.6008464859760645,36.51111584741041,3057.64158985462,1
3003,2.303834612632515,51.119767897372874,28.986560240556564,3.4848229981988554,27.556122372178425,2972.411489006741,0
3004,2.3736477827122884,50.861586508183485,28.860524400616733,3.640716089211552,28.753274648982266,3018.6775877631208,0
3005,2.443460952792061,48.23166035998004,28.88293041268102,3.445951584920325,28.554612002053496,3063.1852697923446,0
3006,2.5132741228718345,43.4898123385484,28.72183433657311,3.361209847317175,28.179562656504118,3009.2190064911815,0
3007,2.5830872929516078,45.43685769766377,28.38639350522836,3.391421828029791,27.445129236651102,3031.4685999004655,0
3008,2.6529004630313806,40.72062549166006,28.71468490622939,3.459966326187159,27.488483855104047,2929.0420256232796,0
3009,2.722713633111154,39.41259574589086,28.474931533322277,3.6687024688120298,26.848447715071668,3023.8854610708954,0
3010,2.792526803190927,38.93056435114951,28.528851583594022,3.402651860666834,25.619940665671617,3020.689509620787,0
3011,2.8623399732707,31.873815474023576,28.434301798510727,3.442206259416659,25.492086140030384,2946.951517361568,0
3012,2.9321531433504737,28.724296612813436,28.13349955682961,3.6140433688088707,25.422706947099968,2961.426853841191,0
3013,3.0019663134302466,26.440785797788955,28.029788410375783,3.460240720490962,26.702461393543466,3024.160072087927,0
3014,3.07177948351002,24.619912347960764,28.1820110337103,3.723342110129078,26.098201067045242,2987.891523827321,0
3015,3.141592653589793,19.14993046203478,27.954512645588423,3.3160987535529878,24.012651180963758,3044.477535558772,0
3016,3.211405823669566,15.914516285816187,28.056756623427024,1.7727272487069026,24.544956595240155,3012.429077220218,0
3017,3.2812189937493397,15.3229943621591,27.806262137418468,2.0609258068036684,23.793657780191076,3002.258222661691,0
3018,3.3510321638291125,11.211932898957896,27.904017437635932,2.0808576924529594,23.59485516480789,2993.1820386710797,0
3019,3.420845333908886,4.529226593727815,27.732730845650966,1.8270081011833175,22.884918961503708,3011.7072852773804,0
3020,3.490658503988659,2.7710058511412483,27.63277207706632,2.2687190802654853,24.02672366171398,3032.117294900646,0
3021,3.560471674068432,3.948704857329824,27.455814348498002,2.384987361954045,22.47106699744855,3021.354027720839,0
3022,3.6302848441482056,-0.5233279007468707,27.471498266766158,1.8744291574318568,22.24077085444916,2983.0796535836407,0
3023,3.7000980142279785,-4.98966078705009,27.54302479016306,2.297460134546238,21.828574623474015,3049.5774821016107,0
3024,3.7699111843077517,-6.70595083901376,27.286525378449536,1.5235735655998555,20.409983784350914,3026.307769578476,0
3025,3.839724354387525,-8.90558742669176,27.30833103492873,2.215222453343605,20.905815393134244,3015.4093556656076,0
3026,3.9095375244672983,-10.156026630234637,27.17336396688666,1.8284474457743165,21.261352250414266,3003.6678870964934,0
3027,3.979350694547071,-15.478912238770915,27.12691681583894,2.195214536394428,21.189916957697328,3020.0019825735385,0
3028,4.049163864626845,-16.72190762030818,27.31289870921268,1.807744802808667,18.703464056575513,2926.7328424109965,0
3029,4.118977034706617,-16.89725713268178,27.185414417589882,1.986302493074641,18.02837366271231,3009.6523709752496,0
3030,4.1887902047863905,-19.1208950410429,26.97268008773803,1.8379768806916321,18.927931524754076,3065.6073171826424,0
3031,4.258603374866164,-19.587943309507445,26.953615257631405,1.9572238604435839,19.41575210895718,3008.7994674681786,0
3032,4.328416544945937,-23.567534551544824,26.78209879898721,2.365984805786089,18.483170675700933,3003.3390927482787,0
3033,4.39822971502571,-22.261850218874926,26.832786448506074,1.9784124406813188,18.42535701022321,2976.1646277811037,0
3034,4.468042885105484,-22.025932253353634,26.882054796601096,2.4220603247851673,16.498614338323492,3019.7090912086783,0
3035,4.537856055185257,-23.586121064825434,26.94582273482072,1.9228374877814327,16.856417574069912,2992.197023706474,0
3036,4.60766922526503,-24.544817681929917,26.91895686009471,2.2983529407613603,15.30714140741491,3052.3719912956235,0
3037,4.677482395344803,-25.116412619708264,26.634342149191408,1.6748614786974394,16.72411204679397,2965.4552123461003,0
3038,4.747295565424577,-26.22486394501656,26.94727841717888,1.9426981889243617,14.905946413472773,2981.9078026293187,0
3039,4.817108735504349,-24.861483180231986,26.79325767365144,1.8927780029349286,17.528797235902847,2975.9648777237758,0
3040,4.886921905584122,-22.426790106228758,26.67018199303372,2.3075411201594282,17.55884828254578,3073.3831635484567,0
3041,4.956735075663896,-23.841850442320037,27.036102839083593,2.037049757207215,16.307525927521876,2992.409373535504,0
3042,5.026548245743669,-24.13224921730453,27.07822402995651,1.582383366070501,14.893253995624285,2978.0769014851435,0
3043,5.096361415823442,-22.461644088653514,26.926941421870954,1.7379740690552876,16.340912021647213,2916.3762181818142,0
3044,5.1661745859032155,-20.144456637548622,27.027766184726786,1.7974675501241197,17.493712217243157,2963.545120578559,0
3045,5.235987755982989,-19.53141416607101,27.07588689677034,2.186810058822434,16.38225902884518,3021.1153977357044,0
3046,5.305800926062761,-16.57873584038218,27.21452073585579,2.161001496731255,16.974145537854696,3020.9550296636535,0
3047,5.375614096142535,-14.676218271178934,27.16359737448669,1.9399201134077761,15.69161776852375,2973.9518707018574,0
3048,5.445427266222308,-12.108042375875787,26.90907296781134,1.8902980412764854,15.465216514844226,2976.1737640146766,0
3049,5.515240436302081,-9.124287462257342,27.467881117794875,2.1432776481700104,16.216370731053104,3074.3948427225864,0
3050,5.585053606381854,-7.431654349335742,27.38850340179816,1.7740953815136078,14.870472914064367,3107.855190502206,0
3051,5.654866776461628,-7.851694949383241,27.218229066458118,2.0915337955900704,18.389109874152933,3045.99090360474,0
3052,5.7246799465414,-5.201668560358668,27.209653122066545,2.0745035993740464,16.881977112606986,3062.3711954917876,0
3053,5.794493116621174,-1.2398775400548225,27.51235613921754,1.945082081386647,17.681572271073637,3070.8570105247513,0
3054,5.8643062867009474,1.0200880257298723,27.4701770225539,2.079535593009143,16.861261127393767,3088.5828619961885,0
3055,5.934119456780721,2.901603459903498,27.639075131109042,2.020418870614937,16.261549577470177,2987.922885583706,0
3056,6.003932626860493,6.9337812969755195,27.78074619921134,2.0994838989513083,18.92416420543237,2990.8758196711833,1
3057,6.073745796940266,9.932204512772248,27.66553968781917,1.7331795383039812,17.192268087432563,3124.0059300080115,1
3058,6.14355896702004,12.729438847155226,27.66557607994527,2.12290039610574,18.69769687862099,2943.693706134736,1
3059,6.213372137099814,16.38727445228188,27.974165001687847,2.2053202659004545,19.11761936690668,2995.2163545363214,1
3060,0.0,21.7676762754775,27.919991821708454,2.064190284112889,19.18260781131789,2999.948351993683,1
3061,0.06981317007977318,23.4378983803595,28.10562213635281,3.6202431701983,18.87008890814705,3018.268523323512,1
3062,0.13962634015954636,29.97050315728615,27.96550875560774,3.4780161365180473,19.76455071598576,3022.178994520516,1
3063,0.20943951023931953,29.611788365828644,28.211666620310115,3.6782665132526087,19.521023742917663,2895.5887939341005,1
3064,0.2792526803190927,31.96858235085908,28.438007610636397,3.513049425595971,21.333588937381663,2945.9886967248767,1
3065,0.3490658503988659,35.39710577363739,28.50131404813782,3.270411743509078,21.55506717852961,2895.186605185907,1
3066,0.41887902047863906,38.687886906076315,28.36983027605997,3.664043230976652,21.496685826574222,3098.7521194637734,1
3067,0.4886921905584123,41.77910126112168,28.388126219945363,3.1731707504984454,21.477473411875835,2977.9626964495824,1
3068,0.5585053606381855,46.96143387928276,28.638267670542614,3.556555948857677,24.036686261258257,2963.169907982982,1
3069,0.6283185307179586,45.182355655694934,28.78949722230388,3.423155429990604,21.726148886757603,3168.9984994349284,1
3070,0.6981317007977318,50.21401152316087,28.832121402652728,3.410374850059058,21.945337087649502,3162.9596276099546,1
3071,0.767944870877505,51.57125256707606,28.7567660678966,3.5343977499852413,23.522896422512787,3007.0216350406267,1
3072,0.8377580409572781,51.08487053262681,28.936447456945864,3.3581423618364012,23.781797969430514,2877.0423034950372,1
3073,0.9075712110370514,56.61653208544464,29.170966225019466,3.6024412028255663,25.256349933052434,3187.416673601791,1
3074,0.9773843811168246,59.20812610618273,29.025616790162406,3.5113593265244005,25.27363851133405,2985.2077417087917,1
3075,1.0471975511965976,57.685378564633595,28.794258294168536,3.37654120971756,25.145396608864772,3069.598236539986,1
3076,1.117010721276371,60.43233128162456,29.109032906274095,3.7676359140092637,25.871868177886427,2962.1672388565257,1
3077,1.1868238913561442,59.13524206249388,29.419214171162036,3.5409565220598997,26.190239086325743,2915.61776493358,1
3078,1.2566370614359172,60.9093335437554,28.948159197586843,3.626160186684896,27.8017252267862,2949.965003923996,1
3079,1.3264502315156903,65.23535204884573,29.168813570805547,3.7833177458988843,26.615877157347636,3035.695473850669,1
3080,1.3962634015954636,63.61672412653821,29.147818988659832,3.7800357071588744,26.141130732370495,2948.9216354603723,1
3081,1.4660765716752369,63.090280829165245,29.20780871833319,3.6159570907712375,27.094769627813335,3068.9109398477212,1
3082,1.53588974175501,65.31677776254695,29.22840681539598,3.439468359798039,25.066953983193073,3009.7457774317027,1
3083,1.605702911834783,64.18896856871277,29.370264790332353,3.214059242492558,27.33656000071632,2847.3494358717635,1
3084,1.6755160819145563,64.047252804909,29.20614376740205,3.541338140095949,28.41171810245433,3223.9747388304163,1
3085,1.7453292519943295,65.42533792406171,29.37335823719646,3.7189168631634772,28.166756186877706,3117.828011568679,1
3086,1.8151424220741028,61.92070764401832,29.146706522713224,3.570862963878657,28.04383370104408,3026.3149561478485,1
3087,1.8849555921538759,61.43949541425916,29.08874730345799,2.8110831900464204,28.416078842689767,3049.723892177841,1
3088,1.9547687622336491,61.95439344372874,29.012243178024352,3.6740124309652935,28.8422633373855,2719.8748789342267,1
3089,2.0245819323134224,61.89984676958482,28.805989801190975,3.6862998309551482,29.133780555364147,2950.87829147865,1
3090,2.0943951023931953,60.82838362253452,29.080597696330205,3.4397555612547372,28.35629409113593,2749.62140301756,1
3091,2.1642082724729685,56.30909818443445,29.302945130336827,3.6976723350507044,27.72095250692789,3014.6633074118936,1
3092,2.234021442552742,56.866549362681965,29.014348225920944,3.6255930828786753,26.06943238967145,2983.8004320596287,1
3093,2.303834612632515,52.26530370627712,28.994785893697127,3.362898641543594,28.62035418849525,3086.4879399200154,1
3094,2.3736477827122884,53.998940691015065,28.77163534579863,3.754260223243537,28.139101672499898,3153.7994692110656,1
3095,2.443460952792061,47.22478589776468,28.734695122932795,3.246504615378777,27.71029039199569,2722.3136218789023,1
3096,2.5132741228718345,48.443054569348895,28.853038526000958,3.4885510657922127,26.871719778742833,2920.2699258140515,1
3097,2.5830872929516078,42.86163773026614,28.93720716312332,3.468599537445583,28.00186452724985,3092.8367239631466,1
3098,2.6529004630313806,44.146090007557,28.786558065712594,3.334912369562244,26.806056951757462,3068.1014276605324,1
3099,2.722713633111154,39.19013003168975,28.608870666150164,3.560758773529793,26.74199436105248,2728.2192258170357,1
3100,2.792526803190927,33.86688165554276,28.415696758899376,3.7620737799146116,26.459190455308597,3007.9266935863993,0
3101,2.8623399732707,31.62032329245123,28.362222664120498,3.7495483743722775,26.57636903364473,3094.0245393576206,0
3102,2.9321531433504737,30.52779789463478,28.13646793106707,3.644732842948383,24.98954607872203,2966.273405890857,0
3103,3.0019663134302466,27.8417561696263,27.94978259295668,3.1608154986239407,26.031415621760278,2961.250934135476,0
3104,3.07177948351002,23.032967930898955,27.914688014828958,3.232809539824576,24.660137796702465,2986.8999573269525,0
3105,3.141592653589793,20.066987421445205,28.00747000517829,3.5332338239517536,24.327910266105896,3069.63326370326,0
3106,3.211405823669566,17.998488230480483,27.87249339229305,1.9931529917832917,25.210435740953393,2976.9249356408573,0
3107,3.2812189937493397,13.934908097313281,27.61257602313997,1.9003840345003369,23.319720725516802,3017.2119300716317,0
3108,3.3510321638291125,8.703716624193278,27.74490746416123,2.3810646394909663,24.42568951705681,3042.840341649946,0
3109,3.420845333908886,6.376857951274775,27.62147062434971,2.0211720306342285,23.394846596432615,3031.1593447970045,0
3110,3.490658503988659,4.961773465072408,27.413648499716587,2.1084825482381637,21.583548964372902,3040.7229536625214,0
3111,3.560471674068432,3.5200746863355485,27.45638917671603,2.197578776189689,23.57777290826466,3056.719454769765,0
3112,3.6302848441482056,1.2977533108779822,27.38849117454948,2.010991689934492,22.316048392578935,3012.329268387677,0
3113,3.7000980142279785,-2.677072759337041,27.271601311931484,2.518212433582474,21.964468751279256,2981.7180440671304,0
3114,3.7699111843077517,-6.019400211606741,27.433658221965423,1.8119255395128593,22.037993772787537,3005.88875562242,0
3115,3.839724354387525,-7.80222160692055,26.943219634062157,1.8787856820211757,22.018349030510862,2986.4378615548226,0
3116,3.9095375244672983,-12.259752945965165,26.86854010684256,1.8114348563434985,20.572320309957696,3100.862079268363,0
3117,3.979350694547071,-13.671363586870052,27.10871907709449,2.3125316572854606,20.505594027309616,2978.693733881949,0
3118,4.049163864626845,-16.696679994311708,27.06880617408078,2.1604171748437295,19.91866477524501,3019.3256401791855,0
3119,4.118977034706617,-19.17980468103843,27.065787183336795,1.8911696174562815,18.96896048726195,2939.9653760345345,0
3120,4.1887902047863905,-18.470819652845417,26.879923489216807,1.8272247250090439,17.611474818404744,3005.3127357248563,0
3121,4.258603374866164,-20.167462123585395,26.78375857367715,2.276978100120521,18.70033969565252,2988.515845782749,0
3122,4.328416544945937,-20.691794728741908,26.886281954615615,2.0723375430677717,19.29864377678963,3027.027415433777,0
3123,4.39822971502571,-21.978375486943236,26.792495460143616,2.2820835937232675,18.34778652004549,3028.0701214145865,0
3124,4.468042885105484,-23.29934127543405,27.06830583916716,1.9879701298436887,16.73287500226756,3056.679938891733,0
3125,4.537856055185257,-23.481423887033028,26.76959660889657,2.10230706448672,18.192024766001833,3053.502773365933,0
3126,4.60766922526503,-24.81750993591352,26.798595952800508,2.0600455310488006,16.81645537056416,2997.3478028483987,0
3127,4.677482395344803,-24.353250123025706,27.172043728516776,1.8751777331251862,15.164481788194731,2962.2245542999044,0
3128,4.747295565424577,-26.061803819888844,26.771516973567483,1.971171168238198,17.451645018293405,2966.9157460150927,0
3129,4.817108735504349,-24.19892640311361,26.889997255337935,1.763139331140331,15.706363375155975,3012.109519040879,0
3130,4.886921905584122,-23.313722357620353,26.9151771113933,2.0988213647454486,17.73957380671296,3006.311444535484,0
3131,4.956735075663896,-24.66782982452815,26.945355375026537,2.152249749269372,17.113229854350397,3010.3170636312516,0
3132,5.026548245743669,-22.719795084792644,26.902155270257506,2.198032240021064,15.9210730628361,2978.595587746541,0
3133,5.096361415823442,-22.658677219949475,26.916455493681433,2.133308978634201,16.40782977512024,3057.489497252481,0
3134,5.1661745859032155,-21.23549212823669,26.936497287916566,1.974357972699395,17.945541022998487,2941.0926471072044,0
3135,5.235987755982989,-20.65853720295297,26.874370430123605,2.310394129015397,16.801676259365227,2976.381392733958,0
3136,5.305800926062761,-15.408028377227058,27.05398273335984,2.178461697545909,16.21671836528963,2956.9157156547653,0
3137,5.375614096142535,-13.861956150222408,27.358683971285622,2.277709260331421,18.391073213245743,2991.641072412934,0
3138,5.445427266222308,-12.635366365141754,27.28982849577166,2.2902573408940703,16.256249361876122,3049.8626563759185,0
3139,5.515240436302081,-8.301332742739172,27.2119976587829,1.974880068938622,16.738512193486294,2988.489843874031,0
3140,5.585053606381854,-9.20931098074687,27.35702933809205,2.0775758913786473,15.662866646769544,3004.059093430957,0
3141,5.654866776461628,-1.9026927304953496,27.164281310939433,2.1549130366994955,15.238063932625867,3026.5697142570093,0
3142,5.7246799465414,-4.18766101353909,27.325020059790198,1.770171642493115,16.54001524186391,2986.587345678743,0
3143,5.794493116621174,-0.7434302977310614,27.57881160128454,1.77460536552424,17.018880375074847,3015.30510657045,0
3144,5.8643062867009474,1.1001841906786818,27.734991107327765,1.7401376708009846,17.49387881763862,3010.0302300732815,0
3145,5.934119456780721,5.16758189043537,27.47394590219489,1.978379982296022,16.36020183593741,2954.7676274413575,0
3146,6.003932626860493,8.849741380064376,27.59669692660613,1.9333365881576805,18.312051798582026,2981.427384217938,0
3147,6.073745796940266,10.473099323621181,28.07771234010047,1.7128658743409524,17.427239893218925,3014.18342452307,0
3148,6.14355896702004,16.402290227473465,27.847431466313267,2.0298716455397354,18.90561335528113,3051.2876810262915,0
3149,6.213372137099814,17.219682608464577,28.189796527412106,1.9808762166566816,19.51109270412604,3051.250411690327,0
3150,0.0,20.4057280791653,28.03102859759137,2.2364480340153987,18.80703949633268,3083.8194812173333,0
3151,0.06981317007977318,21.775544776715062,28.120634810841764,3.9025958158264915,18.72670115127873,3019.4182862381786,0
3152,0.13962634015954636,26.890538155028523,28.121184088003094,3.5912900680828463,21.119175959513644,2983.467417812625,0
3153,0.20943951023931953,29.15498525558512,28.390877300207844,3.360673895726753,20.979394079190925,2997.441906724867,0
3154,0.2792526803190927,31.49132141775903,28.534431459525997,3.629344875469414,20.80782785041244,2995.4494072681223,0
3155,0.3490658503988659,34.226194837432544,28.25517383746967,3.5018605846640947,22.272571847474925,2983.6847914705663,0
3156,0.41887902047863906,42.31079400804603,28.435216388857896,3.4519749492437004,21.58041715223295,3015.3182137384865,0
3157,0.4886921905584123,40.73100445009653,28.700627653999202,3.3276797757640377,21.43574882107614,3017.179539864566,0
3158,0.5585053606381855,41.66088875932232,28.616470821412197,3.4071559921555985,21.549470289934437,2953.0497001223002,0
3159,0.6283185307179586,45.40300416356243,28.631334482470987,3.4644417977452346,22.681560767397357,3043.526801910985,0
3160,0.6981317007977318,48.848090676679945,28.922776454704255,3.66081927843309,23.79840394752345,2926.5278557970223,0
3161,0.767944870877505,52.0796272195796,28.999108025257673,3.6022051160815733,24.70030857910146,2991.100721883052,0
3162,0.8377580409572781,54.27371192907071,28.82432747697205,3.865115228585699,24.007044003514817,3045.972610922248,0
3163,0.9075712110370514,56.47540573996728,28.977467883526256,3.6348676147692944,25.348783911597472,3024.295657071933,0
3164,0.9773843811168246,56.33940030502088,28.813573867680415,3.584858984912472,24.585329802175085,2985.7210469609176,0
3165,1.0471975511965976,59.48180383555206,28.904908347969524,3.438753926905485,24.49649772435446,3078.752940538039,0
3166,1.117010721276371,59.13164288729665,29.097177640379005,3.292507403630658,24.426547364590537,2982.397059907753,0
3167,1.1868238913561442,60.793808980984416,29.11733164361712,3.386021311629371,25.399514517852523,2919.921961238069,0
3168,1.2566370614359172,61.42097977153152,28.996236405794587,3.3600322674476146,25.103953908680914,3018.1095875337774,0
3169,1.3264502315156903,61.88072440052244,29.05695878282236,2.987818636413639,28.02079574990345,2928.859457782264,0
3170,1.3962634015954636,65.91266311883638,29.02201264812132,3.2982736434851656,27.037429579561568,2966.7420588623413,0
3171,1.4660765716752369,65.78640284304063,29.26168525297891,3.8204419522731947,26.859476868619318,3024.9100106025035,0
3172,1.53588974175501,66.4375852708265,28.90412311291913,3.5737200425917988,28.539498923685723,2981.565693364062,0
3173,1.605702911834783,65.03155681489575,29.047532407988886,3.4246952289309807,26.320864138675407,3023.224380310118,0
3174,1.6755160819145563,65.91869683987002,28.913985042267083,3.579695964428004,27.427617856852944,2953.676026722413,0
3175,1.7453292519943295,61.67441477858554,29.24462239419335,3.109319094854125,29.28474792546286,3034.339200970483,0
3176,1.8151424220741028,64.95793895948788,28.89394483902299,3.5564195432924848,27.689756460747805,2932.3621403495285,0
3177,1.8849555921538759,63.06322297828946,29.146027199334515,3.7554984526294968,29.854138540956992,3052.7452643183406,0
3178,1.9547687622336491,62.66393785572918,29.358549227842257,3.475776810582124,28.58814197303656,2980.9857505207915,0
3179,2.0245819323134224,61.01576703203543,29.329567952749635,3.145602094750286,29.038334556431384,3061.2463408827275,0
3180,2.0943951023931953,57.49056043849441,28.768344349164504,3.4172118930446604,29.066245229668258,2966.37950844133,0
3181,2.1642082724729685,55.05963110189031,29.039606527310692,3.755852398996624,27.975123622736472,3076.9906112687377,0
3182,2.234021442552742,54.39240266302805,28.797267209871,3.5517259313795337,27.529680650442813,2961.693555438913,0
3183,2.303834612632515,54.288893068392106,28.712803385216336,3.2163379810412867,27.745463190984736,2928.2420527998124,0
3184,2.3736477827122884,52.294763793417964,28.816569551392284,3.9735258358367744,26.937393658965874,3001.72413104477,0
3185,2.443460952792061,46.87352901982148,28.955588805163814,3.249238296750973,27.535392495399215,3049.3595615638405,0
3186,2.5132741228718345,44.97868730195898,28.79529113388402,3.451415083677357,27.418636135502254,3031.6315405051437,0
3187,2.5830872929516078,42.76151336158296,28.528631977807414,3.2925227998695594,28.581130920832766,3046.518850766554,0
3188,2.6529004630313806,40.590262734964874,28.66912097495457,3.2927995970172796,27.486466661001952,3032.4208079152622,0
3189,2.722713633111154,36.26007269213204,28.15152772190871,3.409569776852969,28.659626096118764,2967.1892844417735,0
3190,2.792526803190927,33.2578288004449,28.297482302225816,3.6272300319692157,24.776346048528033,3030.656675803411,0
3191,2.8623399732707,31.170928067153657,28.20718109527521,3.7581062890439205,25.242852699088377,3003.7133580940986,0
3192,2.9321531433504737,29.485406841136676,28.26124213274215,3.422766365593508,25.62417542541384,2971.610747191746,0
3193,3.0019663134302466,24.491898033572724,28.13658352660308,3.2979712891630153,26.775369703445765,3007.17416349757,0
3194,3.07177948351002,22.965336053528,28.062487104449968,3.5957278633319616,25.14918672192221,2997.746967875378,0
3195,3.141592653589793,21.58782922421273,27.97379207048408,3.6015927157858374,23.70229176310422,3056.639700612755,0
3196,3.211405823669566,14.908289075394118,27.919653317655413,2.04807526711069,24.306144153988022,2979.404904289901,0
3197,3.2812189937493397,13.427541819181242,27.914011923891657,2.0551479625813465,23.157664888189327,2977.5352949839616,0
3198,3.3510321638291125,12.181109013827001,27.772905624934047,1.9774867107312637,22.604034981728592,2972.0544543847636,0
3199,3.420845333908886,6.968916402689332,27.626582400528918,2.019630170911176,24.91281547078861,3075.8739387857004,0
3200,3.490658503988659,3.7485890140572824,27.649838069979918,1.9636697742752858,22.620883270124438,2974.292543026703,0
3201,3.560471674068432,3.4420947830487187,27.635834559856956,2.2140487454074247,22.62471451718947,3051.8735292978004,0
3202,3.6302848441482056,-1.5855234438224113,27.353230241048536,2.4456919001411754,21.99348033303367,2958.74449999354,0
3203,3.7000980142279785,-2.1896243526858647,27.355186473319254,2.0359306303414386,21.4479715588806,3020.264952887736,0
3204,3.7699111843077517,-5.806888266470489,27.46894368170602,1.9986855504057277,20.559671098489623,3010.500375945219,0
3205,3.839724354387525,-9.43970941525902,27.063240766786052,2.0511722731380138,20.570464751524504,3049.334738330213,0
3206,3.9095375244672983,-10.540090874758587,27.437115284887597,1.8684156398033416,20.681287175804112,3043.5351529836184,0
3207,3.979350694547071,-12.960842875713674,26.90735296321619,2.152995674220964,21.146672418963924,3003.27560174973,0
3208,4.049163864626845,-13.929159680798783,27.002582403991223,2.0882352818162255,20.379664539994327,2978.5169628226845,0
3209,4.118977034706617,-18.12920907177439,26.86262641340255,1.915905958391462,18.268001134659226,3064.998465564077,0
3210,4.1887902047863905,-18.909334070127297,27.28895856498908,2.1804133638084955,19.669049795310144,2974.5221019331934,0
3211,4.258603374866164,-20.538005602869465,26.845944640113927,2.0037979536690775,18.908752457591046,2909.2910490050244,0
3212,4.328416544945937,-20.66705124304575,26.812253201040576,1.8059886723051248,17.695716711783188,2925.657381739677,0
3213,4.39822971502571,-24.33531202494817,26.80311986945483,2.070320889084592,18.02679782630862,2935.3975460354573,0
3214,4.468042885105484,-22.13784211006306,26.849985549652896,2.0473985006798654,18.04464330196863,3023.8278218079977,0
3215,4.537856055185257,-23.616855727293736,26.768964429549673,2.192083629222125,17.351649919744208,3088.578704065781,0
3216,4.60766922526503,-26.728872902021724,26.78664070486471,2.1663093900149697,17.44822591937461,2918.40157312992,0
3217,4.677482395344803,-23.160192977638555,26.271349514623523,1.9781547338742476,16.147741672651694,2968.697804673418,0
3218,4.747295565424577,-21.62144759466271,26.80930498297736,1.905582612717294,18.2315876015446,3003.5610317915284,0
3219,4.817108735504349,-23.250734337248193,26.809244718781066,2.0003487500115598,14.919240091247886,3061.820278626822,0
3220,4.886921905584122,-22.175871734709663,26.974016015997208,2.072661775933731,16.777272086881148,2968.482499233909,0
3221,4.956735075663896,-23.535250610015964,27.032004270710715,2.0967508755530098,16.48842190428072,3023.6319928993457,0
3222,5.026548245743669,-25.289800612889678,26.830575971237046,2.0602824416272236,16.617667196528,2989.996430063465,0
3223,5.096361415823442,-24.48945413225672,27.00981373677095,1.9818476113056462,15.473645617198063,3104.2864653166107,0
3224,5.1661745859032155,-20.063109017660878,26.75621182737428,2.199363404004645,16.941763793140847,3005.781611505331,0
3225,5.235987755982989,-19.85911138189471,27.075870866863088,1.8651396211813447,15.915286083752989,3014.227550925813,0
3226,5.305800926062761,-18.678555182467917,26.919283543063763,2.4958806904309645,15.077186394206011,3003.3702783705867,0
3227,5.375614096142535,-15.554603938255491,26.876682475452427,2.1526140760307517,15.203901707259963,2983.4125372922554,0
3228,5.445427266222308,-12.518139214690827,27.08038790769652,1.774502919365998,16.261948608181005,3037.9948163560825,0
3229,5.515240436302081,-13.438762990798114,27.376480822528872,2.0370458661872832,14.995843119614031,2953.6388978695686,0
3230,5.585053606381854,-9.59875886631486,27.25580569888578,2.1545367036064262,17.852241984770888,2919.9215039835626,0
3231,5.654866776461628,-4.185530328480828,27.51913091940079,1.930126178896058,17.416976049535887,2993.992215019059,0
3232,5.7246799465414,-5.459299460826321,27.251786975847786,1.7009711904846587,18.23173253210339,3032.622548826499,0
3233,5.794493116621174,0.17842145538234844,27.593811790339128,1.7921872116802209,18.36529269886715,2976.768924192011,0
3234,5.8643062867009474,0.9697549192655032,27.414092022723498,2.1084185888691103,16.94894277826946,3007.4596217729268,0
3235,5.934119456780721,5.427784190119842,27.62337512873258,1.6490767054863258,16.80055510323667,2951.172147144131,0
3236,6.003932626860493,9.242310249039312,27.701737597318512,1.7101310856307954,15.64129419515632,3042.5065324117663,0
3237,6.073745796940266,11.75589656367834,27.849729731107317,2.107366949386785,17.766561012539494,3026.0763853041753,0
3238,6.14355896702004,15.10094986011785,27.87060337183462,1.9554901566306342,19.83114815243436,3000.7891327647285,0
3239,6.213372137099814,15.133568381402451,27.805414550833778,1.8608439220790407,18.100870991853352,3006.749191515663,0
3240,0.0,21.67048956011195,28.132046042813883,1.9010535705354934,18.955509972483778,2944.256989468198,0
3241,0.06981317007977318,21.86000164653341,28.34345625764176,3.205837237431136,19.054100097826502,2946.044267048856,0
3242,0.13962634015954636,26.652102191560253,28.079437207813662,3.596890686090989,20.184252628492914,2995.1203430490664,0
3243,0.20943951023931953,29.743395367295008,27.974209217514556,3.338691288996511,21.309932151123018,3020.549392429017,0
3244,0.2792526803190927,33.13136485006933,28.40566276223347,3.392849563083226,19.454878289322902,3022.5751468376507,0
3245,0.3490658503988659,35.89634146374538,28.36074711288298,3.5693570273174355,20.019608851226568,2985.4826850354407,0
3246,0.41887902047863906,37.03743397062392,28.468418543297666,3.4486744929091566,22.703103804472025,3029.815134251657,0
3247,0.4886921905584123,39.101419206921506,28.646792538702723,3.359069338073133,22.518608088793307,3056.831661096543,0
3248,0.5585053606381855,45.15488991043688,28.567444252606006,3.1021123150552143,22.14332749235388,2996.4533033334305,0
3249,0.6283185307179586,46.72908821943967,28.665014507049417,3.573485169173563,24.1334662852214,3012.386556264471,0
3250,0.6981317007977318,50.649507697330996,28.75632720408336,3.5157985935216804,22.089004456026252,2991.685834786635,0
3251,0.767944870877505,51.19252726937307,29.054053135248548,3.3965225084633253,24.333471999968033,2994.9477476412594,0
3252,0.8377580409572781,51.3337706054673,28.89628423118991,3.2925201789066305,23.933645343596037,3006.7825729183332,0
3253,0.9075712110370514,56.90967843380865,28.76026186720582,3.502552495730705,24.863519038059245,3068.1305715621547,0
3254,0.9773843811168246,56.751134850485215,28.81546331489488,3.596094352105154,22.84702365767649,3036.611055089822,0
3255,1.0471975511965976,59.48414835643127,29.060114972790267,3.5195517762648607,24.913213451363664,3033.0073773504873,0
3256,1.117010721276371,59.47454294074324,28.909138655455354,3.8276131040984307,26.061035324459944,2981.850285349957,0
3257,1.1868238913561442,64.18972602085597,28.87827510244152,3.6409549005210056,25.753842313010153,2964.0729940483316,0
3258,1.2566370614359172,61.48269599700711,29.236598218194285,3.4785433820651916,27.12311806888132,3015.581417638242,0
3259,1.3264502315156903,63.15716305126058,29.267029631961492,3.647655751219313,27.39063045066392,3049.7498125589905,0
3260,1.3962634015954636,64.47752193959533,29.126548823530573,3.5097324556782157,25.91914153833762,3068.9361759413127,0
3261,1.4660765716752369,63.115211800941864,29.237475168114685,3.5090385509045308,27.595162869017713,2901.894512429372,0
3262,1.53588974175501,65.4683665087407,29.22748723905224,3.7592727594622044,26.36776738802667,3097.8555317037367,0
3263,1.605702911834783,67.39045293206054,29.289631900318277,3.320388424371896,27.405890386776417,3016.6794779299075,0
3264,1.6755160819145563,64.01779205053174,29.2841387600329,3.5046619296109918,28.062234725015635,3036.3572145665516,0
3265,1.7453292519943295,64.90906311409695,28.790901015485566,3.737942000529921,27.0167825467729,2930.4022356241776,0
3266,1.8151424220741028,59.53915460336201,29.128280027758837,3.561798111634978,28.434529814579044,2990.523766529414,0
3267,1.8849555921538759,62.739149432554655,29.218953447780905,3.4261894029262443,27.49240292131185,3032.9139166758882,0
3268,1.9547687622336491,61.253710026616126,29.051052136824293,3.158768046925166,27.49510007955345,2953.0100896512613,0
3269,2.0245819323134224,59.21798567984693,29.083983251447975,3.045930611561258,28.55891461635737,2884.4675452012984,0
3270,2.0943951023931953,60.593318874742536,29.15183548179304,3.9152362379521497,27.329551015957627,3013.4202140921298,0
3271,2.1642082724729685,56.81732524254114,29.006983872053876,3.5617023642501624,27.264373279047565,2998.0086934734873,0
3272,2.234021442552742,55.19426768166211,29.171800816913297,3.3831853721827474,28.75317481414334,3057.6534835150737,0
3273,2.303834612632515,52.875727834299134,29.060821728415043,3.569891377825968,27.924661168429015,2993.6032609646154,0
3274,2.3736477827122884,48.38440286300725,28.81580542160508,3.31046517233933,26.563644065374138,2996.5312482767004,0
3275,2.443460952792061,47.22746277577883,28.74163820601513,3.4337597445207466,28.272675904693617,3027.907100225473,0
3276,2.5132741228718345,47.89197658234162,28.277793686970764,3.3118119214014072,27.096879989103467,3041.3408174238593,0
3277,2.5830872929516078,40.68144092017427,28.586927787546266,3.217345283087099,26.10733225292823,2971.650062693622,0
3278,2.6529004630313806,39.97674730094154,28.36037554143649,3.0790030108324156,25.005994083490656,3037.7799503830806,0
3279,2.722713633111154,37.70356885397637,28.521268402991055,3.180468521554233,27.492263487515196,2979.1306469228152,0
3280,2.792526803190927,38.00633925059245,27.81152092205795,3.704257552787492,28.462118762921726,3000.660864149063,1
3281,2.8623399732707,33.55658666000954,27.767967281739754,3.302623607757994,28.060426473159804,3026.8307897122945,1
3282,2.9321531433504737,28.52027029621952,27.746476639085067,3.606978422360576,29.451931324859686,3033.80545375512,1
3283,3.0019663134302466,28.219560088876285,27.405207293968996,3.6913294779690426,29.45090752420473,3012.732596256189,1
3284,3.07177948351002,22.02826758773397,27.62256815050533,3.5033159370414917,28.02500894011491,2956.777786918672,1
3285,3.141592653589793,21.513649705601015,27.186323599963078,3.440286557535786,29.217451358070214,2925.18981163059,1
3286,3.211405823669566,14.822642812629859,26.825873603585833,2.0266045841055327,29.949886380476396,2992.481760471022,1
3287,3.2812189937493397,15.347097204480786,26.80945327667387,1.9166759266951772,29.189745193767315,3038.8513943483904,1
3288,3.3510321638291125,10.034773444994364,26.71002369302117,2.240781852411326,28.86139509692167,3017.98789765591,1
3289,3.420845333908886,6.053562626823141,26.72814192069745,2.3753067748288985,27.947613080805667,3009.6813202952017,1
3290,3.490658503988659,4.28337813073044,26.372233965935834,2.289962366074191,27.122695107398457,2999.7189377413406,1
3291,3.560471674068432,2.1128673311693307,26.34662321680485,1.5696873530452864,27.209925434901173,3012.3640737388673,1
3292,3.6302848441482056,-1.8683429711536577,26.246539601410923,1.9125946482279772,27.381823485887956,2960.2363529218433,1
3293,3.7000980142279785,-3.015436631501231,26.085598228601416,2.0008318277562314,25.797486025751528,3031.208072766611,1
3294,3.7699111843077517,-7.324827178657388,26.159747419286774,2.0926115920845088,25.963964674261135,3033.852258336886,1
3295,3.839724354387525,-7.994883844997228,26.022888439387927,1.6545370924595904,25.216985338420816,2985.789379666269,1
3296,3.9095375244672983,-10.596293577599983,25.994088336412958,1.6513112679262067,26.332803850681472,3017.4803052260654,1
3297,3.979350694547071,-13.532901728544633,25.665923690914795,2.2613579499250784,26.00430580901122,2931.3380214251997,1
3298,4.049163864626845,-16.12255738085142,25.796775437429652,1.888176136278044,25.21859034207669,3007.201916638853,1
3299,4.118977034706617,-17.079379571328964,25.317222504604114,1.7025187323093536,26.211638002546085,2994.6749895623334,1
3300,4.1887902047863905,-18.145762555749176,25.223836972833105,1.7792718384554078,24.547470295515694,3050.369316274819,1
3301,4.258603374866164,-17.353033354365095,25.165359942006415,2.078094928662443,24.674403725683327,2992.0542897125974,1
3302,4.328416544945937,-20.314142822808158,25.269402126849954,1.8354904627073008,25.71072691157844,3034.7465805352376,1
3303,4.39822971502571,-21.333558308558146,25.374387844323955,2.04832512843681,25.707927726753212,2984.3530995527,1
3304,4.468042885105484,-19.030539390129416,25.03528071072052,1.8042545274506994,24.226930288093058,2908.555971416996,1
3305,4.537856055185257,-23.542411170397592,24.991341527944535,1.651159974523196,24.96928208241041,2990.9785471675905,1
3306,4.60766922526503,-24.02652002460475,24.97344382252171,2.2848760326442648,24.103568638474396,3007.8702902045375,1
3307,4.677482395344803,-23.916564604376823,25.040585964301457,2.079637982257795,24.535756780295767,3006.0335001475405,1
3308,4.747295565424577,-26.486036182241687,24.837675898246314,1.9332498277523766,24.800860544354002,3006.638020210939,1
3309,4.817108735504349,-25.419337746200437,24.7898078159992,1.8957276556636782,25.152372238287057,2979.7418319053772,1
3310,4.886921905584122,-25.07560278558787,24.634325988966484,2.292980073815047,25.003392465735455,2987.050896970199,1
3311,4.956735075663896,-22.691886716590506,24.722449491833213,2.118306009105745,25.04083789494547,2954.9462462167785,1
3312,5.026548245743669,-23.058805076613712,24.962571921383283,2.2293626063271517,24.060753442640326,2920.135773379634,1
3313,5.096361415823442,-21.51593831729398,26.90101827579163,1.88326146450216,16.35096320996267,2995.7416398648043,0
3314,5.1661745859032155,-18.81455015323982,26.810468967903812,2.0101333080359156,16.44725845143144,2970.191876700075,0
3315,5.235987755982989,-17.67641706224353,27.14619111136801,2.0804397831993064,16.552818253165345,3043.193423159987,0
3316,5.305800926062761,-17.54927226953876,26.91737288762492,1.8899861781372318,15.450542201885249,2912.7206525461256,0
3317,5.375614096142535,-16.465476557619812,27.267380432594305,1.980893578199272,16.812218511147613,3011.640751965772,0
3318,5.445427266222308,-11.738605049002977,27.318767256112142,1.88327793202335,15.108396663689472,3084.859490594958,0
3319,5.515240436302081,-10.098789899290093,27.174811699405403,2.0798118395004432,15.928405815147986,2992.6861427392996,0
3320,5.585053606381854,-11.334827663337357,27.0038724392704,1.7357211672298838,16.19142193218162,2999.8900763727183,0
3321,5.654866776461628,-6.920067261523722,27.638082789550896,2.114394003849412,15.567911775099137,3017.0538707988594,0
3322,5.7246799465414,-3.598093697469116,27.422188291359838,2.0621426403485823,16.537688266218748,3020.1807782882292,0
3323,5.794493116621174,0.042024250316460954,27.38805107094884,1.9593382942985356,17.16533863905587,2983.659706537574,0
3324,5.8643062867009474,3.062003303998651,27.655335215525298,2.0899034291304166,15.769850204644063,2959.6681515980736,0
3325,5.934119456780721,5.034952552108122,27.6949212460624,1.9270119072534047,17.180267966340132,3026.108831902021,0
3326,6.003932626860493,8.474190285273295,27.865875925502568,1.8659738517345426,16.384791595077008,2923.677544503321,0
3327,6.073745796940266,10.740179116768036,27.651153802716706,2.1087452309577355,19.72477933990742,3033.2891328020164,0
3328,6.14355896702004,12.726432924526193,27.88076329076408,2.1174028010308743,18.588618841312787,2984.3280590372724,0
3329,6.213372137099814,16.469062094952506,27.73841169697031,1.8985459522381931,18.863814944915923,3000.123406163486,0
3330,0.0,20.02848677996016,28.099950159361185,1.8813895415513884,19.309105497702095,2978.975685150065,0
3331,0.06981317007977318,23.087022443457755,28.080265963048873,3.463405303247909,19.981372801573475,3057.235304940865,0
3332,0.13962634015954636,23.43443018653774,28.2091591094751,3.3895988694371963,20.666780385474365,3009.960428296984,0
3333,0.20943951023931953,28.759801084405023,28.22754157040524,3.805023821976454,19.030221260699836,2987.130480535514,0
3334,0.2792526803190927,32.487989491398686,28.293116503892143,3.5632951428388413,21.73438886127592,2986.0038841743303,0
3335,0.3490658503988659,34.96885146179654,28.280189495888592,3.502920046709443,22.094489871744845,2994.073714613285,0
3336,0.41887902047863906,37.93291324514363,28.6066485038936,3.313455005262194,21.460730484366508,3095.8776070613512,0
3337,0.4886921905584123,41.858207381571965,28.786821480854286,3.647797889407328,21.8371716366853,2947.3164657208144,0
3338,0.5585053606381855,42.22793110992127,28.552402863243334,3.377679020011117,19.868623304133386,3043.3152872386295,0
3339,0.6283185307179586,44.00827303223447,28.788373378496633,3.369450537783792,21.772607145919,3022.724211483598,0
3340,0.6981317007977318,48.40318774963926,28.83617267532288,3.654522932615317,23.5961069861487,3061.592470096483,0
3341,0.767944870877505,52.40579827890756,28.834804716253124,3.5774645441983797,24.54899518006312,3025.162671807661,0
3342,0.8377580409572781,55.9728467057127,28.662784430568166,2.9993104781728883,24.571305368380674,3000.1345200146725,0
3343,0.9075712110370514,56.633676270944605,28.750373301661476,3.4684458472471382,24.317711916626298,3040.801105144815,0
3344,0.9773843811168246,55.10429512517361,28.877697794393313,3.525103924109524,26.297443507831467,3009.190752973972,0
3345,1.0471975511965976,58.622592311234584,28.718379776005538,3.432080768843768,25.925916584372853,3030.1982412242523,0
3346,1.117010721276371,60.83068365508481,29.289757465044843,3.532072733137961,25.156536816634922,3057.1287785527693,0
3347,1.1868238913561442,61.989660130890826,29.1677761098571,3.1380623994181978,27.550195009288746,3003.7007989528993,0
3348,1.2566370614359172,63.60650006269622,29.136773662294317,2.933795880131855,25.241946062875357,2983.0246007339356,0
3349,1.3264502315156903,62.2877342627287,28.835819498641023,3.3049063523259457,25.235714268521324,2974.247525430036,0
3350,1.3962634015954636,64.41376351687548,28.90818867536159,3.55644942435343,26.349108128814954,3018.021616303871,0
3351,1.4660765716752369,65.38396953623649,29.193075066213886,2.855008754295822,26.329056605534298,2964.873263642159,0
3352,1.53588974175501,66.2110936458148,29.494842487245513,3.3312907865520986,26.869952222219744,2986.0078014287737,0
3353,1.605702911834783,63.76400996594012,29.09447236304195,3.1154478061601227,28.001150590973502,2961.2972495319073,0
3354,1.6755160819145563,64.23574999070796,29.322995976603796,3.4514751654937306,27.510148468285795,3020.3335647367544,0
3355,1.7453292519943295,60.260622365439346,29.109783942463405,3.89157985159117,27.67837147768554,2969.9137691768437,0
3356,1.8151424220741028,62.73111473105318,29.172640760424525,3.4565648010671794,27.85204071909466,2948.530683504766,0
3357,1.8849555921538759,62.01092089382535,29.323470396888123,3.4784994309338266,26.046827123853543,2955.5689830832457,0
3358,1.9547687622336491,60.193896693254274,29.060727880955163,3.6678461881576463,26.747449695148873,2977.156465563028,0
3359,2.0245819323134224,60.69415030881149,28.975037119351178,3.504261311562115,27.68534481718206,2980.787967244129,0
3360,2.0943951023931953,58.88722502223184,29.25194106766004,3.457001645962132,27.32398632982617,3010.05810582214,0
3361,2.1642082724729685,53.91786994861046,29.00167876023309,3.685329184829001,27.788411664821147,2993.5350684522746,0
3362,2.234021442552742,55.78374586625513,29.10929366791599,3.594377430102361,29.043552685805746,3014.8124317503084,0
3363,2.303834612632515,52.0490309502992,28.78898645656517,3.5577251523132905,27.77825584897451,3018.024500981669,0
3364,2.3736477827122884,51.98816010944064,29.044591175894944,3.472243969486507,26.669205087438385,3029.6199804571415,0
3365,2.443460952792061,47.002665564301275,28.812389222804036,3.4307870590545875,26.95368297217131,2923.687016927735,0
3366,2.5132741228718345,46.49534616095771,28.770560446683167,3.6834341770463324,28.790621702092025,2954.911065146,0
3367,2.5830872929516078,43.421621897164464,28.65564751379422,3.4327074760241656,28.45573810174462,3022.1954689181753,0
3368,2.6529004630313806,41.580873152790595,28.487544628043594,3.7462505758712026,27.488548040939076,3008.456493678529,0
3369,2.722713633111154,38.49019485488804,28.487831550116717,3.2905707267421436,25.519545593333003,3039.077318142181,0
3370,2.792526803190927,35.00816018712292,28.344035636292396,3.7867567909011557,26.749425274726512,2938.2392948592646,0
3371,2.8623399732707,30.09927254069862,28.474696736377116,3.5944080166176837,26.523445338432893,2980.993817080222,0
3372,2.9321531433504737,27.140214141607622,28.21903545392101,3.3062930153895986,25.928883854258327,2988.1448025426253,0
3373,3.0019663134302466,25.38695913456463,27.942531636982995,3.6017957269104612,25.125365287746913,3006.662551519544,0
3374,3.07177948351002,23.12662149259127,27.831794208244556,3.369939420336544,24.94674364705309,3001.4350949814175,0
3375,3.141592653589793,19.08762807920133,27.740992277151935,3.506685610869495,24.364781305875564,3018.763111280691,0
3376,3.211405823669566,17.79877657738358,28.00898784514014,1.9026745725709497,23.586184536219974,2995.413841553073,0
3377,3.2812189937493397,13.318379077979525,27.660266632141905,1.9734175671733842,25.208533762767853,3054.893450838187,0
3378,3.3510321638291125,9.196454826031577,27.795518837394475,2.1882861587619735,24.42478663227219,3067.6483711268866,0
3379,3.420845333908886,7.179174548753182,27.689721350643314,2.1037023304293374,23.08580966259884,2955.284129864026,0
3380,3.490658503988659,4.947883304819739,27.579869538772734,1.7749269216461843,23.183913010163174,3001.804448410541,0
3381,3.560471674068432,2.184178139825885,27.577676808816395,1.7863807116683121,22.797952939259886,3031.9197710122844,0
3382,3.6302848441482056,1.6913483726246046,27.46037965522051,2.0541551220530665,23.94215225722899,3023.413119268372,0
3383,3.7000980142279785,-4.849730900499345,26.957637421503012,2.0686374253791553,22.347223003299924,2983.686255026573,0
3384,3.7699111843077517,-6.560554345546888,27.24611391112176,1.8651110041225805,21.900015619302213,3010.1945954098715,0
3385,3.839724354387525,-8.286256515665125,27.29242033848567,2.3182630965964073,20.84935724531729,2936.661667415555,0
3386,3.9095375244672983,-11.294761109456104,27.412452377062454,2.1626989874539193,20.063959626256654,2999.2343248620764,0
3387,3.979350694547071,-14.192444365465711,27.3611948519145,1.874884726923041,21.117932371442055,2941.5878518199193,0
3388,4.049163864626845,-17.78436967681886,26.849914518634147,1.8555489368368014,20.143533724804016,3020.3191585612926,0
3389,4.118977034706617,-18.07294260355639,26.952696118037032,1.9544373572573506,18.579621089379774,2955.3616820760367,0
3390,4.1887902047863905,-20.581696789376426,26.725852293402472,1.933629117785168,19.241317104192728,3006.52132699072,0
3391,4.258603374866164,-23.035642105148177,27.149429905707514,2.2512314987463555,19.1983109191058,3012.7678236168626,0
3392,4.328416544945937,-22.916791718011307,27.03930780574214,2.196904594598977,16.518828747239695,3003.034555563737,0
3393,4.39822971502571,-24.36818081443159,26.911320363475294,2.0070139027002782,17.14321071529163,2974.7218854827292,0
3394,4.468042885105484,-22.78762786448042,26.860559357657838,2.135581112177843,17.877025415880635,2991.585269991055,0
3395,4.537856055185257,-23.414711129427918,27.02532536143777,2.16459504526891,15.774438518422905,3047.242866728389,0
3396,4.60766922526503,-26.109304225943617,26.98827250477209,2.011652145653307,15.651126319340998,2983.0156640055366,0
3397,4.677482395344803,-25.36293016170399,26.974437712075503,2.080523735873818,16.621733093875324,3000.8572042778246,0
3398,4.747295565424577,-27.75995120902811,26.869232986544425,2.1188375108184565,17.030557373423342,2977.7284478216466,0
3399,4.817108735504349,-25.494995216846345,26.754189480630945,2.097521144729777,16.89289483995136,3040.8170839815225,0
3400,4.886921905584122,-23.71787603449585,26.933299421187982,1.8442392343048417,17.580910750371803,3003.11323100641,0
3401,4.956735075663896,-22.425900847998694,26.95805141425707,1.8644580485307876,16.260822244184062,2969.4410396614544,0
3402,5.026548245743669,-23.867113855818886,26.830136560007023,1.94228106766279,15.805190198998211,3000.28501034127,0
3403,5.096361415823442,-20.145491164714155,26.83469203669472,1.8586671441906222,14.994454229592474,2990.358724740741,0
3404,5.1661745859032155,-22.719269965732725,27.09144413487473,1.7053798854728695,15.698704077332774,3055.703284435862,0
3405,5.235987755982989,-20.84258486901543,27.210386931774114,2.1351903921898083,16.56769407549302,2998.2124997397586,0
3406,5.305800926062761,-16.242197966520077,26.892745545796735,2.0692816253738004,16.628336108251652,2944.690044464767,0
3407,5.375614096142535,-12.953802069457609,27.01488059435474,1.7321266847414907,16.291445223263523,3019.945329457981,0
3408,5.445427266222308,-12.701369164207216,27.160866170895332,1.9518166576544926,16.599876501346706,3071.4434973346115,0
3409,5.515240436302081,-11.32014025045591,27.239399805111496,1.9631428365494745,17.2941671856429,3047.87723558185,0
3410,5.585053606381854,-12.218218055677596,27.15029991448996,2.036388885701988,16.472054672512918,2955.88265364859,0
3411,5.654866776461628,-9.484006937226521,27.577185791800638,1.7836155102704683,17.671694095301966,2989.2508742269956,0
3412,5.7246799465414,-3.652252585150456,27.42741117275193,1.7292011528011175,16.188939603983115,2998.772672905409,0
3413,5.794493116621174,-1.6633143297218478,27.516341635927514,2.103944899206782,16.92952107194764,2999.2580456575724,0
3414,5.8643062867009474,0.03809828836081719,27.775748640535802,1.6932075975462755,16.845801366222396,3015.2384742871536,0
3415,5.934119456780721,4.707392421589988,27.52221658422251,1.9534673013890673,18.130182778748015,2986.2359596938827,0
3416,6.003932626860493,7.769016039496725,27.65597039155326,1.9347845628483546,16.971924783614508,2963.3750467767672,0
3417,6.073745796940266,12.060597716011216,27.562507636665444,1.975343136354643,17.834135932051073,3038.072013460357,0
3418,6.14355896702004,13.942113881316086,27.807139708009885,2.0505435242355703,16.930884675107475,2955.057356709196,0
3419,6.213372137099814,18.703550234015964,27.692953102916746,2.3197141235622816,19.238652386307006,2967.915338358363,0
3420,0.0,20.01199104432322,28.112177403128975,1.6801015598818199,20.12087898895517,2954.808759236755,0
3421,0.06981317007977318,22.966038826274634,28.146707281003447,3.67531631654655,20.226322658132887,3024.4884974180873,0
3422,0.13962634015954636,27.859257822573717,28.125447325096296,2.9975684187737244,20.534358596382564,3004.258852376593,0
3423,0.20943951023931953,27.888364766737016,28.234430472808633,3.7787422297634636,20.952584720535526,3035.340144788186,0
3424,0.2792526803190927,36.6253521916642,28.444984789258747,3.0914261318925687,21.24600184608372,2968.5922633497557,0
3425,0.3490658503988659,35.953792666905194,28.240054758957317,3.9872789276069582,21.589346134535905,2949.8794753186007,0
3426,0.41887902047863906,38.87439281766751,28.51870915180884,3.422046434104569,22.056938539155443,2982.243961781191,0
3427,0.4886921905584123,41.91386428632398,28.668292346311883,3.758076612154607,21.407608885305812,2992.700108529577,0
3428,0.5585053606381855,46.66207160349169,28.36856200546876,3.716831204682173,22.190677186616767,3008.3638523108025,0
3429,0.6283185307179586,47.6390974706702,28.80808300360627,3.4127021817391183,22.82399468424708,2932.704334668491,0
3430,0.6981317007977318,46.517858467388386,28.52023576213461,3.4280501563624797,22.912463454178564,3019.149234531347,0
3431,0.767944870877505,53.364832247806135,28.815950871973065,3.3325682073735448,22.335453498187334,2964.2304504684193,0
3432,0.8377580409572781,52.930172277315215,28.71726512495859,3.657474033288858,23.000228641172086,2974.1033739953,0
3433,0.9075712110370514,55.62121652156148,29.160299891221566,3.4153063791563065,24.56226486126771,3046.948381245657,0
3434,0.9773843811168246,55.387809806713975,28.8212769289432,3.336203294389853,25.481366074354245,2912.672126181872,0
3435,1.0471975511965976,59.760446197485585,28.791702000746522,3.6074552023912303,25.129249666606906,3012.9000810866783,0
3436,1.117010721276371,59.46867064836119,29.098555676798448,3.32056471171885,27.683455441114205,3012.7491452026993,0
3437,1.1868238913561442,61.873527912495646,29.05056517847702,3.4342035416495995,25.0686965436018,2967.2486009259696,0
3438,1.2566370614359172,62.371394725240734,28.915577035254593,3.5214211729744385,26.474833564293196,2982.1198271633593,0
3439,1.3264502315156903,66.55082688502362,29.243227151404422,3.371514102147746,27.446148533470843,3048.8418720860514,0
3440,1.3962634015954636,67.28973933576775,28.883044444247197,3.401690263816013,27.538534135446554,3078.516941758841,0
3441,1.4660765716752369,64.82325504689442,29.037990128554462,3.8069966402278914,27.460022237370463,3042.589034675378,0
3442,1.53588974175501,65.06855378291259,29.112986251859798,3.459152959942971,28.018100692882953,3075.4348667104186,0
3443,1.605702911834783,64.41242276633503,29.319602351246186,3.4280746080432776,27.40699351197877,2972.346723013298,0
3444,1.6755160819145563,66.41249472882649,29.387746529493903,3.4649749723862557,28.867637521425976,2936.7966373416193,0
3445,1.7453292519943295,63.82296908004929,29.347186640713787,3.5908909976998133,28.71153617686478,2997.895139661082,0
3446,1.8151424220741028,63.03130177045129,29.14136380296186,3.2932272634652273,27.1232067855591,3032.194345444227,0
3447,1.8849555921538759,64.26543252877936,28.77717158283491,3.5854430800916774,28.15394186834088,2925.8099957553236,0
3448,1.9547687622336491,60.91582481253046,29.171248578662926,3.5511640380118483,26.721820797861845,2962.9417260269415,0
3449,2.0245819323134224,60.38909953178971,29.299138916442693,3.1422689231851764,29.211025008114166,2967.384196279485,0
3450,2.0943951023931953,56.59917699803325,29.224299045713362,3.858851120681752,28.177714523729747,3014.262542495481,0
3451,2.1642082724729685,58.36297628266163,29.064287438527607,3.792162712152641,29.05285992979165,3009.1047825499836,0
3452,2.234021442552742,58.371784321075296,28.767187489677298,3.3398874134510326,27.83276397830501,2968.9935690598263,0
3453,2.303834612632515,54.52335520568243,28.81297774002861,3.2755146924605434,26.352801447876818,3007.1924479076315,0
3454,2.3736477827122884,53.45232542197583,29.123662204362645,3.5456102994050487,29.83683369447277,2954.2077926094667,0
3455,2.443460952792061,47.65628923162828,28.558835701424226,3.2148273424337424,27.693033639732842,2982.9430074953743,0
3456,2.5132741228718345,46.8048227762036,28.53316611852841,3.772856590740451,26.621994076176783,2949.4084298923713,0
3457,2.5830872929516078,42.431627003940136,28.777285849754637,3.4063092528495216,28.146352755290117,2993.9904868882077,0
3458,2.6529004630313806,40.78457200699308,28.49869198862224,3.8243613856617635,28.640531917415405,2967.980429645706,0
3459,2.722713633111154,39.461466154439776,28.310820703360267,3.3351193259227467,26.60758151032366,3027.615000802743,0
3460,2.792526803190927,35.54363736931005,28.639619848799253,3.477559582886656,26.424587398061615,2998.9525171710293,0
3461,2.8623399732707,30.284719477863156,28.39992322370217,3.753442521315473,26.406924646881595,2990.9302899287004,0
3462,2.9321531433504737,27.383482428492538,28.192223854324734,3.435352104072234,25.019675182304454,3070.7249747597843,0
3463,3.0019663134302466,24.1910436459668,27.99514149576715,3.554418348635148,25.028840172569307,3015.3315270807457,0
3464,3.07177948351002,23.876220203395036,28.39081875307194,3.718531751127603,26.662389173640904,2985.273836654723,0
3465,3.141592653589793,23.09584180348501,27.99633222718801,3.3887905098331665,24.770788081305607,2976.6505861165565,0
3466,3.211405823669566,18.904646047514703,28.125891440877474,1.7476521818904618,23.832198120487025,2952.75309576275,0
3467,3.2812189937493397,10.893232658077954,27.967037310539336,1.7082578807384843,23.754109977302637,2997.3646445818085,0
3468,3.3510321638291125,12.775587820305518,27.672370736769206,2.116686549887575,24.577194546112544,3012.3045416950654,0
3469,3.420845333908886,9.000919613757016,27.592294005771134,2.077755677399524,21.733035708565538,2923.4249602999625,0
3470,3.490658503988659,2.291143632051774,27.806523062699288,2.212332634616218,23.10589028135204,2945.440658920863,0
3471,3.560471674068432,1.242048636523262,27.73129362820204,1.945191056203482,24.455967222981428,2979.3558884293257,0
3472,3.6302848441482056,0.5170632918786247,27.15509672823882,1.7138525484798914,23.692695512599364,2956.0727713642577,0
3473,3.7000980142279785,-3.0207166240920387,27.446563922067483,1.5294495387436848,22.107730283222295,3001.7302994410375,0
3474,3.7699111843077517,-8.413978931743266,27.27647547654049,2.57359250687034,22.285354012354915,3007.2860817162755,0
3475,3.839724354387525,-8.009329202199973,27.073656393935376,2.105384603707501,21.864433462698845,2995.10770528268,0
3476,3.9095375244672983,-14.465877564775763,27.205671869656783,2.027358351216459,20.310817190193514,3022.0069728553663,0
3477,3.979350694547071,-13.775750410118548,26.905786690779166,2.0557279520627634,20.75159921200421,2976.603508897283,0
3478,4.049163864626845,-13.75354875820242,26.98441879247502,1.7137322103535126,21.052582445780953,2998.1638055815783,0
3479,4.118977034706617,-17.279099441619884,26.885383853018453,1.8410256018073907,18.232244858123988,2959.867456606586,0
3480,4.1887902047863905,-19.719549495242646,26.885800825835272,2.3486660255982486,19.339544562706134,3011.3847882917007,0
3481,4.258603374866164,-19.111712702803985,26.910725370391702,2.1316694571704438,18.817582406839993,3003.0363262194533,0
3482,4.328416544945937,-20.261145732875555,26.735044375234033,1.8472804684744126,18.278025100253352,2952.0586004621928,0
3483,4.39822971502571,-20.83248369398148,27.094709034776812,1.754636934383352,17.89282679389167,2993.7976249918097,0
3484,4.468042885105484,-22.35179403975026,26.909637613477923,1.8968611782110867,17.772149533073055,2998.4871250693186,0
3485,4.537856055185257,-22.69428669464364,27.087415150642656,1.9369138705554243,17.566465319765495,3011.240476128805,0
3486,4.60766922526503,-23.654122455416,26.782561730196367,2.4098292071693406,17.958923486339774,3012.724740262846,0
3487,4.677482395344803,-24.5742942421846,26.71841251323252,1.962346524806809,17.219314216772478,2971.152562442253,0
3488,4.747295565424577,-24.838323716213583,27.06449334975104,1.7620896431733974,16.495020690406292,3030.5457863173087,0
3489,4.817108735504349,-25.109374870218407,26.719864764576972,1.9882795272779832,15.790730708437643,3020.9222271535705,0
3490,4.886921905584122,-26.134901325138955,26.79148689308698,2.0528676936756,15.937037093957004,2971.016816391781,0
3491,4.956735075663896,-25.09627494564956,26.943652240043402,1.7438906844825257,16.403944016175686,2954.292118199425,0
3492,5.026548245743669,-23.220564956184727,26.673073309201225,2.080433106890523,15.538455891460767,2974.0739341882304,0
3493,5.096361415823442,-21.36109521610179,26.994073577238904,2.241783190454314,16.79704356948837,2941.134082094774,0
3494,5.1661745859032155,-18.28451318645612,27.008949204365692,2.027734256650153,16.350450283012687,3008.320260482967,0
3495,5.235987755982989,-19.03383901211301,27.151168313164348,1.840586969630064,16.916492565141247,3047.342396923033,0
3496,5.305800926062761,-15.801476328660396,27.13866158838547,1.89422591248597,15.515102968688337,3056.861842317038,0
3497,5.375614096142535,-13.841510427654297,27.24938384860357,1.6682328046676276,15.414895886162128,2956.426343292951,0
3498,5.445427266222308,-13.788687343015946,27.091662924350864,1.973232953179493,17.071030334125066,3031.4721704152103,0
3499,5.515240436302081,-10.367591353599616,27.037009407643144,2.062155991365983,16.37702350371727,3003.3800351150076,0
3500,5.585053606381854,-9.290734498481575,27.54515268048866,1.8206734830269045,16.249823494895438,2904.1623861559974,0
3501,5.654866776461628,-4.467132512043586,27.065653354920737,2.3879400302055256,17.136767421623695,2986.7041140539095,0
3502,5.7246799465414,-2.8926018830953613,27.150119921089082,2.15845589909023,17.299416466339174,2982.2526774722683,0
3503,5.794493116621174,-2.911945957397619,27.521403330733254,1.6414445322103115,15.983542918193397,3048.4327158389883,0
3504,5.8643062867009474,1.9391380398197642,27.75566393553564,1.6455474882984884,18.338184048579603,2965.1618196408376,0
3505,5.934119456780721,7.081261793080731,27.618008454896323,1.8031952394592363,17.16769311862451,3022.5225738876907,0
3506,6.003932626860493,7.3244724364149585,27.819130727974933,2.3146370813518544,19.143526779081192,2995.71646660052,0
3507,6.073745796940266,11.315546458343409,27.451135561897896,2.1781843421104723,17.024709421602935,2942.1676398685613,0
3508,6.14355896702004,14.556028713405754,27.75806053452075,2.3247424391116573,18.672544973749847,2977.9125876576786,0
3509,6.213372137099814,15.306024332767485,27.63520006043556,2.002041857312551,18.614654557100337,3061.265258402228,0
3510,0.0,20.76606192382027,28.1170616437343,1.9581021344075444,17.543259027227435,2993.065178051958,0
3511,0.06981317007977318,21.0482885904337,27.851623069504598,3.2504981027878754,20.02432267953414,3036.234682379343,0
3512,0.13962634015954636,25.32435338360085,27.975334894247183,3.569936784983359,18.345106884210736,3034.042171509007,0
3513,0.20943951023931953,30.969610538040456,28.32659780972552,3.4607663666165958,20.047730914977947,2982.0694459512706,0
3514,0.2792526803190927,32.9388154472275,28.49003847978306,3.4530655619036277,21.569667165507465,2948.6631009536004,0
3515,0.3490658503988659,34.9341897380353,28.38657895575642,3.8236101682105677,20.67380085469501,2953.9272668377216,0
3516,0.41887902047863906,38.97284047027879,28.57360984730724,3.4747308794270877,20.790820451840126,3058.0666817009633,0
3517,0.4886921905584123,41.036081953732385,28.644034100374036,3.766196288809537,22.57243976568147,3006.0694964767285,0
3518,0.5585053606381855,43.865234644021974,28.603589088163474,3.1823850677714773,22.151217501009125,2930.647154760817,0
3519,0.6283185307179586,47.4355641432415,28.54113648031803,4.037622446572584,22.443752319928414,3033.358421111223,0
3520,0.6981317007977318,47.83439082490557,28.856078842656544,3.4253459076489263,24.201021546873633,2928.525949292886,0
3521,0.767944870877505,51.32013127898691,28.92555439816706,3.641436804654805,22.654678218891544,2966.9550302568014,0
3522,0.8377580409572781,52.973114854572756,29.02587745103641,3.6732545823893026,23.6205500263109,3003.2517749029416,0
3523,0.9075712110370514,53.08207885040211,28.9924228679399,3.400528653924913,25.071441578104746,3100.8167631960932,0
3524,0.9773843811168246,55.926007130602926,28.81957010004415,3.663806018011811,23.771187462969095,3032.6400431341413,0
3525,1.0471975511965976,61.32345284089549,29.142781508746705,3.6742006353162475,26.5420538670681,2980.704410615334,0
3526,1.117010721276371,61.02281705534037,29.07834569352475,3.3573710997908464,25.29811996357743,3001.132571840409,0
3527,1.1868238913561442,59.73789100340335,29.040210008831643,3.3597399551636213,26.504128392855907,3036.7883686640907,0
3528,1.2566370614359172,60.48701166950929,29.097072443975126,3.5090613646969486,26.816827993058673,3056.8745316333197,0
3529,1.3264502315156903,63.49506183225397,29.06081629477264,3.476901210462933,26.291356105781347,2990.0944201296425,0
3530,1.3962634015954636,66.65812868531408,29.315095870442814,3.778626019169907,26.302782749036844,2991.255322653596,0
3531,1.4660765716752369,64.47334808936577,28.980709064404927,3.6405336369890158,26.90159709838741,2966.798059776432,0
3532,1.53588974175501,66.93308654596532,29.050246102201953,3.4859152861073817,27.732044911801566,3026.6063472244646,0
3533,1.605702911834783,65.50048337208729,29.14995305972216,3.6212155917415347,26.573538158683924,3041.038879710477,0
3534,1.6755160819145563,65.46036097834114,29.43548890167778,3.0906693844406616,26.574725254584656,2922.45260331481,0
3535,1.7453292519943295,62.312768121592505,29.339911385978578,3.3769378052736516,28.87237106918427,2984.127759445335,0
3536,1.8151424220741028,65.06959206504447,28.91822875104411,3.5575642016637774,27.21710480978122,2951.4621591291575,0
3537,1.8849555921538759,62.2951451773715,29.343969882867057,3.7230731003784903,28.179954623856094,3006.0362782770408,0
3538,1.9547687622336491,63.0179121359218,29.315033658027698,3.5399538669311585,27.797894734364046,2950.482151021899,0
3539,2.0245819323134224,59.22447711048334,28.902451606655603,3.7916477999955314,27.867301340546867,2947.1943579778895,0
3540,2.0943951023931953,59.23671719156461,28.66101174395186,3.673587971605053,29.142641148014476,3044.940771228438,0
3541,2.1642082724729685,57.83469519588333,28.984011843713965,3.402334115185731,27.90570630433202,2993.3762345858727,0
3542,2.234021442552742,55.22943393743869,29.11397656572304,3.471993870809246,27.634789079544973,2997.603753515997,0
3543,2.303834612632515,54.04833493611197,29.130463086042905,3.5816843372477143,27.622042937869153,3017.2674050794003,0
3544,2.3736477827122884,50.8600310578661,28.70296595489661,3.410272889428727,27.32417292635477,3038.8327584795584,0
3545,2.443460952792061,47.951852806332354,29.034141997323292,3.8062580355833187,27.052090247883015,2983.256286696993,0
3546,2.5132741228718345,48.85856142735224,28.371152443378463,3.2782547731415423,27.02260348456552,2984.1474158533115,0
3547,2.5830872929516078,45.41979619003639,28.580695525005453,3.5632212900848774,28.5603110148883,2984.317338913035,0
3548,2.6529004630313806,39.98492320779283,28.500784274960708,3.6470893627210113,27.58103715406831,3043.260355813165,0
3549,2.722713633111154,39.15581539680294,28.660934525429607,3.4373106021077797,26.49337481080153,2997.2745948161014,0
3550,2.792526803190927,34.27688816760337,28.605169541881768,3.39224013347015,27.28930583433825,2988.3560675237063,0
3551,2.8623399732707,30.6266540462715,28.47389837529541,3.48478374071,24.946732618002436,3015.635857274728,0
3552,2.9321531433504737,30.906740248897634,28.046911521669426,3.662399702557035,27.00899436891867,3073.2501679911493,0
3553,3.0019663134302466,23.70664010473185,28.29640057592192,3.4000304004944293,26.61749874809594,3002.971325770476,0
3554,3.07177948351002,24.52932518885046,28.160064063781974,3.2862157626181414,27.0259156933678,2989.2221110128526,0
3555,3.141592653589793,19.62091653114042,27.74931484220806,3.7301169553986053,25.685794382888144,3077.7199407196117,0
3556,3.211405823669566,16.54363877689359,27.606240157186797,2.0798592945871177,24.852031337999332,3053.1920656900497,0
3557,3.2812189937493397,14.351837286231985,27.988690672351037,2.2015714860979037,25.148655802287777,3047.393000259921,0
3558,3.3510321638291125,11.51577213119222,27.723491075871802,2.151866346253488,23.218288051149557,2979.9725298313,0
3559,3.420845333908886,6.356804222991684,27.47645785915137,2.435977861656393,22.997420023303768,2976.0068886362415,0
3560,3.490658503988659,5.685681963470006,27.558350038702883,2.222994407121309,22.850774508706206,2926.6338218653277,0
3561,3.560471674068432,1.8669068686268433,27.56652219047602,1.8551840876250358,23.581297451667773,3038.59667551417,0
3562,3.6302848441482056,-3.0103025146671465,27.424206455656797,2.0940535934463167,21.383142728542353,3003.0798860148643,0
3563,3.7000980142279785,-4.101178615863826,27.13129895995124,1.888502255791291,20.879518700511632,2927.964484918739,0
3564,3.7699111843077517,-4.378417829822898,27.57749123278365,1.9091747672324333,21.421430386885344,3048.073904083151,0
3565,3.839724354387525,-6.410550238525721,27.379287563724336,1.7174999198769403,21.392996832522517,2986.505961830551,0
3566,3.9095375244672983,-10.183603984241866,27.116103337698185,1.9427773636266923,19.849034332232733,2991.4367823718617,0
3567,3.979350694547071,-15.227032378735286,27.063962011041784,2.10900685770694,20.548098531530307,2939.481228119957,0
3568,4.049163864626845,-14.72457355861866,27.10831020487891,1.9867956589732518,20.71643550439139,3019.687937624257,0
3569,4.118977034706617,-16.030399409188075,26.8357117035729,1.7801263193502617,20.203624007410113,3020.070801031073,0
3570,4.1887902047863905,-17.88258119532164,27.009170980939217,1.695396133506337,19.16085807554345,2998.0804978777605,0
3571,4.258603374866164,-19.268300650430632,26.721837278911885,2.4223691870961135,18.45592384925797,2983.270482644587,0
3572,4.328416544945937,-21.17837883663413,26.87679924199308,2.0650321506083,19.583992420791915,3105.05870554015,0
3573,4.39822971502571,-22.906161741527722,26.683446455467287,1.8351861660800228,17.893443344952527,2951.865290561385,0
3574,4.468042885105484,-24.57585892627587,26.6679325311198,2.092356691940575,18.339097250740874,2971.1425203121316,0
3575,4.537856055185257,-27.163252163301603,27.06508908842808,2.4378372155612174,18.88063274483437,3028.330269513736,0
3576,4.60766922526503,-24.244022641502276,26.815457609700754,2.124092471929179,17.73224571575318,2959.4224025334747,0
3577,4.677482395344803,-24.693507950381022,26.83184198038726,1.4425864261942936,16.040429499865123,2956.471723337888,0
3578,4.747295565424577,-24.136223451622083,25.897311900632744,2.5304583375973886,18.998759622341204,3045.2607458571733,1
3579,4.817108735504349,-26.759800831511644,26.075197192145627,1.6301507039419245,19.800730611703123,3024.2076689976357,1
3580,4.886921905584122,-23.348823851576775,26.205472102704572,1.9587976109246337,20.68226707239105,3019.3655190837712,1
3581,4.956735075663896,-20.58149004048868,26.142711015022357,1.7733191399934298,20.574026884836204,3007.272993961503,1
3582,5.026548245743669,-22.679868037115046,25.773459012052047,1.8519995780053573,22.115675583708793,2972.3138641445257,1
3583,5.096361415823442,-21.815771434315245,26.116167224975563,2.0568819369965277,20.85859477037972,2989.893155848581,1
3584,5.1661745859032155,-19.982228549333964,26.134033986078453,1.585795298240278,20.438171430810513,2996.8370073894866,1
3585,5.235987755982989,-15.922637633234233,26.270822694441335,1.9819508829020822,20.01222557242704,3033.8486541262155,1
3586,5.305800926062761,-18.84216240752673,25.984244982493912,2.2294684845482724,22.111247265681847,3017.034294623462,1
3587,5.375614096142535,-15.15567351221162,25.755337383200153,1.8313519350824898,21.439150444498836,2962.8862613783344,1
3588,5.445427266222308,-14.641003279929226,25.95585705035278,1.7219429880115689,20.545032540592153,3031.581689110355,1
3589,5.515240436302081,-12.080133751922386,25.95888251146321,1.9721389795688515,22.102139014865543,2932.8597580025935,1
3590,5.585053606381854,-8.999827897717191,26.256079370035295,1.9323317019897248,21.650027295348142,2987.183126042627,1
3591,5.654866776461628,-4.429351490740963,25.763951237129735,1.8809544659331061,22.495619995137417,2954.318064916654,1
3592,5.7246799465414,-1.144880989461154,26.13353330019712,1.7623307847764773,23.257012026974916,2965.715862221171,1
3593,5.794493116621174,-0.45400710842502656,26.44707919012923,2.1038369162372246,22.969323231392924,3077.0634511215826,1
3594,5.8643062867009474,1.1319589770537661,26.269459500317655,2.119052702288346,23.76919076950923,2941.1730341431444,1
3595,5.934119456780721,8.34820185030269,26.44037081116709,1.7868706531087024,24.05305535271243,2967.232237760281,1
3596,6.003932626860493,6.95498726624073,26.099198741866225,1.814549271079248,24.58552392256045,3020.4160708527284,1
3597,6.073745796940266,9.7872700416612,26.146326721064884,2.027298398801145,24.88448522956029,2981.199889603782,1
3598,6.14355896702004,11.074795889928945,26.644583682699707,1.8070056683824665,25.855277938977466,3006.222309230719,1
3599,6.213372137099814,18.9550960353815,26.487365429693497,2.0357323965393577,26.093766879409017,3057.181985307411,1
3600,0.0,21.45236838855694,26.531267905802085,2.2936093057232125,27.86259856821522,3026.185114306537,1
3601,0.06981317007977318,26.76574962266031,26.39164745389547,3.488035463754337,28.1517912390595,2981.252705997708,1
3602,0.13962634015954636,24.178504514875755,26.61767344826104,3.257276726512152,29.556933976824524,2994.6512208239683,1
3603,0.20943951023931953,31.543282298017832,26.47303771964458,3.5784206994643495,30.730842799409498,3021.224240391432,1
3604,0.2792526803190927,32.50888428931415,26.86411557837839,3.4644690540960767,30.392032869862476,3025.399590646415,1
3605,0.3490658503988659,36.6000567748553,27.134804820681026,3.469968592501737,30.844935723710933,3000.8301095944207,1
3606,0.41887902047863906,35.8314832267543,26.83576703009862,3.595064574575758,31.717024450444395,3014.4243600022965,1
3607,0.4886921905584123,43.32834305936303,26.703101676029554,3.638207480555665,32.139882894472215,3014.4632976151847,1
3608,0.5585053606381855,45.02614201749197,26.450717984159215,3.507100433094661,32.448959061495245,2996.310937839795,1
3609,0.6283185307179586,46.391971300981965,26.607422160371044,3.4878639366581434,33.02581746640638,2975.7904957441433,1
3610,0.6981317007977318,49.89311146738595,27.119209739227202,3.912708298094678,32.86868002177527,3029.703823920867,1
3611,0.767944870877505,50.1113837190915,26.753732459157277,3.7401107997814598,34.98813567042849,3011.6718184632123,1
3612,0.8377580409572781,52.57235701811019,26.8705556075649,3.666709223613034,34.915209194852686,2916.76081136891,1
3613,0.9075712110370514,54.765316991864395,27.0382047079078,3.5262411891760395,36.71341875281625,2966.966579212525,1
3614,0.9773843811168246,54.52759897244146,29.21718855697032,3.2988513528210053,25.488854070244965,2980.773135589339,0
3615,1.0471975511965976,60.26378091160479,29.009292446366754,3.7254772771867986,24.62101484145836,2991.954745730114,0
3616,1.117010721276371,62.233122504736365,29.017852825109095,3.528858829343604,26.46895078914985,3048.157796789193,0
3617,1.1868238913561442,60.67125723085967,29.123363779756748,3.3845661972353733,23.755912922523155,3128.0930361499013,0
3618,1.2566370614359172,63.319847757199135,29.0471221470583,3.4513719092824613,27.663060446606888,2901.6471608870193,0
3619,1.3264502315156903,63.264996970475984,29.07828199103725,3.3067634867523705,25.342430222751556,3012.1762543853133,0
3620,1.3962634015954636,64.8087598286709,29.24355132124473,3.7114658085971723,27.082082181850787,3002.7834448106687,0
3621,1.4660765716752369,63.81211942975576,29.221220002117104,3.6366074166243574,27.27790168086879,2992.780408453094,0
3622,1.53588974175501,63.647449481727854,29.519009788406702,3.5363264923056703,28.060871003282664,3021.717581814486,0
3623,1.605702911834783,66.55069954489493,29.265096314918228,3.491442885274946,27.09972058800908,3005.9915496231793,0
3624,1.6755160819145563,64.65767941388556,29.366098106656004,3.3638662245500313,25.820917348079895,2985.5426409744487,0
3625,1.7453292519943295,67.34951231182957,29.02107652710618,3.073985471248296,27.423178562676924,3006.4800827331483,1
3626,1.8151424220741028,63.73277262961105,29.243128465035735,3.2174146206679866,27.62965902412781,3045.7297392646333,1
3627,1.8849555921538759,61.40842617275617,29.032820617564024,3.351470932096142,26.25733390493953,2928.574050805766,1
3628,1.9547687622336491,63.56368477015934,29.17193861497463,3.3214067235972293,27.995955388651918,2944.5250075494323,1
3629,2.0245819323134224,61.39193232968154,29.181830045276225,3.5578721249232133,27.13291263859396,3024.0806768187217,1
3630,2.0943951023931953,60.061452465844376,29.046710811141548,3.6622987483946643,28.517597453379125,3153.5173683609655,1
3631,2.1642082724729685,59.092591783278756,29.35594394528727,3.474312156219793,27.77697786587683,3032.8713356016265,1
3632,2.234021442552742,54.4812894715338,29.15980986969433,3.781783387024287,29.48912589053506,2985.2186727543367,1
3633,2.303834612632515,53.250637183004805,29.06836059049724,3.343420456082674,27.632872521416683,3030.396896207618,1
3634,2.3736477827122884,51.00245192342318,28.9482329734063,3.4728925746503445,28.07125267468973,2916.9521075482708,1
3635,2.443460952792061,46.989322630520846,29.035849254283352,3.489802564144481,27.41770559681545,2996.3013091737116,1
3636,2.5132741228718345,46.054951127923935,28.489796908130586,3.718437265766884,26.123546424129895,2813.3731362108747,1
3637,2.5830872929516078,45.85093607730946,28.84144558477843,3.521177416416436,27.065972520467408,2956.949184557161,1
3638,2.6529004630313806,41.482227481055865,28.414679228543143,3.5267137829116257,27.614576845357153,2874.4855310458743,1
3639,2.722713633111154,36.28405694664354,28.403433103830952,3.1690313769984155,27.251123894421237,3049.8672856880326,1
3640,2.792526803190927,33.0571473321577,28.49463303860005,3.3200186581578492,26.269367136380897,3001.4946392157594,1
3641,2.8623399732707,34.90084509988739,28.515747851807006,3.7191904547395165,25.051082765579558,2940.8613235771563,1
3642,2.9321531433504737,29.220547571416475,28.076457534229014,3.084931547280563,26.42401855773276,3177.14056016924,1
3643,3.0019663134302466,25.291674234650532,28.090125989500418,3.7685985304861256,25.91696340060519,2894.586147006626,1
3644,3.07177948351002,22.728053671140145,28.098337579368145,3.599932897790846,25.911577165230966,2948.5090552209285,1
3645,3.141592653589793,17.78403836852401,27.97204509929564,3.350495734327249,24.65726347543752,2882.1248946181368,1
3646,3.211405823669566,18.995601405781812,28.044397040692328,1.8335902047185424,23.154743868659548,3080.7841410753595,1
3647,3.2812189937493397,13.147631050418006,27.800157824250853,2.3791910599696613,26.321772234910586,3029.3509962976987,1
3648,3.3510321638291125,12.695076204808474,27.221070535717043,2.2822811612958844,25.63378156627311,3191.9788083092485,1
3649,3.420845333908886,7.673796559906019,26.92251222112894,1.9761118456913005,26.492400005496535,3065.9561156885648,1
3650,3.490658503988659,6.75339151219757,26.714546147661252,2.026918345890476,25.13359614756454,2541.7092832475832,1
3651,3.560471674068432,2.0818928101536365,26.738464565933317,1.8707637278179456,24.801397661761794,2937.7480540775405,1
3652,3.6302848441482056,0.15362866893852445,26.526823321828942,2.026956795565221,24.89636752245435,3227.0701861546495,1
3653,3.7000980142279785,-2.7677273213617113,26.621346087207016,1.865219262286141,23.809481325747377,2922.6489074846954,1
3654,3.7699111843077517,-5.515399753783331,26.505467733521435,1.984291395165164,23.49708905766929,2691.1972984689514,1
3655,3.839724354387525,-8.4035407201202,26.258076484016392,2.3620658759529483,23.664793520067374,3049.6199084825744,1
3656,3.9095375244672983,-11.60890274482826,26.51894010924997,1.9808771906899147,22.742450632672213,3058.829983340387,1
3657,3.979350694547071,-10.568365109123441,26.008586068688555,1.7903956237452747,23.038904271270876,2805.4641756112546,1
3658,4.049163864626845,-16.820889389946345,26.00303944804884,1.7267255904030052,24.526921179068406,2957.446591977351,1
3659,4.118977034706617,-17.300229301462124,26.02348638079327,2.0254235514728958,23.574057284390257,2883.889434950901,1
3660,4.1887902047863905,-18.948814357488335,25.972924872914206,1.847820969101442,22.764489452253944,3128.5691323521173,1
3661,4.258603374866164,-19.842070953447227,25.947320801476756,2.049320628396507,23.552718683573943,3059.6797332299443,1
3662,4.328416544945937,-22.36748242434718,25.741781080587334,1.6760993813742906,21.461691048337016,2973.019381810817,1
3663,4.39822971502571,-22.325423774897526,25.762386375196723,2.1380500269151765,23.9427260477592,3034.032375494934,1
3664,4.468042885105484,-23.91657156022429,25.437786247711536,1.7879670256413989,21.43080513152426,2955.8946952595143,1
3665,4.537856055185257,-26.689277661706207,25.613740390899046,2.009259451855468,23.272585456444077,3028.3703458291156,1
3666,4.60766922526503,-24.739156862187034,25.55597055395689,1.9323393565120057,23.162226456851265,3065.7674911596177,1
3667,4.677482395344803,-26.623435215404534,25.597241520079688,2.343677792455774,20.07733099535878,3019.9352601244846,1
3668,4.747295565424577,-27.57416585953266,25.075933175446593,2.0342978346859053,22.59594762329414,3066.4724646777495,1
3669,4.817108735504349,-24.548175310538227,25.151853880335914,2.389094389622919,21.163632092729113,2976.0507200769607,1
3670,4.886921905584122,-23.584523872520016,25.378949519322664,2.112148480012484,20.93184746105246,2994.6307573794647,1
3671,4.956735075663896,-22.873260619262982,24.83107818943303,2.285081184462496,21.829092336720223,2963.3726521930494,1
3672,5.026548245743669,-21.946787172752373,25.28156089487472,1.9582403587154158,20.65449051670609,3001.3915939382173,1
3673,5.096361415823442,-24.62215698691635,25.351267882034428,2.0691006098980647,21.942589451620453,3010.786952817524,1
3674,5.1661745859032155,-22.48725747532372,25.095798756497516,2.243728717803791,20.8975600554346,3001.041402505296,1
3675,5.235987755982989,-16.010861015079236,25.11293897004518,2.1809919897168095,21.930263111330834,2981.0344421077634,1
3676,5.305800926062761,-18.877503905092446,25.016622320865476,2.1061986556369137,23.02451705558731,2980.371369571745,1
3677,5.375614096142535,-14.544222365597445,26.976155027712224,1.9344130334424543,16.388964366226688,3013.8068236793347,0
3678,5.445427266222308,-14.471923578981528,27.034340934132864,1.968244701238656,15.874351283286016,2993.6285227859935,0
3679,5.515240436302081,-11.140117561753545,27.063983764279374,2.2275323903206714,16.70618922705356,2953.927879793245,0
3680,5.585053606381854,-9.875323739304674,27.118003141708478,2.269182249746428,15.286653004413031,2924.1085581610755,0
3681,5.654866776461628,-5.608024621231834,27.254006979515772,1.8814274541440654,15.90675039774495,2976.180460522765,0
3682,5.7246799465414,-3.6412057145192107,27.321631235571736,1.851248205129006,16.42604102701698,2944.7092505313417,0
3683,5.794493116621174,-1.7986549858314365,27.717753909636087,1.8191732423459566,17.617634104474533,2966.577200458824,0
3684,5.8643062867009474,0.12159288206792862,27.452788256841487,2.165940123146031,17.555106953167876,2983.0677899602424,0
3685,5.934119456780721,5.010754846583679,27.64119836043798,1.8141049955874962,17.924151836957883,2994.1560330843786,0
3686,6.003932626860493,5.777240789671126,27.582702728048154,2.1635206812043495,17.761606301759322,2973.35976672343,0
3687,6.073745796940266,11.285195476382064,27.662066604642472,2.1091380686242025,17.461068595651813,3087.64804432646,0
3688,6.14355896702004,17.676937820352386,27.577336698188027,1.890981631126844,19.609119417021066,2949.5558786560814,0
3689,6.213372137099814,18.886213758407404,27.680587294335385,2.312771862770253,18.20491675427699,3048.368498317616,0
3690,0.0,21.077521830341244,27.818950258052052,1.7075482183797546,19.45867792813944,2993.4972796122875,0
3691,0.06981317007977318,23.010630371873916,28.11126229370696,3.831906519951712,19.40807257456981,2973.6989443463763,0
3692,0.13962634015954636,23.354660602697656,28.328433769444768,3.5637771728490995,20.33465103923447,3023.503040415651,0
3693,0.20943951023931953,27.372596492948894,27.98149434994698,3.085306728668262,19.79667481557802,2981.8848979492664,0
3694,0.2792526803190927,34.32787029591903,28.248403306778076,3.8183759271643227,21.528388512044152,2967.7214125424225,0
3695,0.3490658503988659,34.20627232946792,28.20539056558825,3.694442500843998,22.20045196919979,3071.5923960899445,0
3696,0.41887902047863906,37.254270791164934,28.44844240757093,3.4143576633173924,22.306866239049636,2912.221598149269,0
3697,0.4886921905584123,40.87774461183905,28.724731299399142,3.3070558869517206,22.05825485001078,2990.2050469803044,0
3698,0.5585053606381855,42.25329750222439,28.56887075683865,3.186186651232323,22.0027317445497,3007.602864819765,0
3699,0.6283185307179586,44.61018325133384,28.69821475692101,3.983089232362078,25.02548950276792,3056.3209013271035,0
3700,0.6981317007977318,48.849731326722136,28.989629391082694,3.3153236251676312,22.3877279293286,2984.062764086181,0
3701,0.767944870877505,49.92233248864682,28.90227518412698,3.247282287599815,24.293484848391312,3106.4406097734,0
3702,0.8377580409572781,52.329989276814395,28.777760012200353,3.5535838248700298,24.254463741148538,3030.36476245393,0
3703,0.9075712110370514,54.28869737308199,28.969450197203425,3.172421306647777,24.32825401550595,2905.308287569821,0
3704,0.9773843811168246,58.09023108572858,28.870712735355706,3.303690320311089,24.904875699163924,2941.8526908412973,0
3705,1.0471975511965976,58.622954634556706,29.102302786451727,3.6989938388320938,24.7136038965901,3009.4773600316707,0
3706,1.117010721276371,60.177874131621735,29.155853878669912,3.592842118963876,25.813242386227046,2954.2453497057227,0
3707,1.1868238913561442,62.61869230146876,28.907546670405377,3.4227260080521233,26.05796607649407,3021.9133297856683,0
3708,1.2566370614359172,62.5844838209325,29.16754023216205,3.5036613345862757,28.261002428980778,2981.850808669408,0
3709,1.3264502315156903,63.245927029734084,29.146718882831806,3.4115058939599994,27.2698442170183,2952.1589438448523,0
3710,1.3962634015954636,65.02202441890462,29.263470913190467,3.4876004381261922,27.098698656215216,2961.4164250422195,0
3711,1.4660765716752369,65.75578205690876,29.318128332094798,3.3476377234880696,27.39641589459847,3034.0765442031875,0
3712,1.53588974175501,64.7519769665964,29.270886433041607,3.3839521360945146,28.633527638205862,2919.0818582436877,0
3713,1.605702911834783,65.0934988792901,29.15378998941595,3.3778643724909134,26.586336782060393,3041.8109930066225,0
3714,1.6755160819145563,63.58079994697231,29.33342577757153,3.354827829628849,27.39114593056012,3042.981474912315,0
3715,1.7453292519943295,63.02532432080257,29.050809887168114,3.7087821992832963,26.159297829638387,2986.7437278482175,0
3716,1.8151424220741028,64.81702893537005,28.96627657252577,3.6540234784026104,28.25200793985706,2943.8222942863754,0
3717,1.8849555921538759,63.46495632709885,28.661974816870064,3.31352734632181,28.57522651866881,3022.2345683639624,0
3718,1.9547687622336491,62.4062211131303,29.10209948271957,3.2611212414914856,27.16317805969546,2980.5456273129503,0
3719,2.0245819323134224,60.86701360655079,28.955320889634983,3.468544671373877,29.14165784392616,2939.3952927705172,0
3720,2.0943951023931953,59.040448084022174,29.09889365595263,3.931057519657909,27.42322537680453,3076.3656091178423,0
3721,2.1642082724729685,58.35130860121103,28.699160977959394,3.2944589592606905,27.69986716732479,2964.6234681631154,0
3722,2.234021442552742,56.86314705383667,28.84853612169314,3.467755122059192,28.015902714615297,2941.1139645307967,0
3723,2.303834612632515,54.80835915426871,28.962314276452545,3.5177440827435325,29.11317253709692,3011.4020327923026,0
3724,2.3736477827122884,51.108459796735886,28.679114622598448,3.47827156519097,27.040381407152058,2997.2861025486536,0
3725,2.443460952792061,51.005931530757536,28.832733643915777,3.4083580251561023,27.821160502275596,3059.4475347697353,0
3726,2.5132741228718345,46.79302737575978,28.62178891349076,3.7310159944397108,28.04203117873216,2984.779188996705,0
3727,2.5830872929516078,44.794931179342925,28.630981870612846,3.590891724588691,27.684519055520994,2985.2017473319324,0
3728,2.6529004630313806,41.54935216161741,28.6526395763056,3.669161064749015,27.49616691887333,3013.4091292878466,0
3729,2.722713633111154,38.67365899963728,28.63100352515826,3.617875989933266,27.378732227628422,3007.980716848855,0
3730,2.792526803190927,34.287278464279616,28.424298033688892,3.6787896643611973,26.060203146959093,3009.20150859616,0
3731,2.8623399732707,33.45570726928223,28.20866328274859,3.8168811665948126,27.56671148857659,3010.8780598853764,0
3732,2.9321531433504737,33.62396767916063,28.180788199624363,3.766208793357667,25.81953216900819,3006.5846517958207,0
3733,3.0019663134302466,25.700596931017834,28.26255102561512,3.964960791919183,25.38629556984848,2983.340681375127,0
3734,3.07177948351002,23.24553339162307,27.93051973097056,3.7434682562814383,26.31494888319989,3033.3071038707562,0
3735,3.141592653589793,19.330692103479112,27.97329001050397,3.3661106446944986,24.372099738123644,2985.6041038884177,0
3736,3.211405823669566,16.128928829171482,27.85840961675283,2.1694624083611656,24.75846625546641,3032.1740119040983,0
3737,3.2812189937493397,16.05388467397506,27.817488011350076,2.1420870357969193,23.537475795197068,3055.510483531142,0
3738,3.3510321638291125,9.634517386609645,27.599113591631284,2.3840589810464374,25.734324248604448,2972.8983653065225,0
3739,3.420845333908886,6.885198278185504,27.391443520187785,1.806568296664742,25.16067683004692,3096.1793367467644,0
3740,3.490658503988659,2.2278543147479586,27.667687220403145,2.111590216278587,22.813977578319722,2971.4954837929768,0
3741,3.560471674068432,0.5604334747756372,27.65653574183234,1.8637859310466085,22.902077965747885,2971.7844728539285,0
3742,3.6302848441482056,-3.688820164795111,27.167807881032207,2.102509020820027,22.072005254806044,3021.5996332597524,0
3743,3.7000980142279785,-2.8986598416763236,27.419435807059088,1.957050667080056,21.37028846784064,3017.66249617579,0
3744,3.7699111843077517,-2.2507905204053227,27.45713513447581,2.0958937608381776,21.327905123604424,3002.8726090204004,0
3745,3.839724354387525,-9.475460626370047,27.318041525390502,1.717932362783715,20.786491286683855,3032.7300435190873,0
3746,3.9095375244672983,-13.759763570140237,27.103909428647793,2.1586452963111795,19.19496486703922,3010.1052017001316,0
3747,3.979350694547071,-12.091517649838131,26.966701753964514,2.0412119030372198,20.222182826565234,3082.629679900006,0
3748,4.049163864626845,-16.55087135069773,27.066533807574434,2.030438576354381,19.58788173274095,2997.8709832850777,0
3749,4.118977034706617,-15.357670369146554,27.04232267176098,2.390045659969466,19.493015017930123,2965.8202551365507,0
3750,4.1887902047863905,-19.394186741984644,26.975140642132057,1.9235033203464353,18.816209638509275,2977.931628125532,0
3751,4.258603374866164,-21.39345561708668,26.894426949923364,2.0684530849543963,18.240130557586316,3018.852975269181,0
3752,4.328416544945937,-21.99020978912396,26.72498161590144,2.020054139807851,18.895421560494544,3019.438067466217,0
3753,4.39822971502571,-21.660878091877628,26.922135424142144,2.0396078320481466,18.307627672326092,3008.259041276711,0
3754,4.468042885105484,-24.004438628553327,26.906273302630833,2.4443607809285557,18.703651394997262,2966.0198571171654,0
3755,4.537856055185257,-25.06143593973992,26.8483540152046,2.0127614184827496,17.709791373063773,3044.345924797762,0
3756,4.60766922526503,-25.051732696040613,26.823222772318758,1.8865440401023474,16.905946010597127,3077.479626267531,0
3757,4.677482395344803,-26.880369992610632,27.052618430739,2.374180559089444,17.331517307138284,3001.1690128758114,0
3758,4.747295565424577,-24.377039812418335,26.707074189891074,1.9384622469122075,15.052831438756213,3072.424197725765,0
3759,4.817108735504349,-27.43357518233967,26.998788990176568,1.678964370558189,18.145611785415095,3034.6502398576804,0
3760,4.886921905584122,-24.98253106709764,26.708127026002074,1.8518312587142298,16.53449522324069,3088.7474869858665,0
3761,4.956735075663896,-22.524229869173734,27.00198771441227,1.7506825011914289,17.942575849173064,3018.9057636227417,0
3762,5.026548245743669,-22.34297080888284,27.043737312957898,1.6400069067371097,15.407836434022123,3005.4641230309153,0
3763,5.096361415823442,-20.83779259602585,26.843421694009574,1.927396999126373,15.14622559242542,3033.6960493191855,0
3764,5.1661745859032155,-20.54330059254073,27.170591602550125,1.9859568069453135,16.299072804605853,2993.2216808612343,1
3765,5.235987755982989,-17.216523898821464,27.031124898470587,2.236105583025781,16.291698423308965,3074.281510633805,1
3766,5.305800926062761,-15.919641969822205,26.873564046762866,2.125880322412413,16.296754165011514,3096.841576800516,1
3767,5.375614096142535,-14.791272405930966,26.998263606513554,2.116766861625733,16.22841098048111,3036.909117869749,1
3768,5.445427266222308,-12.050198480512446,27.278140555343125,1.821357998960456,15.659690824369822,3011.751449381826,1
3769,5.515240436302081,-10.133991339049528,27.304869660730702,2.176986652392823,15.084775703120407,2975.4113776849636,1
3770,5.585053606381854,-9.584637705914618,27.06994880816926,2.278246567279747,16.6383576433375,2996.7982349935974,1
3771,5.654866776461628,-8.466184720698301,27.27376910042046,2.078914178309232,15.551765424863072,2920.088350225604,1
3772,5.7246799465414,-3.2158237017303235,27.39462533033663,2.084503507259585,15.66865203723161,3049.075848196642,1
3773,5.794493116621174,-0.30708647911794296,27.360493436295588,1.7470615400600042,16.68364846880544,3068.9113737351454,1
3774,5.8643062867009474,3.332559048296842,27.865585986815248,2.2108871615210655,17.57499513837344,2960.9118661797493,1
3775,5.934119456780721,3.2046116377769724,27.62462538952,2.3561661097522837,19.086226063161842,2893.2815470432765,1
3776,6.003932626860493,6.236672399319265,27.659963344384142,2.0645904798093673,18.566919783490704,3024.82369727279,1
3777,6.073745796940266,11.333824312662461,27.929133627657404,1.8811285443265031,19.23812238215713,3169.5191169459185,1
3778,6.14355896702004,13.630459973517405,27.778210248622095,1.9676010288024315,18.941555217800055,3123.867739386714,1
3779,6.213372137099814,14.032316265657695,28.067406373099647,1.9159158569974823,19.056634493006104,2969.696322264733,1
3780,0.0,20.562662245631287,27.749840140662553,1.9279100693679412,21.12807902025966,3233.3222106581406,1
3781,0.06981317007977318,20.360406946002207,28.015659661556114,3.629596612738812,18.439471805978897,3282.356946846656,1
3782,0.13962634015954636,24.844904715392882,28.324368283908665,3.5558928223340684,19.553672252491346,2883.2923125016746,1
3783,0.20943951023931953,31.38354814608933,28.48502368706976,3.700787321194274,20.01292058808564,2970.735910389786,1
3784,0.2792526803190927,35.14099953847563,28.2147704700295,3.574180508955644,21.40109240042117,3149.5829242373934,1
3785,0.3490658503988659,33.567421896947145,28.276950926558005,3.3271824052043635,20.314808230382173,2873.8845169694014,1
3786,0.41887902047863906,37.809061632291964,28.57320093624653,3.399861595230122,22.12455145911382,3201.6820965395464,1
3787,0.4886921905584123,41.19015410998314,28.469910791105413,3.3874317854424287,22.395874454647384,3008.9348593434993,1
3788,0.5585053606381855,46.51820728186657,28.595616429416538,3.4627059846763095,23.001509889390082,3059.918437771156,1
3789,0.6283185307179586,45.71103293142469,28.83680305646154,3.858942738282918,23.40397851315635,2866.5706706512624,1
3790,0.6981317007977318,48.21011640134435,28.689729804381745,3.8909799183295255,24.411683274444254,2853.6919660607773,1
3791,0.767944870877505,53.58271500834917,28.53877618182044,3.667320240089317,23.549133636665307,2608.4676915788004,1
3792,0.8377580409572781,52.87933341740535,28.696611125231993,3.5237527593667237,24.412362158280487,3202.9908899482807,1
3793,0.9075712110370514,56.54378647575218,28.94710624218611,3.227669556099121,23.789044540798603,3125.8054595906497,1
3794,0.9773843811168246,55.09097631730824,28.71533161479512,3.544001661146017,23.984909339162655,3130.396240543177,1
3795,1.0471975511965976,58.71429405416125,28.99465642194673,3.341998540712589,26.533639166962022,3038.0040001432635,1
3796,1.117010721276371,57.95633682597291,28.869738378122403,3.826104379313184,24.82190292174519,2521.869936060258,1
3797,1.1868238913561442,60.14012278407188,29.358611476509985,3.178778862041902,26.317556149288325,3016.3948227889864,0
3798,1.2566370614359172,64.0563452660103,29.466039208769036,3.5768968666660235,26.543714090246624,2938.0480650991412,0
3799,1.3264502315156903,63.588449595789776,29.005625306179883,3.325152124469926,27.353171160421105,3003.2414423500977,0
3800,1.3962634015954636,63.8376902747199,29.22028310562034,3.4980969629033054,25.35943191963483,3033.923017439162,0
3801,1.4660765716752369,63.63036085560093,29.049365714642402,3.6332136380622115,27.64893434198771,3037.382379643183,0
3802,1.53588974175501,64.64160310599738,29.15287165211474,3.7043937377564196,27.115471908677108,3020.6626819901335,0
3803,1.605702911834783,65.42425696651034,29.469789391616285,3.4878619598136837,26.882750739082688,2997.912709192297,0
3804,1.6755160819145563,66.22785960126495,29.123422992282958,3.652243310036306,27.336678116161224,2975.050444140918,0
3805,1.7453292519943295,60.37862885940416,29.138863684279084,3.3675059802775795,28.51442552141417,2996.705649870382,0
3806,1.8151424220741028,62.41566592102563,29.02297548144704,3.549107676954644,28.389981279987595,3066.1385291169327,0
3807,1.8849555921538759,63.03618759656542,29.313196226203914,3.700441482887573,27.79434875182897,3010.922648101877,0
3808,1.9547687622336491,61.57497878156201,28.62313062010154,3.5664198956279978,27.048372130227904,2995.7247251870294,0
3809,2.0245819323134224,61.050796447252594,29.012133257329257,3.394131260725339,27.138758151996285,3022.5477107118904,0
3810,2.0943951023931953,59.37245359948957,29.03234757042101,3.4441915264873133,28.600753498844092,3001.9889699542923,0
3811,2.1642082724729685,56.849388970486764,28.895683487588414,3.7031312125095877,26.951647714014527,3009.0317180271586,0
3812,2.234021442552742,54.67020411832173,29.07514473048774,3.2816310766143686,27.825726391523826,2990.131313810744,0
3813,2.303834612632515,53.073264911879484,29.072077883168443,3.3111369731985096,29.98267314879299,2983.4024898370117,0
3814,2.3736477827122884,52.982740195388985,28.62178411761887,3.620317751962347,28.094588332312853,3039.8400104078623,0
3815,2.443460952792061,47.8274305365357,29.085368129689467,3.4121712810916405,28.18196216517905,2921.986012384292,0
3816,2.5132741228718345,46.356126268445365,28.49185347909794,3.2093883607300624,26.57333275740516,3019.1440694699304,0
3817,2.5830872929516078,44.121380211491854,28.829197719331223,3.770163733408382,26.247901599639448,2980.9298805399494,0
3818,2.6529004630313806,43.466746720176786,28.585840030123425,3.2800799424240186,27.64850372205041,2923.7915014467703,0
3819,2.722713633111154,37.85268655105655,28.41252880712389,3.460113997336072,26.54365045877338,2961.015623101903,0
3820,2.792526803190927,36.82911643367154,28.349019132539425,3.3760958712625806,27.442878511894133,2998.558156428085,0
3821,2.8623399732707,34.25165011666252,28.325737908381353,3.440463302891956,26.330994249211948,3004.0591691668155,0
3822,2.9321531433504737,29.260394689313195,28.280756708260878,3.323076108469732,28.75354191598624,3029.6001782205376,0
3823,3.0019663134302466,25.946711074587817,28.02898456844635,3.6428558475386925,25.203518279983722,3032.3207293817977,0
3824,3.07177948351002,22.645460810413326,28.04861677484119,3.5221647048613822,25.54815370550043,2938.131401470911,0
3825,3.141592653589793,19.616265298636133,27.88439907656086,3.6967307190421783,24.241236701555245,3015.100143454056,0
3826,3.211405823669566,18.142318472379632,27.73403480244597,1.8781663576916556,25.40790771142914,3029.1417589369107,0
3827,3.2812189937493397,14.083725422680322,27.71039552347924,2.426604353989842,24.548153409492684,3008.7569048372825,0
3828,3.3510321638291125,10.996908476955646,27.578009776114374,1.6190702428992112,23.029983713516973,3020.097659408269,0
3829,3.420845333908886,5.908483722665293,27.606211936107023,1.6829730184155411,23.139925301374745,2922.6991677410774,0
3830,3.490658503988659,3.157858434282059,27.654447063829462,2.3506169695432857,24.079638182269377,2960.391400423368,0
3831,3.560471674068432,4.912021298754478,27.530022581435738,2.094808333489277,23.567559511245424,3054.6418800952847,0
3832,3.6302848441482056,-1.392958913298124,27.732785841156026,2.068277216611215,21.016328899355624,2988.8116671143425,0
3833,3.7000980142279785,-5.008524883861757,27.032528930862167,2.086255061463602,21.356392343581593,3088.9241565894336,0
3834,3.7699111843077517,-4.303687604777341,27.36505884218116,2.11424145403009,22.769317329357303,2948.8631035367334,0
3835,3.839724354387525,-8.502729612868936,27.229617904154807,2.05995354408679,20.765230194306046,3062.5508896453002,0
3836,3.9095375244672983,-10.3923942953581,27.288760506804998,1.8068191016749788,20.638236804624203,2975.571775480614,0
3837,3.979350694547071,-13.648587759405032,27.215695990073687,2.163638181014558,20.913309702640824,3034.4974393179345,0
3838,4.049163864626845,-15.938493548167699,27.02963833315166,2.1321356423076465,18.63598666571233,2988.184703380328,0
3839,4.118977034706617,-17.5610703237228,27.031052605662463,2.285686229347966,18.571496654679773,3004.6271259162113,0
3840,4.1887902047863905,-21.045250425747668,26.8491591335209,2.352848215380233,18.699264594147547,3023.8217322967303,0
3841,4.258603374866164,-20.577623197592356,27.01349914134417,2.0660952159286525,19.572100944253354,2975.465869542405,0
3842,4.328416544945937,-21.2792238399415,26.60554796670145,1.7544901964735633,19.091305790875822,3032.044255794992,0
3843,4.39822971502571,-20.021848382516275,26.975256146243215,2.3545045862404272,18.536933243109043,2989.3650501311395,0
3844,4.468042885105484,-23.534309084912017,26.832169111833387,1.7963700129994118,17.555485596112096,3007.1219973485477,0
3845,4.537856055185257,-27.817614448864816,26.745171390710684,2.067592838734476,18.297663351629662,2894.193144199649,0
3846,4.60766922526503,-24.894463440749234,26.771693745641063,1.948653214715829,17.021915067378586,2986.5065890230558,0
3847,4.677482395344803,-20.863331016196845,26.77685157238883,1.9138749299630415,17.380476896088663,3050.5416795340657,0
3848,4.747295565424577,-23.673037863381747,26.99532657164916,2.1528600243063036,17.446953146463073,3027.787087484748,0
3849,4.817108735504349,-25.969818707285185,27.291597775045346,2.048891919853593,17.900123928438983,3035.461824573749,0
3850,4.886921905584122,-23.42968911390353,27.001211320007908,2.102648298253626,16.349931440553174,3002.132707114457,0
3851,4.956735075663896,-24.77632781975446,26.75084626058534,1.836862741967326,15.984922957115328,3067.0509801156427,0
3852,5.026548245743669,-24.8282545126022,26.953199454088608,1.965185006925068,17.21937277199732,3011.537548662751,0
3853,5.096361415823442,-22.245827500356544,26.988378749428477,1.84609300403186,17.21782396146268,2973.595996711665,0
3854,5.1661745859032155,-20.308442424604223,26.782673036073916,1.960185682404507,15.65170657656215,3034.2056350043044,0
3855,5.235987755982989,-21.779376423949834,26.77164962087557,1.9762475550265182,15.197643643604227,3036.9039343795366,0
3856,5.305800926062761,-19.030429700784847,26.995662773596433,2.368860834640959,17.081385918394847,3025.183648990698,0
3857,5.375614096142535,-15.444980567528948,27.17554323607715,1.948122297106252,14.846368119004428,2983.8826445014665,0
3858,5.445427266222308,-14.05377691046619,26.866454969286913,1.5748803350938707,14.887943410277611,3011.258886882796,0
3859,5.515240436302081,-10.667409763935757,27.058275275301042,2.2790183074641575,16.138424246536257,3055.732994439989,0
3860,5.585053606381854,-10.747444926857124,27.314552624724715,2.0898518748052046,16.493788970600274,3019.1019997798494,0
3861,5.654866776461628,-5.37916573033135,27.30091623923962,1.9737979130893222,15.729877292080019,2940.8894985323122,0
3862,5.7246799465414,-5.6220055360845524,27.576537926010005,1.912556926627781,16.947748546124334,2974.8494515012194,0
3863,5.794493116621174,1.3378811275413591,27.22492900654548,1.8106148687886228,17.201329978489216,2972.989386389631,0
3864,5.8643062867009474,-0.8767863649784808,27.864740768326456,2.387609619417298,16.84615763486731,2969.82706352477,0
3865,5.934119456780721,2.9702621447697934,27.35887696147376,2.0103689777320075,19.122790016691095,2915.548627910198,0
3866,6.003932626860493,8.222375192782755,27.36486061519536,1.652449771303705,18.127321308893514,3075.6231011113787,0
3867,6.073745796940266,13.140323790447264,27.741669054094093,2.0655480066570484,18.994339541671295,2964.9484954796185,0
3868,6.14355896702004,14.209775010971292,27.66282343961102,2.2412343404069683,17.25365547683014,2967.8420676182795,0
3869,6.213372137099814,17.705245561787972,27.910478881900318,2.0312869336706996,17.59127806789068,2922.3316617975806,0
3870,0.0,20.02630535250959,27.9889409681568,1.8196813055609373,19.491496856893924,3034.657159387746,0
3871,0.06981317007977318,21.59944363731285,28.054341636676835,3.3017851427950684,20.981642448629028,2996.365405884428,0
3872,0.13962634015954636,25.527582020843877,28.040646066322562,3.316536214456153,19.07630788242884,2985.9634557966842,0
3873,0.20943951023931953,27.538161506827254,28.314392451868265,3.80433159940939,20.395765720952593,2988.0799459021114,0
3874,0.2792526803190927,30.48561606009965,28.283164259765325,3.485667188952635,19.69816978757746,3023.5121756906783,0
3875,0.3490658503988659,35.99352982863471,28.575973902604016,3.164255117064274,20.52293155715932,2980.7991395729964,0
3876,0.41887902047863906,36.61838196527906,28.461028133811716,3.5768267851688926,21.66829682809911,2920.44395749263,0
3877,0.4886921905584123,41.60555133545012,28.418668761913082,3.5282073571147103,21.53806561854165,2948.3385623607987,0
3878,0.5585053606381855,41.893632762162575,28.382746534303337,3.4102209066233335,21.306412818896906,2946.2611409305728,0
3879,0.6283185307179586,46.89491088333642,28.679525888033712,3.2959186487822376,21.7054659231886,3011.0127136564233,0
3880,0.6981317007977318,48.192418582449825,28.580964445919452,3.287221020045425,21.672221085566786,3037.200761621326,0
3881,0.767944870877505,53.369549971130844,28.63109576645008,3.7173267630932676,23.969768249586878,3058.632225194806,0
3882,0.8377580409572781,53.92709548985133,28.97089238694492,3.5495025711610193,24.46630065103215,2934.604223309283,0
3883,0.9075712110370514,57.31415825179371,28.678962395153558,3.595728732932357,24.85232671848684,3024.8108036901035,0
3884,0.9773843811168246,56.173220690339086,29.206674093815987,3.548951761916024,24.029404709084517,2975.397152311823,0
3885,1.0471975511965976,59.05535818066599,29.06318794220066,3.5655377409823643,25.926537171738488,3116.9383231126217,0
3886,1.117010721276371,58.9741013462881,29.071976460905255,3.4063210673143516,26.037020885639535,3055.3421652260495,0
3887,1.1868238913561442,61.102865591388806,28.957405734397557,3.458834129103845,25.810342013042014,3068.0758164853796,0
3888,1.2566370614359172,62.40438689916496,29.255923664005625,3.732982361085009,25.99341685603324,3032.0975928098655,0
3889,1.3264502315156903,62.57452035138913,29.163919131491586,3.7829180335638224,25.893894069722514,3015.275527859008,0
3890,1.3962634015954636,62.493094597280816,29.07885480720353,3.25558160244805,26.839721905657072,2983.8966811718433,0
3891,1.4660765716752369,62.63320930609333,29.223399978939668,3.4583482333784437,28.229766992205164,2976.0271675669933,0
3892,1.53588974175501,61.46296504229821,28.946851174107007,3.667857071798733,28.072182806302475,2967.995796521694,0
3893,1.605702911834783,63.38806752060412,28.953969922690543,3.8764159464431462,27.157709694949347,3024.70302632248,0
3894,1.6755160819145563,65.69472613658007,29.02539836164677,3.85639191626615,27.968229294989026,3062.416111966745,0
3895,1.7453292519943295,61.91860108752944,29.23419839375611,3.3408484370107,26.80386485216396,2985.7276863710777,0
3896,1.8151424220741028,61.611123413039884,29.163866123260274,3.755009223641165,28.3890426080517,2971.1060476006814,0
3897,1.8849555921538759,65.48389109013128,29.298614709387547,3.511727260421403,27.23200180410108,2940.6598637943007,0
3898,1.9547687622336491,60.76852938073306,28.974622147654856,3.7088833277751476,28.511862550505466,3009.7876667357405,0
3899,2.0245819323134224,60.927301097209764,29.1647530316312,3.657655736164257,30.36885158190512,3049.1706992406607,0
3900,2.0943951023931953,59.93461889005048,29.022149901682035,3.2472071914870475,27.54231942504266,3051.173092908793,0
3901,2.1642082724729685,58.3004799596488,28.85338830785491,3.6099947913254353,30.312084301928465,3055.137549610276,0
3902,2.234021442552742,53.1770125663904,29.003409054935002,3.701139318233858,28.312758372345655,3016.6162645198037,0
3903,2.303834612632515,53.094927626633506,28.881872011836087,3.4959689489944337,27.238114940279505,3003.607545493196,0
3904,2.3736477827122884,48.83228576637728,28.739222165428988,3.450736714538676,27.090574728229242,3051.29009048059,0
3905,2.443460952792061,52.59491922425976,28.77764499469546,3.185667217645382,29.480127288261762,2955.597549513896,0
3906,2.5132741228718345,44.0580234571379,28.68591274486036,3.636723503310187,27.8165519226607,2982.366202938586,0
3907,2.5830872929516078,42.27460656218949,28.61284990680222,3.5417496735627823,26.776820639644733,3068.4339232146913,0
3908,2.6529004630313806,39.56531904310284,28.50147690285645,3.3155632170579827,26.849077603585645,2957.0157790763406,0
3909,2.722713633111154,36.0581582233267,28.292341690856915,3.43483200062472,27.11415267205643,2998.621674688089,0
3910,2.792526803190927,37.419797314289916,28.421638984375033,3.5309006498255546,26.497004786472765,3025.253224228309,0
3911,2.8623399732707,36.03735286339023,28.210357670922185,3.388272842189466,26.493206976131667,3003.3079422129927,0
3912,2.9321531433504737,28.642402407830243,28.0964446988347,3.5005354255019783,27.327340404869556,3045.9767002647886,0
3913,3.0019663134302466,24.282154822936345,28.130902744536687,3.15001347055931,24.67899760058426,3061.027126753676,0
3914,3.07177948351002,19.783653070396618,28.193811750118776,3.769884339370391,25.752552744360013,3019.1865728111666,0
3915,3.141592653589793,19.633836922216855,28.027842026153646,3.503181856993257,24.818235147879516,3055.602509030297,0
3916,3.211405823669566,16.38641054677222,27.83662090025341,1.780129298701938,24.10300742606022,2962.852981421447,0
3917,3.2812189937493397,12.760266267256835,27.747290370167743,1.5080582303224634,24.97348282862521,2993.698430611228,0
3918,3.3510321638291125,10.976036794165184,27.845877960347003,2.2058269882066783,22.549795088500666,3096.207647197081,0
3919,3.420845333908886,8.189078702458275,27.309724807602514,2.1116183105447286,21.420606530146877,3077.717216846856,0
3920,3.490658503988659,5.093718437251762,27.70918057638912,2.0421371426938104,23.08179677527868,2948.922431307097,0
3921,3.560471674068432,1.2226637536362774,27.23081366206949,2.172729600252921,22.375648435049143,2999.489503659648,0
3922,3.6302848441482056,-2.7786530697264826,27.224322938408484,2.1721796792593424,20.985567610384173,3005.442985060936,0
3923,3.7000980142279785,-2.8476172437841427,27.286957008230672,2.0388876140107066,20.280726061619333,3016.6610281900294,0
3924,3.7699111843077517,-6.4315657140289915,27.62017631868866,1.9491571565484367,22.776706626454775,3050.9617064683666,0
3925,3.839724354387525,-7.59290614864229,27.480267772378294,1.9165716802769484,21.189384313229567,3073.566363317511,0
3926,3.9095375244672983,-10.074513346446535,27.272383118818773,2.08418840478104,20.42721537144222,3001.496647023803,0
3927,3.979350694547071,-15.574160250053405,27.161707566171444,2.27940627497587,21.767960096480316,3044.8794318652162,0
3928,4.049163864626845,-17.6118172234889,26.775045550470065,1.9794193657368058,20.43936602520352,3025.9278433242475,0
3929,4.118977034706617,-18.440001843087657,27.028668637366053,2.2952954811833446,20.658676069055456,2999.1547688795495,0
3930,4.1887902047863905,-20.555541282735728,26.878386287674676,2.0746304946904823,17.93426071822764,2932.073673025411,0
3931,4.258603374866164,-19.312854419498358,26.798946744397593,2.0761381937033323,17.554487976269403,3040.738944801562,0
3932,4.328416544945937,-21.19630894152355,26.910599838016054,2.4810218934647947,18.6891537003668,3024.2077484887473,0
3933,4.39822971502571,-21.14876724260394,26.78806567902881,2.3305356432436866,18.212719523835997,3015.583569204534,0
3934,4.468042885105484,-23.068577456303466,26.966040060364133,2.3357218488776432,18.58654318357661,2960.7493637994157,0
3935,4.537856055185257,-24.003374512739306,26.52783748124345,1.8404772683266284,16.00937646123578,3078.3654909309057,0
3936,4.60766922526503,-22.953890621056047,26.817825438909967,2.438436500431258,17.62690918482655,3006.0988752979547,0
3937,4.677482395344803,-24.267996206256733,26.668866424049977,1.9835566411760086,17.62951739292697,2954.344976980685,0
3938,4.747295565424577,-24.870435770702727,26.73928563323973,1.9545017640492988,17.3862596195965,2947.907184807824,0
3939,4.817108735504349,-22.532805740676274,26.85226768847996,1.568150317317352,16.137312369464446,3027.098896018556,0
3940,4.886921905584122,-24.14357756082018,26.65063451699384,2.0652581649107646,16.729883245495497,3028.289989589611,0
3941,4.956735075663896,-24.11981858979673,26.860279949365676,1.783329208379472,15.574485460300181,2981.479593734134,0
3942,5.026548245743669,-24.054278121448387,26.826881449664427,2.0816507657093983,15.868955616288924,3018.505006453212,0
3943,5.096361415823442,-20.66873526693732,26.78829134474332,1.7676869733524616,15.205992827078326,3026.7042537015072,0
3944,5.1661745859032155,-18.590156270698813,26.85086127153936,2.359539967558961,15.399473587003401,3005.5970088398767,0
3945,5.235987755982989,-19.047024272449885,26.937586731780634,2.1103147925753456,15.808900766392343,2971.9463551622252,0
3946,5.305800926062761,-15.344817329307133,26.88997943604947,2.4559743151499154,15.633408947351661,3038.454237966692,0
3947,5.375614096142535,-18.41550646025984,27.055451266970778,1.7953951937014974,15.472716863436215,3033.5052524196476,0
3948,5.445427266222308,-13.524697208694631,27.066499716177216,2.309835848941595,15.122506911368356,3022.7072016019742,0
3949,5.515240436302081,-11.319769038811547,27.07471757488916,1.6394575165934346,17.841936969150435,2966.650724928881,0
3950,5.585053606381854,-10.015933994505303,27.4671312034616,2.041615095294859,16.011386843437542,2946.758700259828,0
3951,5.654866776461628,-2.8745447961884913,27.356943685633276,1.8736753760116098,16.84181148392676,3003.060956416231,0
3952,5.7246799465414,-3.9456558395274013,27.306690048026713,1.9104086929499287,15.36307951042711,3037.1828450645785,0
3953,5.794493116621174,-1.737816482771736,27.458513189280637,1.8967007164182341,18.074273213907563,3041.614915238476,0
3954,5.8643062867009474,1.7357942317392516,27.357893007793013,1.817056762929734,17.36419647050021,3023.3752733639976,0
3955,5.934119456780721,1.604872942556168,27.52406008699241,1.7480623386698615,17.140919039016705,2981.981832875462,0
3956,6.003932626860493,6.456517100217638,27.621223555453863,1.911514638613706,17.43539948435651,2967.831704000233,0
3957,6.073745796940266,12.118833867368913,27.563486884532207,2.0232056794573743,18.78707619866671,2999.3253268001313,0
3958,6.14355896702004,12.793792424397873,27.891095386047084,2.232738871325204,16.05614952476977,2999.7046403483323,0
3959,6.213372137099814,15.617645937313979,27.840450326115125,2.059070079324211,18.103796846883856,3044.2918117279473,0
3960,0.0,21.9642884547716,27.94667999988289,2.233308040258877,19.02817969829383,2980.811424147155,0
3961,0.06981317007977318,25.14942291991338,27.998399789624447,3.20436462560858,19.3932674321078,2984.134028935027,0
3962,0.13962634015954636,27.03827525144466,28.610871309748543,3.4134061188582514,21.888506076549476,3082.1996440109106,0
3963,0.20943951023931953,28.673350085741166,28.150101756455207,3.642200983827285,20.010989627393062,3062.048889455475,0
3964,0.2792526803190927,32.04447441409047,28.020463283897524,3.5686381511582717,21.47842837698384,2964.688782353436,0
3965,0.3490658503988659,34.18468150729265,28.170434376346975,3.3277649770681643,22.547155385759805,3058.750075957881,0
3966,0.41887902047863906,36.81098925986804,28.60197936509528,3.6868137784331805,22.050299041683285,2955.1247301372437,0
3967,0.4886921905584123,39.55959559290243,28.76383377909554,3.393745363609504,21.39310173220679,2982.6376513676164,0
3968,0.5585053606381855,42.919285280316416,28.533633538373916,3.344527287721256,21.323241872643088,2987.1902600872063,0
3969,0.6283185307179586,44.89825486713417,28.89718475319629,3.5973895520993615,23.364136301851634,2996.896335090081,0
3970,0.6981317007977318,46.579884758079544,28.882583631600227,3.5012338730668473,24.497047744063337,3024.790253487905,0
3971,0.767944870877505,51.58873067528573,28.805168024902883,3.395417532994278,24.0252716834385,3004.258932731437,0
3972,0.8377580409572781,53.79341051782289,28.852706848007294,3.388626294950579,24.97499435383616,3024.5890941754146,0
3973,0.9075712110370514,58.01167304994497,28.972743438290415,3.28604064003866,26.4518416074394,2983.92636549759,0
3974,0.9773843811168246,56.304183212444826,29.126463460389097,3.420850350788227,25.426644774889205,3014.96890495761,0
3975,1.0471975511965976,59.415294054734645,29.09882466938058,3.720001887097487,24.24126984664401,3003.1586735391293,0
3976,1.117010721276371,60.91480095237472,28.977031610289195,3.548910092597633,25.512446564034413,2944.466797022569,0
3977,1.1868238913561442,61.34251711381714,29.0864895684262,3.6917188161554693,26.900678642542935,3019.3204083476426,0
3978,1.2566370614359172,63.914043616406424,29.438457337762472,3.60321370753494,25.91985601788223,3003.8422147394513,0
3979,1.3264502315156903,64.82615146269592,29.202036941125623,3.377550758605636,27.617750920801658,2971.443616752146,0
3980,1.3962634015954636,64.80746552834567,29.312168117647044,3.1701717450431515,26.632442920123378,2983.0063148628233,0
3981,1.4660765716752369,64.3700257340006,29.274409022529316,3.314629127059241,27.203446684708236,2983.9871702090304,0
3982,1.53588974175501,64.4362920530275,29.240272654022572,3.365752837780496,26.881304681534186,2990.2032610230067,0
3983,1.605702911834783,62.92095636766372,29.215573827425175,3.350283425941668,27.49030710610947,3070.358324825283,0
3984,1.6755160819145563,63.544608623645765,29.328034868240675,3.696203985371944,27.70729006778517,3083.6101775592956,0
3985,1.7453292519943295,63.38333759969683,29.289565638911252,3.6941176933699404,26.398175350647996,2890.958452666209,0
3986,1.8151424220741028,61.97735003877569,29.203938893232927,3.942375928055329,27.451714232062677,3019.526975872955,0
3987,1.8849555921538759,63.45742918331341,29.037203440722,3.3472557657615227,26.910121048750618,3038.1980547403678,0
3988,1.9547687622336491,63.51821525898595,29.170454446312416,3.819489661212883,27.63397121557264,2991.3569288795015,0
3989,2.0245819323134224,59.08363843496878,29.06850166508879,3.818253441132826,27.357462813793436,3037.1236033912724,0
3990,2.0943951023931953,59.39630532391669,28.992992097839565,3.453547248392227,28.807786311892823,3066.1667075485097,0
3991,2.1642082724729685,55.755524055682315,29.39666148331096,3.594711079388047,28.79256160420645,2945.1263203926364,0
3992,2.234021442552742,55.003100655893746,28.71475520817189,3.748146649828242,28.368485305586056,3005.3504754489995,0
3993,2.303834612632515,52.406022777716075,29.035550719431495,3.4882150754675476,26.8236960619172,3078.2698870845225,0
3994,2.3736477827122884,52.162470143564526,28.70418940291272,3.4727216445570717,27.64843183984594,2950.489387960071,0
3995,2.443460952792061,47.90726017513101,28.791024455025354,3.37453251577651,26.51040895255895,2995.3907063551383,0
3996,2.5132741228718345,47.967826973721266,29.090630430614496,3.027992296267394,27.304326266137345,2982.0641089562364,0
3997,2.5830872929516078,43.477785730000925,28.491547767856236,3.5140943232976958,27.747679858360822,3042.0757096031866,0
3998,2.6529004630313806,40.15181476097285,28.45478497711898,3.3580261345093145,27.805529550752052,3047.649837887852,0
3999,2.722713633111154,36.42319104489327,28.485456911118224,3.2849302752766345,27.147807873776504,3006.493094325742,0
4000,2.792526803190927,35.77071321509812,28.283341628346097,3.584438330028863,27.510758577854425,3001.2883718764074,0
4001,2.8623399732707,33.74650861510426,28.463373279621443,3.2097375518357802,26.424292768662298,2931.2340861791477,0
4002,2.9321531433504737,29.76600797160448,28.169314613571817,3.6612159782561235,25.721603469937897,3056.920100845784,0
4003,3.0019663134302466,29.621037042824597,28.26510916717448,3.5967198630521042,26.28030253999393,2985.873347385724,0
4004,3.07177948351002,25.283722497191278,27.88432939872294,3.4199613576605494,25.962029362290224,2994.3069976617458,0
4005,3.141592653589793,19.538708352924484,27.728975274676866,3.487337949431108,24.45721587296625,3038.8639921047825,0
4006,3.211405823669566,16.383917530803778,27.881944484664093,1.7619557811691515,24.80542950976325,3007.9039870192914,0
4007,3.2812189937493397,14.44175553602508,27.597716103142282,2.1500677206730754,23.880292794923957,3040.1536780164597,0
4008,3.3510321638291125,9.386945142562315,27.978246307933507,2.037472848210253,22.11205975448811,3024.136405438619,0
4009,3.420845333908886,9.345751448033775,27.43976464944535,2.0523699909179087,23.665838410356145,3008.1514824334295,0
4010,3.490658503988659,5.1514943331102865,27.433922824858595,2.100378075934626,21.866552618036547,3012.417709138809,0
4011,3.560471674068432,2.0815394278768076,27.573959011130235,1.8715169172216553,22.748771594414468,2955.0890901369435,0
4012,3.6302848441482056,-0.09578982370886502,27.348679532147628,1.696188345015813,20.839600369039175,2994.040794820026,0
4013,3.7000980142279785,-1.2621220654406282,27.136338687440013,2.191463674982526,21.073434396950766,3043.361881997214,0
4014,3.7699111843077517,-6.193903324880029,27.600652321259826,2.1377436827224816,20.885320882931182,2964.0543979043205,0
4015,3.839724354387525,-9.09500299220134,27.078409797902218,1.8929282393458131,21.7803522511109,2971.3889568520754,0
4016,3.9095375244672983,-8.996547235671015,27.136971284324723,2.081822039826008,19.984686744996054,2964.8150285048373,0
4017,3.979350694547071,-11.990191522496028,27.076847331411223,2.25159468774359,19.151787406425797,3006.135223876242,0
4018,4.049163864626845,-15.941953672878077,27.160933468466922,2.227740160616788,19.91319209634594,3075.4980705486855,1
4019,4.118977034706617,-17.298911091988334,27.07450778203461,1.887088232713601,19.06967578163621,2974.4261735952646,1
4020,4.1887902047863905,-18.678071796391528,26.836749359799022,1.7022477909131497,19.51067230924033,2951.0091002462536,1
4021,4.258603374866164,-19.903012666555036,26.872573061824504,1.7365569720806493,17.718898089037523,3019.7103715616327,1
4022,4.328416544945937,-23.7581732319141,26.853341009488584,1.9376547974089777,18.364176617985805,2928.75150474325,1
4023,4.39822971502571,-25.111270144984246,26.9710761051756,2.2924634266574317,19.856773586741113,3074.1264538060313,1
4024,4.468042885105484,-24.994392715423523,26.660396841240015,1.8543109175717263,17.395390387821237,3073.2228473137075,1
4025,4.537856055185257,-25.763456550066373,27.120947279898715,1.880734429398129,17.46339188924641,2919.916161556193,1
4026,4.60766922526503,-25.719221312531058,26.692696217439153,1.8766177803763364,15.735199045619137,2961.0589089425243,1
4027,4.677482395344803,-24.0205212527243,26.799418598063596,1.8936538407422665,16.15571905579701,2827.7928375610654,1
4028,4.747295565424577,-25.225980950346415,26.6267325916231,1.9977546311826746,17.005098527781605,2795.9083917504463,1
4029,4.817108735504349,-24.45889338405702,26.611849873811977,1.7439899650896489,16.19874968042869,2933.4478533471383,1
4030,4.886921905584122,-26.15280400061276,26.687066435023706,2.21687199126539,16.80653747669926,3063.4326928939486,1
4031,4.956735075663896,-24.355770986801264,26.690066645819165,1.9710357843980706,16.534962082509736,2945.942096771805,1
4032,5.026548245743669,-21.916656740664653,26.79659362682259,2.495826914945067,15.04888893306442,3264.0487810696395,1
4033,5.096361415823442,-20.830844768240233,26.740534620205295,1.765285800289997,16.852586924616528,2989.906261133866,1
4034,5.1661745859032155,-21.532592825744377,27.02578000763513,2.317973234364982,15.012258215736482,2939.7062613389103,1
4035,5.235987755982989,-18.72864959073041,26.843321931160915,2.2782690795972975,15.389733104449697,2918.5507307022763,1
4036,5.305800926062761,-14.008418984753394,26.871082588916163,1.9176631982308703,16.20974627788933,3157.0762898282183,1
4037,5.375614096142535,-15.486880806185937,26.995441766054345,1.9209878772976265,17.33336842428599,2847.3585116274016,1
4038,5.445427266222308,-14.481297565696428,27.25715204123157,1.8157404367740206,15.35908347140894,2940.585084995977,1
4039,5.515240436302081,-11.520270254698133,27.198641381490763,1.818035714952089,16.391207901118868,2918.6041067410306,1
4040,5.585053606381854,-8.787176774604033,27.213701438893033,1.9998788100450284,16.536653573081225,2900.92237748668,1
4041,5.654866776461628,-6.677088924197125,27.07970098175373,2.0041391968492723,17.103727007319726,3057.6046715633797,1
4042,5.7246799465414,-3.893398941509012,27.1926906139406,1.679528946611767,17.71748151516586,3015.4670312971084,1
4043,5.794493116621174,-3.2913905207703453,27.244872633650985,2.458701064665173,16.664893696378478,3021.70622329125,0
4044,5.8643062867009474,0.2529053489600672,27.70794371185989,1.9480966285673875,18.039947343121092,2941.2527526653284,0
4045,5.934119456780721,4.385090694737666,27.669160296478946,2.0131224554434377,18.56027604841791,3024.405135034276,0
4046,6.003932626860493,7.348417033201355,27.539992096680972,1.8747525133173115,19.210679683984928,3004.6189356812943,0
4047,6.073745796940266,9.794690000910805,27.665850224444842,1.9465980921816333,18.493086952231163,2985.069850449056,0
4048,6.14355896702004,13.47169007768238,27.70919875241232,1.9284243777511583,18.544575396047705,3054.4889699093806,0
4049,6.213372137099814,16.952480964635694,27.783413049049944,1.999413914834948,18.383483938959223,2993.946573219611,0
4050,0.0,21.334120184786787,28.069045154682428,1.9970820179143771,17.956257382655096,2978.8220433220104,0
4051,0.06981317007977318,22.99022371564656,28.040577335375303,3.6609732697082142,19.275393470966012,3044.962246717079,0
4052,0.13962634015954636,26.861444351150325,28.4791828827967,3.5454439874197554,19.974126694587948,2983.7962923888877,0
4053,0.20943951023931953,28.543625634648286,28.43704800265886,3.6408566040799006,20.193470561805242,2976.8202711750923,0
4054,0.2792526803190927,33.26182459716268,28.527186878050408,3.4980378356389132,21.164421177586377,2954.9138359106473,0
4055,0.3490658503988659,35.95450189607362,28.51112771823302,3.5462505110211784,19.934491017005822,2967.1929591435064,0
4056,0.41887902047863906,39.60187444318073,28.424685111114883,3.451738863463346,21.368228356820698,2970.6244263766935,0
4057,0.4886921905584123,42.196411019031814,28.653034508022508,3.70062234686753,23.52797019653611,3024.841900892618,0
4058,0.5585053606381855,44.72947032481594,28.583578212900548,3.564524485903185,23.147310949034424,2959.237107785921,0
4059,0.6283185307179586,46.30271024017462,28.949883710360222,3.46838502909742,23.260752179050446,2925.686444963927,0
4060,0.6981317007977318,49.29285127646097,28.831987039081334,3.4624179730897358,23.493573465156167,3012.1291920224594,0
4061,0.767944870877505,52.854890063332164,28.872944098341247,3.478152131750601,23.296155721096273,2974.641948313428,0
4062,0.8377580409572781,52.463405292378546,28.9108346899373,3.5060887847354065,22.584979629281868,2999.349323284951,0
4063,0.9075712110370514,54.5178722442572,29.206652868432194,3.488727779756216,24.74398684157853,3051.296639030649,0
4064,0.9773843811168246,57.57883786190242,28.77978253699053,3.388231668957728,22.798002694344977,3002.8617898463467,0
4065,1.0471975511965976,59.59406270569792,29.31497365869164,3.6529801110536524,24.86133144918892,3060.3848446169136,0
4066,1.117010721276371,59.20957233456651,29.05062978444088,3.665615198509634,25.468670600028982,2997.27412515872,0
4067,1.1868238913561442,61.611129610385476,28.901698279107798,3.8567713675801496,25.446754139400404,3040.2782592542603,0
4068,1.2566370614359172,62.65654507193873,29.028436359807724,3.3792740578710476,27.855986298748824,2978.102910716514,0
4069,1.3264502315156903,60.34038750901463,28.91673378212266,3.633287745030421,27.87266067303134,3004.307626015423,0
4070,1.3962634015954636,63.98695790166122,29.279817815452496,3.1181725367434634,27.512241825455504,2962.681279895182,0
4071,1.4660765716752369,64.51750854229961,29.03768233188995,3.6658086130043777,26.195707335092866,2967.432035709944,0
4072,1.53588974175501,64.73214780162478,29.22456914235362,3.208683576998563,28.69902977538163,2991.0133428151003,0
4073,1.605702911834783,67.09645862772521,29.369401546947792,3.303133779285543,27.85785334491157,2946.858637817455,0
4074,1.6755160819145563,62.92978784380899,29.09262373515701,3.5664450658031637,26.78374839776713,3006.3743988695546,0
4075,1.7453292519943295,63.07941502874244,29.141553749660993,3.3757001929155375,27.711182420818364,2987.889600712218,0
4076,1.8151424220741028,59.74501398494084,28.96884988004379,3.3483292979994177,28.571848748958043,3009.383197244678,0
4077,1.8849555921538759,62.076168234020706,29.083014253211505,3.4030367955003307,27.417584445719523,2947.4723606189796,0
4078,1.9547687622336491,61.12980812431643,29.49872416927115,3.645925198383705,28.07208414522156,3028.069292426044,0
4079,2.0245819323134224,59.680766318961126,29.195242830175566,3.3134219207164515,28.246774931269723,3067.904546618856,0
4080,2.0943951023931953,60.63265917952538,28.999520921707287,3.489169027155493,27.117646009672363,3059.461323970237,0
4081,2.1642082724729685,58.59761704848232,28.903091881638794,3.424268743092133,27.75776737633172,3076.1562611813956,0
4082,2.234021442552742,55.57726899870345,28.9392178949796,3.663978154265803,27.09987992208472,3001.6972397833256,0
4083,2.303834612632515,52.88559756617295,28.91128140340192,3.6695843508165686,28.53274985945444,2985.906885866536,0
4084,2.3736477827122884,52.79891117281517,28.770729588478932,3.1329436405127775,27.000495321155004,3019.5033415948014,0
4085,2.443460952792061,48.895805646140495,28.850854010989515,3.709021883752863,27.82160576528816,2990.471209233496,0
4086,2.5132741228718345,45.22293129478361,28.562325179241906,3.377848818708238,26.310036320183343,2930.3825140356676,0
4087,2.5830872929516078,41.271993874267395,28.492144965832207,3.547258439719335,26.322993418064357,3032.771980548906,0
4088,2.6529004630313806,40.46424858452157,28.618895193900602,3.3122182519233405,26.066341125083422,2990.623924816974,0
4089,2.722713633111154,39.435114364169934,28.312787708656302,3.574226920541957,26.537871926785204,2941.305888970206,0
4090,2.792526803190927,38.80571448396973,28.51977675992018,4.01026979072422,26.648286622619562,2979.6687093897763,0
4091,2.8623399732707,32.496096531049204,28.32862273512086,3.5254331122570064,26.508291895265636,2991.5335938999856,0
4092,2.9321531433504737,28.20799281411871,27.97530764617373,3.4080304564707284,24.4906635821779,3000.4733007294894,0
4093,3.0019663134302466,24.48534173077664,28.18343258998622,3.453567753064892,25.446462625010668,3000.953799891101,0
4094,3.07177948351002,23.966973662944046,27.8309357748046,3.206194008552396,24.636390794380805,3054.760789803781,0
4095,3.141592653589793,17.353075921423603,28.10400430144835,3.7897926572328915,25.303896025841425,2948.458380434704,0
4096,3.211405823669566,17.686476333621716,27.87898508211946,2.062576621519322,24.288134638043783,2993.9142330839954,0
4097,3.2812189937493397,14.96377786619142,28.110654911323945,1.7902204187404307,24.051078689898468,2964.841446296917,0
4098,3.3510321638291125,11.298393093050137,27.91120289767458,1.7967363419742495,23.12297644544599,3050.246730049734,0
4099,3.420845333908886,7.26682648032721,27.510131297084826,2.0030564758297653,24.69347138433789,2977.5418357437748,0
4100,3.490658503988659,5.456504530665132,27.286464848432985,2.1863990786676974,21.875306824882397,2986.246806499424,0
4101,3.560471674068432,1.9532586182814582,27.398650839790335,1.7698020182526057,22.16640503463634,3041.987814614455,0
4102,3.6302848441482056,-2.2934060881559772,27.253445334232374,2.222681868373434,22.153924173386514,3052.990992897755,0
4103,3.7000980142279785,-1.0707484069316782,27.63795759595172,1.9816732896086193,21.448079688795175,3058.904941515218,0
4104,3.7699111843077517,-6.977855422577061,27.29311049835701,1.8139513229985806,20.621051138154233,2934.2754761736637,0
4105,3.839724354387525,-7.761813985219401,27.36866768900363,1.9064619146854045,19.369625605732697,3019.3165641075216,0
4106,3.9095375244672983,-14.887548094698454,27.123655318566616,2.349710775425942,19.85829163227139,3010.8046777868676,0
4107,3.979350694547071,-11.526810822311337,27.081276086185028,1.7223573326909325,19.244256296111804,2997.9509541781313,0
4108,4.049163864626845,-13.25733829532062,27.049493042295598,1.8536214088107708,20.965095704921495,3002.662724443961,0
4109,4.118977034706617,-17.261940084286906,27.171135810722816,2.190516716926984,21.055011395501737,3051.4309575583347,0
4110,4.1887902047863905,-18.132986618193087,27.007513228809863,2.043291408690727,18.837590518324376,3041.543569081785,0
4111,4.258603374866164,-19.607959311051165,26.762847067919502,1.8417518363483896,17.404596816129853,3035.87652906624,0
4112,4.328416544945937,-22.687448809966515,27.13075649523282,2.1929586472729645,18.785928796843884,3008.2765679392983,0
4113,4.39822971502571,-21.976859775122897,26.81480985559787,2.2024591466338364,17.096258956305046,3090.823631136656,0
4114,4.468042885105484,-24.876253387228672,26.76731710988731,2.0662781337036162,17.147476712172978,2983.975086240481,0
4115,4.537856055185257,-25.22948427101735,26.393804901047993,1.877520682483297,16.810927912539277,2935.361543323023,0
4116,4.60766922526503,-23.063070576753855,26.90173366423227,1.9083390760331285,16.663626723886065,2989.390239405856,0
4117,4.677482395344803,-23.510600679809002,26.81588290352637,2.05693521305968,16.554326284998133,3002.309509794227,0
4118,4.747295565424577,-26.032150469032995,26.81571985606737,1.7376141877573241,15.586520406683977,3052.1273639087144,0
4119,4.817108735504349,-25.853849806823863,26.74615002489145,2.2655569762266223,15.901056945102658,2979.5608774593547,0
4120,4.886921905584122,-25.284743789235876,26.731948020365433,2.340041817735168,17.130946506509382,3019.649202961163,0
4121,4.956735075663896,-22.56434833272161,26.780208064444242,1.9528090300319458,16.168165581573138,2940.910229024837,0
4122,5.026548245743669,-24.297520404497508,26.92820631111491,2.0712208984861613,16.203563554957647,3043.256716117228,0
4123,5.096361415823442,-21.188204496951506,26.983247040474858,2.2371604085698653,14.254543394235634,3002.7327765782366,0
4124,5.1661745859032155,-19.325461867511073,26.88679240618481,2.391112167713538,16.764633097293476,2988.7777571396987,0
4125,5.235987755982989,-19.103511345739392,27.103110139606187,2.31139626709814,15.453254716965144,3085.2660969635986,0
4126,5.305800926062761,-15.7915952196795,26.993308785781327,1.6528924973282415,16.925333188956113,3042.7962831844043,0
4127,5.375614096142535,-15.916949166537167,26.978753132953386,1.9368892623344962,16.203169861238884,2958.4063248582856,0
4128,5.445427266222308,-13.76230054797363,27.13798854566323,2.100137650296644,15.712541809874672,2995.624329013759,0
4129,5.515240436302081,-12.725496017352677,26.962501992675126,1.9011565406196136,14.93082866194228,3109.452781600173,0
4130,5.585053606381854,-7.399676414463975,27.263562614738042,2.356553349008073,18.151713963959413,3079.1526714616493,0
4131,5.654866776461628,-7.600117023629607,27.063330381420077,2.325875034560527,17.220436843539684,3036.918525211368,0
4132,5.7246799465414,-3.3217091639216707,27.209937838922592,1.8368139717482541,17.460716595173796,2926.118074521845,0
4133,5.794493116621174,-1.2331944260539882,27.133830413649438,1.9675199960188552,18.443216071942132,3053.2860108792024,0
4134,5.8643062867009474,0.11767646692150002,27.485648485408312,1.8500891727620725,17.40973755989382,2974.592593489269,0
4135,5.934119456780721,3.695438834609931,27.831020883355563,1.960974311178766,18.57793871446221,3052.9407173672007,0
4136,6.003932626860493,9.670627346796111,27.651673673857385,1.9549135301333234,17.400652134690205,2971.0932605778034,0
4137,6.073745796940266,10.946460227152528,27.84704377793366,2.1908515829493718,18.68161113872043,3019.553181849188,0
4138,6.14355896702004,12.223484944746772,28.18583936344478,1.822307067253233,17.914548501825834,2974.3886949432936,0
4139,6.213372137099814,17.318951112537423,27.976900608725064,1.4766500790088473,18.360064481463667,2985.468787658022,0
4140,0.0,19.780828952608182,27.885218193311797,1.679091383553036,19.201047228738204,3024.8878654443183,0
4141,0.06981317007977318,28.32011092185191,27.989572478082575,3.294339677458654,18.48383716912503,2947.244063066486,0
4142,0.13962634015954636,26.690475305216353,28.16710645238553,3.3688616822005857,20.147795883506486,3094.8967213631827,0
4143,0.20943951023931953,28.78508881619962,28.15455983219217,3.5374348801230426,20.031497835852154,2958.9111413115183,0
4144,0.2792526803190927,34.53372288844562,28.247051777008384,3.2840412188942283,19.09619827710437,2956.6739909577714,0
4145,0.3490658503988659,32.62935219871582,28.558212258379726,3.2577798819480135,20.731700127923904,3025.005350717145,0
4146,0.41887902047863906,38.44462917298265,28.642007413806795,3.314110516469578,21.237764010529826,3051.677645464903,0
4147,0.4886921905584123,44.11786306738669,28.31633200303577,3.276869199768044,22.614423761102454,2987.0518893367102,0
4148,0.5585053606381855,43.67206796395459,28.513177689394812,3.389101251140871,22.578990303427666,2957.141231303156,0
4149,0.6283185307179586,43.850384786189174,28.63574164471396,3.380542520820987,23.92577796929879,2963.104843652489,0
4150,0.6981317007977318,48.331565489278375,28.861208473548633,3.637811363394762,23.597115241638036,2958.7992171600404,0
4151,0.767944870877505,53.44140373209343,29.005051382826643,3.3020941229860754,23.145332350827776,3012.327185207947,0
4152,0.8377580409572781,54.005621540963894,28.607617778822316,3.428480674334046,27.492158170794372,2997.2005551966727,1
4153,0.9075712110370514,54.20219974803371,28.11318709567219,3.390995464016646,28.027035198502272,3017.0333043562127,1
4154,0.9773843811168246,56.278826554208344,28.096787353379423,3.6617769952075134,29.450893121344045,3014.5947771042966,1
4155,1.0471975511965976,58.13159276357502,28.21869394802982,3.4691441447964593,29.849983176620743,3032.97249153308,1
4156,1.117010721276371,60.987528909543514,27.994274696536767,3.7101393446798387,30.025679394128947,2983.602239205223,1
4157,1.1868238913561442,63.730567654913415,28.036407082755723,3.2695259647990382,31.244895844535485,2970.471810445023,1
4158,1.2566370614359172,64.37617775248066,27.95081922741397,3.490126678313036,32.29791319333812,3006.2517627347024,1
4159,1.3264502315156903,64.34732595558353,27.569790295101043,3.3848217965940135,31.794717854857762,2997.800399624005,1
4160,1.3962634015954636,62.31888174546314,27.92581418767102,3.254790780422879,33.502847918671975,3010.1180805743825,1
4161,1.4660765716752369,62.76158652058214,27.818508417758302,3.4864977918029885,32.61285057216564,2971.5314823589506,1
4162,1.53588974175501,65.77246524767995,27.969266324851404,3.8465855516470446,35.36276271975311,3025.6886915780988,1
4163,1.605702911834783,62.95438056895996,27.70628161612148,3.3294182394147733,35.47741064419497,2952.8650688455687,1
4164,1.6755160819145563,64.41513475996939,27.438279602941076,3.4745090036324466,36.910326346085974,2982.3846136241896,1
4165,1.7453292519943295,64.77257455482862,27.502996310592152,3.2375536760814896,35.23787936227424,3045.1616533306537,1
4166,1.8151424220741028,61.95691668937581,27.137510670663293,3.208154445619198,37.53447770178814,2954.747401639087,1
4167,1.8849555921538759,61.26114973174362,27.173324757554987,3.34254953413142,37.84461885198953,3042.0097218263722,1
4168,1.9547687622336491,61.582091858653705,27.348517521662,3.410003397674164,37.389759576912894,2943.6360250755356,1
4169,2.0245819323134224,61.20120751474859,27.108899178203018,3.41888339181377,37.644746090571765,2936.590965028033,1
4170,2.0943951023931953,60.56342132592037,27.171930496781265,3.454794996984155,37.459259299496644,2940.2455095989562,1
4171,2.1642082724729685,58.21727091713271,26.62101141342773,3.170333471859326,37.60282050043858,3004.6722466898213,1
4172,2.234021442552742,55.57096880479079,26.75732024640105,3.3748107576986057,38.401468960913604,3029.183830017717,1
4173,2.303834612632515,52.322225016147165,26.595399855164413,3.600351694680735,38.291981197633675,3051.703764155563,1
4174,2.3736477827122884,49.65326617688809,26.67879665897064,3.2283509854210926,40.83888374345047,3048.5148302854714,1
4175,2.443460952792061,48.159126803400554,28.872259546848838,3.4289708610309857,26.386521263367896,3034.5079433968904,0
4176,2.5132741228718345,47.06523973063215,28.801680125264213,3.5585687519876137,27.5412773573831,2966.728661925687,0
4177,2.5830872929516078,44.35130245043524,28.86711462279246,3.3435466155952662,27.57830702608549,2966.3798586416037,0
4178,2.6529004630313806,37.976367346777415,28.508152808950086,3.5683048792321697,27.29784547797833,3031.5116928607813,0
4179,2.722713633111154,37.12463339600976,28.68834609698607,3.1957747441229936,27.125762938208453,3056.852337598976,0
4180,2.792526803190927,37.19766777706433,28.25379324935884,3.6776899145864412,27.261101580602933,2958.7543648035867,0
4181,2.8623399732707,32.5225035834712,28.168633164515544,3.573160146618739,25.859749929162994,3051.7599735755643,0
4182,2.9321531433504737,27.23051271714469,28.36240601470606,3.5111330807018932,25.978492204098302,2923.1865012684298,0
4183,3.0019663134302466,29.796521315600188,27.941296610390758,3.724963605261168,25.346524921861818,3015.597003757413,0
4184,3.07177948351002,23.0956287200135,28.169622612755795,3.434130188152677,26.278868955149033,2995.847709288965,0
4185,3.141592653589793,20.57650093897012,28.0151969790582,3.3764287775076176,26.55644597040512,2991.8324102065208,0
4186,3.211405823669566,17.460245815582084,28.077070140805283,2.274508856819449,23.547096694778094,3001.2508452279876,0
4187,3.2812189937493397,13.185817257556772,27.824075684104688,2.3681531604469592,22.490862820309797,2965.8507925103427,0
4188,3.3510321638291125,9.55261339046875,27.75891331296302,1.8613124587764474,24.17424085146365,3017.843124062216,0
4189,3.420845333908886,10.778831465833957,27.74562492195834,1.977251352578437,24.170051524054056,3002.42673923171,0
4190,3.490658503988659,6.113902354771536,27.490178395500234,2.209008508652291,24.467752214067723,3037.4124592934654,0
4191,3.560471674068432,2.929756863252023,27.40598508218551,1.9843709996378456,23.076504507920784,3063.615615866485,0
4192,3.6302848441482056,-0.2617865377877735,27.50779854063344,2.1189177017475966,23.184470177717905,3005.0766765083254,0
4193,3.7000980142279785,-5.351342976036744,27.35970371155056,2.1560807194976763,22.977216644868406,2967.2512653584618,0
4194,3.7699111843077517,-4.534041065550877,27.23356060965339,1.8875390848886913,22.404022141624424,2954.484034907171,0
4195,3.839724354387525,-10.19014142291189,27.216237253421504,2.083854932680052,21.523900842992344,3067.930072726393,0
4196,3.9095375244672983,-10.834696473428913,27.405593881624952,1.9987614610980127,19.385731142629975,3062.8149196253808,0
4197,3.979350694547071,-15.900602004679584,27.041773448416144,1.7566262813212474,20.00507468464208,3035.494864419326,0
4198,4.049163864626845,-18.521772188273772,26.983584153679633,1.8020694707143199,19.8617469259984,3002.394156085063,0
4199,4.118977034706617,-16.829253960997193,26.749038279234576,1.8695166151207263,19.163406946068395,3032.6066224119386,0
4200,4.1887902047863905,-20.184792071092087,26.954416574735106,2.185703970160521,18.84773909444181,3052.178615242386,0
4201,4.258603374866164,-23.42948344040842,27.019979671127057,2.1922716324626657,19.782184499319477,2975.281720915221,0
4202,4.328416544945937,-20.912359201084815,27.012809091871986,2.1499825836643236,17.590028165323293,3001.1918120898117,0
4203,4.39822971502571,-19.617422076705722,26.874964820690398,2.0880221406531234,18.52036203965269,2955.7505785230355,0
4204,4.468042885105484,-21.57896729454975,26.97902016443094,2.082565261431288,17.839966854952095,2994.837534974905,0
4205,4.537856055185257,-24.70232571344787,26.927915256667387,2.055512089910966,16.627981650095244,3061.770941860098,0
4206,4.60766922526503,-24.740217331526885,26.97351626001191,2.0815194110843267,16.20275005344637,3043.1419115369763,0
4207,4.677482395344803,-23.641027830683438,26.94837640589872,2.0950725167328406,15.477050427406603,3005.400272056398,0
4208,4.747295565424577,-23.289395186106947,27.036227736993172,1.7191155668545237,17.025783590106407,2892.270675333548,0
4209,4.817108735504349,-25.26878886981085,26.781119750573133,1.8419505708111523,16.412072023709634,2973.7682945825095,0
4210,4.886921905584122,-24.265082311962505,26.619171990031123,1.7942156751035914,15.654369164237215,3004.096238594644,0
4211,4.956735075663896,-23.212385472273045,26.935202940021618,2.221429001530802,14.694127034323618,2991.3634632127273,0
4212,5.026548245743669,-21.966728752863666,26.975815158844235,2.3308200207167227,16.449481203245742,3001.3109032515326,0
4213,5.096361415823442,-21.922888118522334,27.122878683527027,1.566190415917565,15.90136006363642,3009.703596849723,0
4214,5.1661745859032155,-20.62585995106563,27.113640697866455,2.312962922374332,15.435451392993858,2978.65276963628,0
4215,5.235987755982989,-16.901394675668158,27.252590383838356,2.0173442747063057,15.230438689374976,2999.698762007552,0
4216,5.305800926062761,-15.492409711312563,27.09813300998293,2.2025439638317406,15.835298214723345,2994.0222645133263,0
4217,5.375614096142535,-14.744368052148346,27.08870868446273,2.101293430916979,16.455747206472132,2971.8718932939514,0
4218,5.445427266222308,-10.862853541448366,26.900478741228266,2.288079010719984,15.898198165573854,3073.8535064808,0
4219,5.515240436302081,-11.839295313994517,27.212624435626317,2.041948486671499,15.322239276546044,2980.941657762756,0
4220,5.585053606381854,-6.490982262950212,27.145779364845456,1.7273091082374166,16.36533723398856,2909.8316314915323,0
4221,5.654866776461628,-5.636563187857975,27.326384199263902,1.978865023245358,17.414276998903873,3071.3306344034395,0
4222,5.7246799465414,1.060172292827625,27.372273860866603,2.103131209221361,16.80247114841796,2966.1489606197024,0
4223,5.794493116621174,-2.914943215538803,27.50739416298445,1.9568077796931282,17.04289274141546,3035.9963339657616,0
4224,5.8643062867009474,0.6628331832629817,27.49731642187826,2.131546344430534,16.969932784688194,2972.7645428397136,0
4225,5.934119456780721,5.237290292645734,27.729828856619086,1.9868605222719111,16.784287624905126,3022.7711254237133,0
4226,6.003932626860493,8.192170067703499,27.260762026088344,1.880898136177026,17.045194407804697,2998.0741056001916,0
4227,6.073745796940266,13.569182389463334,27.779005007292366,1.7828043233376918,16.762065059052333,3040.013233492547,0
4228,6.14355896702004,12.734648431847734,28.013365745720805,1.921636923493331,19.36360653687532,2991.451830467814,0
4229,6.213372137099814,18.218336459555214,28.19679950777548,2.0409143299400654,19.133114858689396,2973.7872036971326,0
4230,0.0,21.743694507022994,28.109794200757758,1.6081216391488098,19.189436239777102,3010.2807940758485,0
4231,0.06981317007977318,24.19601306681661,28.33644022188033,3.3439847178569955,19.734222510514723,2984.7003307413192,0
4232,0.13962634015954636,24.821295030316467,28.19234812051589,3.10066159104512,20.155880022586654,2922.8330858640466,0
4233,0.20943951023931953,31.467664294680468,28.249923415370368,3.376585029204392,19.69342737154763,2975.939970814259,0
4234,0.2792526803190927,34.24766840873808,28.41017717346456,3.7394629468574445,20.42603691989987,3114.750759041018,0
4235,0.3490658503988659,36.29028322934066,28.409945029557143,3.262776723654233,20.71846269462495,2927.145084298382,0
4236,0.41887902047863906,38.60967046922444,28.37073035148836,3.640631949172266,23.522946986552544,3009.6419929208373,0
4237,0.4886921905584123,41.46538234043164,28.486079838723285,4.069765025462464,22.748316222396728,2990.284158869337,0
4238,0.5585053606381855,43.72826320213516,28.469080181168422,3.79070762625147,22.485137769292958,3073.4567958072494,0
4239,0.6283185307179586,47.411514054540255,28.784598866980755,3.5267026760782425,23.860587495784017,2955.5584674309744,0
4240,0.6981317007977318,48.972144715311735,28.77305390349892,3.6716868911592964,24.172778160744908,3004.0521374512086,0
4241,0.767944870877505,49.98683920762591,28.77954712703708,3.2260634395126417,22.484081760963203,3027.4479073544053,0
4242,0.8377580409572781,51.86862967924135,28.80677122704728,3.185317069317889,23.80995320582727,2992.828213214208,0
4243,0.9075712110370514,54.332429531824054,29.02137135625801,3.505739621815879,24.36522445180206,2969.2978778228144,0
4244,0.9773843811168246,57.63988912880106,29.11191231415756,3.5797221126936822,25.245967706562364,2999.112153323453,0
4245,1.0471975511965976,58.93070941564693,28.86965338506555,3.718880856849848,24.942581943045194,2987.620150245507,0
4246,1.117010721276371,60.76874777339564,28.885400155092658,3.386247571719737,25.392773059560547,2987.507899975591,0
4247,1.1868238913561442,62.474493155824604,29.255797118823295,3.538679096872329,25.435427425892943,3037.22849386218,0
4248,1.2566370614359172,61.856561844406585,28.934997833780894,3.531822311310595,26.958027980708724,3016.1179833309184,0
4249,1.3264502315156903,65.86179793493787,29.246477896604567,3.4737211788847064,25.258514090768845,3022.070675092572,0
4250,1.3962634015954636,63.914782644978146,29.424305683427754,3.4855050247732,26.344108621260222,3013.211847313317,0
4251,1.4660765716752369,64.10334481440005,29.4363114949509,3.329059099472088,25.461027952433884,3038.3952159832825,0
4252,1.53588974175501,65.69616657185799,29.30994988101773,3.5559414816769928,26.338185959290662,3052.170388022959,0
4253,1.605702911834783,62.2178219122967,29.305590419721234,3.539009996039016,27.616420006950133,2988.531470592145,0
4254,1.6755160819145563,63.56768361698793,29.531212391971398,3.411997646808793,27.806255557538055,3032.7787562349654,0
4255,1.7453292519943295,65.78795808358711,28.831609954180585,3.6331548532047133,27.434455538148843,2948.1524681770625,0
4256,1.8151424220741028,61.05717478882667,29.094704520119098,3.705566317686459,28.704176983037758,2909.8777612946114,0
4257,1.8849555921538759,64.47390452868164,29.268541596915675,3.6354752591950925,28.9799218280728,3073.0562013578156,0
4258,1.9547687622336491,63.98997830504414,29.06202757430385,3.291511335987855,27.90427623325935,2986.6656623906606,0
4259,2.0245819323134224,59.89154907672689,29.264519601850054,3.519929153372398,28.193940114640966,3010.098913598521,0
4260,2.0943951023931953,59.40886232143921,29.0333273754948,3.3177136874273097,27.63629381712564,2950.9913681641465,0
4261,2.1642082724729685,58.98532139225342,29.01460666611669,3.5193109492599666,28.475351831699264,2949.1462514560767,0
4262,2.234021442552742,54.76030013023721,28.904411704691174,3.318492660596017,26.965001598099555,2971.4822443373837,0
4263,2.303834612632515,54.74318042727201,28.813397146751665,3.755432667470957,29.274483294392486,3025.71590919287,0
4264,2.3736477827122884,50.25290347795886,28.751523550078648,3.6566662938039682,28.638927871799357,2979.338287975501,0
4265,2.443460952792061,48.20903899589451,28.812020076149363,3.730597861068478,26.629021718830167,2986.568382003945,0
4266,2.5132741228718345,45.251331656673834,28.589157557877538,3.7103444180390994,26.79094619449768,2970.2195568506595,0
4267,2.5830872929516078,44.36033768928643,28.778883849603538,3.445880057685267,27.566741935813265,3046.6315235724132,0
4268,2.6529004630313806,42.86317390421342,28.661349764033492,3.4148780512945147,26.74124520947307,3034.7412003633626,0
4269,2.722713633111154,38.026979540235274,28.65299643783644,3.8483447657400305,27.205211688866587,2980.634070089522,0
4270,2.792526803190927,33.48403270978649,28.241085518591852,3.4669760699655168,26.216464249030306,3027.3646506156147,0
4271,2.8623399732707,30.779620778334763,28.075843344962433,3.2290838715056003,27.436337065608377,2990.190519916839,0
4272,2.9321531433504737,29.94792521885498,28.248866165636546,3.701493346733165,25.915097281707176,2986.4980301849578,0
4273,3.0019663134302466,29.028964163294365,28.601827813186006,3.5287551336527443,27.5178182370414,2998.011569012054,0
4274,3.07177948351002,23.729628817457247,28.273639085207137,3.8011888247957963,25.71898871983915,3025.729358595015,0
4275,3.141592653589793,19.419655174023127,27.916833053723995,3.5485939355961698,23.797029761026714,2964.3120194042403,0
4276,3.211405823669566,18.01023463178981,27.979969051671752,1.9959997025306573,26.17144096968579,3020.0957847020263,0
4277,3.2812189937493397,13.377962503416931,27.942130314964473,2.305224161754938,24.99468665828967,3099.9128389253424,0
4278,3.3510321638291125,10.076546087154533,27.54524773490876,1.6923067309926025,24.02305369631322,3007.324847214208,0
4279,3.420845333908886,6.1586303296921505,27.87467905337479,1.8829275390793985,23.831059981624232,3001.428723677726,0
4280,3.490658503988659,6.721766816714444,27.564462208986058,1.8225274056289584,21.950932951775208,2996.6332931762463,0
4281,3.560471674068432,-2.1119608146544873,27.498313901617863,1.560984044285343,21.04269133867845,3019.128466466757,0
4282,3.6302848441482056,0.07056847505381425,27.440201823572007,2.174635285603321,22.034445644767054,2935.5838454037535,0
4283,3.7000980142279785,-4.541984297190522,27.53577790381634,1.8885163172034123,22.752184329886692,3068.0433722487273,0
4284,3.7699111843077517,-7.065847450338706,27.18138037351882,2.181073608329315,21.548766998934614,3039.2474781721608,0
4285,3.839724354387525,-6.386969701717547,26.972609367658485,2.077817298246921,22.18630963278914,2974.2193651401194,0
4286,3.9095375244672983,-12.330823308954958,27.21485324938421,2.1214284933255367,21.468475419538546,3001.261889204828,0
4287,3.979350694547071,-14.461620877525347,26.801677496501156,1.9089201038318704,20.028251134741126,2977.7060720067293,0
4288,4.049163864626845,-15.65607527068179,27.009221556401602,1.8471503712029902,20.568721567812847,3011.9694009556806,0
4289,4.118977034706617,-16.685919686258508,27.183186056412772,2.017952175043944,20.461330961307077,3002.4540345395344,0
4290,4.1887902047863905,-19.63392684373903,27.047633600984984,2.183833636661634,18.814078283854556,3009.145342239397,0
4291,4.258603374866164,-22.80652047926634,27.07780055429979,1.9899235989032515,18.357381599933294,2958.8671379791317,0
4292,4.328416544945937,-23.021820726828075,26.98043207930028,1.8596127354735414,18.30785390214058,2980.738259759776,0
4293,4.39822971502571,-20.87554244858513,27.220282353763327,1.7601963817203283,15.951593887179111,3045.842316516007,0
4294,4.468042885105484,-23.551142498716573,26.747409184320283,2.040832603064765,17.811159076309384,2978.6483456400974,0
4295,4.537856055185257,-23.639717959993625,26.8779504479366,1.8891864930142925,17.89035794795376,2894.2602186060344,0
4296,4.60766922526503,-25.14561710233186,26.740855654876174,1.985651882522052,17.179640125181635,2993.97478459272,0
4297,4.677482395344803,-25.961833760119212,26.944251198064315,1.952244243550268,17.113842022479833,3096.459644418476,0
4298,4.747295565424577,-22.45623304104619,26.79149477616951,1.911113805063091,16.602540865667788,3033.9551065112646,0
4299,4.817108735504349,-25.035773077148924,27.064400457474676,2.0587607121519023,14.86505036246702,2976.6341677622486,0
4300,4.886921905584122,-24.98140370484006,26.738608303075054,2.1109008168288215,17.645066916941328,3012.871474170516,1
4301,4.956735075663896,-22.01909413288684,27.046714107326352,2.3930557889301567,15.900748055951087,2967.384049613141,1
4302,5.026548245743669,-23.881083771582993,26.947703110027412,2.151593542936902,15.60909637974249,2936.820601460146,1
4303,5.096361415823442,-22.61536447116643,26.88251021415681,2.318736465894828,17.126728121278134,2982.4009298544424,1
4304,5.1661745859032155,-20.43036205743717,27.002813495119987,1.8362799257196527,16.789366545243375,3001.380676530289,1
4305,5.235987755982989,-18.97073801416747,26.99995917358805,1.6798110458545952,16.22012331387626,3142.147742780561,1
4306,5.305800926062761,-16.91727374312207,27.05854811497172,1.9971139488559684,16.641654123941635,2975.1457581810128,1
4307,5.375614096142535,-12.322980278209247,27.023356434707775,2.17160544882982,15.15575934932834,3204.60476603218,1
4308,5.445427266222308,-12.937144776954204,27.002987933293877,2.1402323436318857,16.097469053895296,3026.2670056633588,1
4309,5.515240436302081,-14.826707614781093,27.116149287454824,2.242276314465315,17.308887625949023,2885.7561491816264,1
4310,5.585053606381854,-8.435994020746941,26.97618312168392,1.4926909282029586,15.870123742712815,3104.6187123667537,1
4311,5.654866776461628,-6.393516361426903,27.420949947128925,2.2505953789768416,15.779172381106777,3153.229937838707,1
4312,5.7246799465414,-3.781191853967073,27.178822287093833,2.0670925252859282,16.833140237691943,3110.90717074666,1
4313,5.794493116621174,-0.7572993612708299,27.403987066371574,1.6911973309749975,17.069799516458268,3020.6616538216017,1
4314,5.8643062867009474,1.6538336300767948,27.60912278453119,2.144705769345761,17.748525629982748,2941.761095052933,1
4315,5.934119456780721,4.530175410761829,27.715485335574186,2.0338965153665924,16.393496723565093,2872.378304075447,1
4316,6.003932626860493,8.51588530289119,27.403037382494016,2.07624585971561,15.744010924567164,2724.788068873194,1
4317,6.073745796940266,9.830852717409055,27.736728759734927,2.1998218300630725,18.828533854404963,3001.4074560692707,1
4318,6.14355896702004,12.315680953338271,27.901953983765246,2.086055073686143,17.552240289201798,2938.0806062068564,1
4319,6.213372137099814,21.396630860447974,27.9240946478964,1.7054349803060629,18.275159228906166,2886.446315446666,1
4320,0.0,18.92621383432815,28.201611243651033,1.9713947460434182,17.37685838281162,3082.7893401147176,1
4321,0.06981317007977318,23.289255687175753,27.96043673350576,3.1764709658298216,20.316086442713257,2978.6347143888115,1
4322,0.13962634015954636,24.019299166889894,27.85965155162355,3.6298123761117784,20.16452708486477,3169.8901561227835,1
4323,0.20943951023931953,29.5307287093763,28.37104293149659,3.779594048316808,20.529220038992328,2838.547626468573,1
4324,0.2792526803190927,31.003842685730955,28.250201909037624,3.251709607489535,20.929010850686144,2844.6633703166203,1
4325,0.3490658503988659,34.72719703538007,28.146643082352902,3.3657072478935177,19.449699913305853,2805.156704543956,1
4326,0.41887902047863906,39.87074593706769,28.464307113105992,3.323526135775566,20.72567498232622,3099.8393886849226,1
4327,0.4886921905584123,41.834234677932194,28.747949571732825,3.4092189456123325,21.570772900874903,3089.173011726174,1
4328,0.5585053606381855,44.69898117735645,28.44641522440794,3.5824846316397734,21.75183772452358,2964.1703838853687,1
4329,0.6283185307179586,43.7935290955735,29.055741695843057,3.4113861755797683,22.550590835963305,2762.331305862441,1
4330,0.6981317007977318,51.680785190637785,28.645662892443347,3.630506034539805,23.37798732728121,3233.565817837975,1
4331,0.767944870877505,49.47180470424206,28.84664167266966,3.713075954015195,24.393651860019357,2690.4154585771257,1
4332,0.8377580409572781,55.734358367923534,28.708903927895733,3.720351852265855,22.80407260905468,3237.1179585361506,1
4333,0.9075712110370514,56.99279971127472,28.951854456632468,3.2763637809260704,24.371215659810147,2909.5594755541815,1
4334,0.9773843811168246,58.172689877653895,28.974782913802247,3.7771857888945446,25.325980290515734,3057.531484343971,1
4335,1.0471975511965976,57.68866599893717,28.815806399191665,3.7932144569752477,24.382509603301685,3190.606697807248,1
4336,1.117010721276371,60.6731168506918,29.502426900901636,3.8105359862474337,25.317331732616545,3103.3012655995403,1
4337,1.1868238913561442,61.01689133953815,29.03832005012734,3.4684370360564607,26.177748180115895,2889.181376489194,1
4338,1.2566370614359172,62.84110259053985,29.06709843595828,3.3496315053379444,26.127846938224252,3309.92713462493,1
4339,1.3264502315156903,63.2884992937915,29.309710253434243,3.303151761703983,26.95254465340414,3040.4193182026966,1
4340,1.3962634015954636,61.25843312569075,29.453907536116922,3.2796440226850363,26.76175095615377,3832.2428030245765,1
4341,1.4660765716752369,66.43616151804919,29.362391804642574,3.5023380813329736,26.686478716219373,2635.789088896886,1
4342,1.53588974175501,64.85092648103526,29.019091973968926,3.669570371298085,26.223729709918164,2581.3222265001023,1
4343,1.605702911834783,64.24538661660596,29.231355343847113,3.761311688197469,27.56041287898354,3150.8030412524636,1
4344,1.6755160819145563,63.91299444232765,28.91122040208418,3.4028885767275296,27.617310347563436,2982.541958882983,1
4345,1.7453292519943295,64.8540382500995,29.317025065813006,3.492262346583942,26.890743269536888,3135.0402658956914,1
4346,1.8151424220741028,62.322673174978135,28.919076650751627,3.479162489319711,28.27063352600375,2730.573844222653,1
4347,1.8849555921538759,59.414779895570845,29.020787621012797,3.372943950026972,28.911026323305386,3003.4214209563365,1
4348,1.9547687622336491,62.33396816031785,29.112140399875447,3.6471499059521237,27.43158364711212,3094.2052948277124,1
4349,2.0245819323134224,61.22438658039774,29.14530383973015,3.5725696493246453,27.41148811410323,2805.693101261182,1
4350,2.0943951023931953,58.67169543328329,29.00009029103203,3.5283646350239213,27.387010525367305,3047.4715671612894,0
4351,2.1642082724729685,55.584836452191865,29.222707638575983,3.571661087839185,26.630912412788234,2981.8527082028722,0
4352,2.234021442552742,55.59388722363642,29.054098841656906,3.6230902495914967,29.52383533161935,3094.1340345512735,0
4353,2.303834612632515,51.244718594012355,28.988482503682505,3.6210874038260776,27.478707142476452,3001.39718437826,0
4354,2.3736477827122884,49.71878077562338,28.649179909253096,3.3323020087756285,27.040176319685386,3014.0635744673923,0
4355,2.443460952792061,47.79939553113803,29.026250316255656,3.6792657097485892,26.686742764391575,3001.5684877752146,0
4356,2.5132741228718345,47.71624495949863,28.58488253110919,3.551073223536112,27.11178700178304,3013.662869194007,0
4357,2.5830872929516078,43.30245046483885,28.89653448202791,3.413076761003947,26.67357543124675,3043.707493322459,0
4358,2.6529004630313806,40.45442070770041,28.866695133881905,3.546845938289234,28.162304641828413,3044.1690532298176,0
4359,2.722713633111154,41.23518771152789,28.56498245154553,3.5688954953450107,25.770541797038224,2929.3356915137592,0
4360,2.792526803190927,35.91960019543817,28.565226136642714,3.716356733432825,25.27315394161252,3034.2198959845477,0
4361,2.8623399732707,32.912172777477224,27.86832686252187,3.290768874302964,26.65791492494226,3019.8855767435866,0
4362,2.9321531433504737,28.801474968986007,28.220243666657755,3.7649968707308386,25.822686490498686,3001.435687970154,0
4363,3.0019663134302466,25.368232041747792,28.33233256714001,3.5046332712619654,25.40301826321111,3068.5020369390286,0
4364,3.07177948351002,19.859431658459922,28.22238430874006,3.3987693498502805,25.684557479192456,3070.110672734357,0
4365,3.141592653589793,21.453110797885344,27.81704149928502,3.392648380028573,24.985922541460848,3036.1838507955654,0
4366,3.211405823669566,17.533423240148952,27.87223392552687,1.799726448331484,24.464789633418967,2978.258640490856,0
4367,3.2812189937493397,13.468461466976931,27.452537453067748,1.6518170232486513,22.991226612854344,2952.3006747616428,0
4368,3.3510321638291125,10.438133860446458,27.002493119960047,2.135479976071841,24.876806773746157,3030.176005286672,1
4369,3.420845333908886,8.70053538162663,26.519504111108677,2.396177280084393,25.421984385440417,3054.3813423420306,1
4370,3.490658503988659,2.277028440725131,26.834645678058095,1.676476930232837,24.879478861129364,2918.853689538137,1
4371,3.560471674068432,0.8120290642582999,26.707552906405066,1.8099144168139283,25.722583892717747,3043.4517892159947,1
4372,3.6302848441482056,-2.8306746197038852,26.326437226842025,2.1503166378290666,23.826127085724252,2989.8053785059196,1
4373,3.7000980142279785,-1.1891029667640973,26.345976372192,1.9908726182657155,24.664920164315276,2927.639886623423,1
4374,3.7699111843077517,-5.136853055381335,26.10851096370134,2.1668838484550297,24.643446794322603,3018.775846209199,1
4375,3.839724354387525,-12.229481397597311,26.054089178047427,1.9796558953702326,24.513181544477003,3036.3754661389544,1
4376,3.9095375244672983,-13.530269110614846,25.726199067739433,1.8838745001467245,24.632830112965088,2985.9460537013024,1
4377,3.979350694547071,-13.640035656518961,25.87620810404747,1.9548315778653738,23.82891850090484,2957.7058147358744,1
4378,4.049163864626845,-16.16914423041113,25.425547287630287,1.5235821155488074,23.342335490539746,3068.4836370757707,1
4379,4.118977034706617,-19.293264077092196,25.29073334043422,1.771303130870307,24.66967841251234,2973.254520547444,1
4380,4.1887902047863905,-16.053999813823992,25.445278195165955,2.1896558748437402,23.22926392598559,3046.3788926967345,1
4381,4.258603374866164,-19.976922212488642,25.3352885550643,2.238379968835769,24.446999135086177,2939.477986992506,1
4382,4.328416544945937,-21.01104897121079,25.316482512025267,2.2812332110184634,22.894911081964274,3016.64020190615,1
4383,4.39822971502571,-23.83556565713023,25.092293910190673,2.0881738692896064,23.00385036456148,3015.5002863063396,1
4384,4.468042885105484,-22.579896461652837,25.392216706974608,1.548786225142746,22.78778819943747,3034.9366402603564,1
4385,4.537856055185257,-24.88699802702238,25.058769248787886,1.8729986941625716,22.98718154735409,3059.719335729363,1
4386,4.60766922526503,-25.178500052133554,25.000683771688784,2.2649311353097263,22.39257837166698,2967.4548115345838,1
4387,4.677482395344803,-24.056084276121418,24.932223843899077,2.324610847736711,22.755662717294022,3020.8309908754045,1
4388,4.747295565424577,-27.416083563449757,24.99580521798789,2.2725295486014487,23.87885201610277,2945.33730460766,1
4389,4.817108735504349,-22.35794350179583,24.88034404315699,1.9527495070460401,23.49485471146118,2944.883401981095,1
4390,4.886921905584122,-24.042765063463552,24.8146310621255,1.738684826685087,23.52891376493751,2976.866616737568,1
4391,4.956735075663896,-21.741891369249213,24.81887040034021,1.9918736820083036,21.667025234805894,3016.373090904248,1
4392,5.026548245743669,-24.410672868210142,24.400597616387962,2.0029614036460526,21.881001663373354,3067.0747128058024,1
4393,5.096361415823442,-23.108021141547724,24.37763983378887,2.3131129640182904,23.112554348262066,3074.3578235933564,1
4394,5.1661745859032155,-22.188582415862236,24.611055914860323,2.045558260024442,23.697234798951136,2985.8043468369765,1
4395,5.235987755982989,-18.595696661302483,24.574865990628584,2.003336235776154,22.83682705182665,3012.2213783437132,1
4396,5.305800926062761,-17.207715812099522,24.678603922471034,2.0146990296286917,22.89478189571335,3037.7202186116197,1
4397,5.375614096142535,-16.15710164114925,24.586597139286972,2.0799717659525374,24.79774243784764,3030.6153075390253,1
4398,5.445427266222308,-14.962620935810678,24.667443433240425,2.1252880172123136,24.49003048091457,2993.2217302570875,1
4399,5.515240436302081,-13.159521075251156,24.394238124017836,1.855092513196401,25.07482085393974,3003.044201518209,1
4400,5.585053606381854,-8.998168286600267,24.584440617175332,1.7884759210748862,24.190274898815463,2995.5927631321806,1
4401,5.654866776461628,-7.148716522544201,24.393626596273506,2.27411170428094,24.46964687936638,2991.665042152968,1
4402,5.7246799465414,-4.874777379031653,27.422125573075864,1.6717917411128633,17.529369559153118,2986.3435829269565,0
4403,5.794493116621174,1.1944139038323285,27.154891368302433,2.3275494918409545,16.777973219375312,2995.2136603995323,0
4404,5.8643062867009474,1.573362544299893,27.56416254309017,1.61786426054926,16.741782326597104,2983.7674367370055,0
4405,5.934119456780721,6.5141579512353,27.369225920874634,1.8830917734337957,16.765461524248636,2954.583293583946,0
4406,6.003932626860493,6.7964407142109655,27.611706004036332,2.1943707941166894,17.374476229176004,3034.5032113219077,0
4407,6.073745796940266,11.011138338898792,27.884745124736078,2.0000683778156545,18.791615153620807,3020.6503093564693,0
4408,6.14355896702004,13.653996432412532,27.867099277137683,1.7367046392476317,17.210893982383237,3075.0637497267453,0
4409,6.213372137099814,14.314525217237202,27.669443197948404,2.085285630825199,19.26639349252626,3014.780720810772,0
4410,0.0,22.14250745939587,27.899140923295896,2.013400868360096,18.556871761377863,2983.3215940517625,0
4411,0.06981317007977318,22.936310907937013,27.85850098967143,3.4567903423116046,19.329515981263256,2974.9425847989182,0
4412,0.13962634015954636,27.382416872652385,27.9127939462113,3.3752155418434184,19.76726004111286,3001.894642693981,0
4413,0.20943951023931953,28.22798300310683,28.267143505401407,3.49307880009388,20.10446850644172,3022.115006535024,0
4414,0.2792526803190927,32.15641443939531,28.414809578514415,3.3836156776095287,20.45654467940214,2990.211575832393,0
4415,0.3490658503988659,34.090627909770056,28.476515060098155,3.9869065337698317,20.742344889458085,2941.1897012585073,0
4416,0.41887902047863906,40.157146662556094,28.578477993922924,3.4519965696366453,21.05666763389942,2970.4395874976753,0
4417,0.4886921905584123,41.5933343465411,28.5615792477102,3.425248609236178,22.98797342680424,3000.7210006324754,0
4418,0.5585053606381855,44.396947180515554,28.59489458426735,3.391672770902442,22.37087139428859,3029.6113463927773,0
4419,0.6283185307179586,48.48761257381876,28.54438190369162,3.855390168567639,22.667041441100313,2940.5670495315326,0
4420,0.6981317007977318,50.659954381242805,28.70533318086127,3.1721866244208865,22.665305387256506,3010.603338024867,0
4421,0.767944870877505,52.407640474859306,28.63538778675187,3.5718864843798834,23.26214615011066,3008.8447812103077,0
4422,0.8377580409572781,51.30892612592655,28.764998961503835,3.452142005624719,23.475298863998145,2981.9369401882404,0
4423,0.9075712110370514,54.41696523302747,28.958951934893772,3.2153199790715976,24.99055930678053,2976.5231112299557,0
4424,0.9773843811168246,55.800858560959846,28.977174173934912,3.336184734427377,24.153866078199968,2970.547050344882,0
4425,1.0471975511965976,60.06244371073844,29.498939690225544,3.5633907987811666,23.32477944196057,3005.6322521346133,0
4426,1.117010721276371,60.701709996087594,28.876683515933248,3.3271213560687825,25.518244381602756,3045.072746509911,0
4427,1.1868238913561442,59.63750480505954,29.093855817355376,3.5519127856440087,25.58099382566985,3047.911379579639,0
4428,1.2566370614359172,62.514426913765064,28.927708002873626,3.84583064573727,25.650249277194796,2955.040786111261,0
4429,1.3264502315156903,61.422139178841675,29.106186990135704,3.5341201354434673,27.142431340909447,2992.520872773244,0
4430,1.3962634015954636,64.23661415344472,29.129705326297373,3.209297504295101,24.4991767560756,2912.259607907282,0
4431,1.4660765716752369,62.270426535591525,29.3201582783769,3.330640747630622,28.19696399992668,3004.367372440847,0
4432,1.53588974175501,65.76582845593623,29.131819011540227,3.4429188522509477,28.00563972216726,3023.9059168052454,0
4433,1.605702911834783,65.53953115491042,29.17057105241449,3.429552976201068,26.860235423296757,3062.8384474221593,0
4434,1.6755160819145563,67.61540803159262,29.128878580071095,3.530402769023184,27.176704708223138,2928.5417045070203,0
4435,1.7453292519943295,65.58815881979537,28.97161154200607,3.5624885884156132,28.08851845295152,2956.477603120775,0
4436,1.8151424220741028,63.028936298686084,29.06653951576223,3.846105591023772,28.229961658000335,3005.765472075025,0
4437,1.8849555921538759,64.02464837319364,29.083977312291612,3.4992560669824213,27.389582032176122,2935.2644653410152,0
4438,1.9547687622336491,59.62677763408767,29.1236945079911,3.269561110624818,26.66623669839192,3006.888486034052,0
4439,2.0245819323134224,59.002023177940885,29.162394948642724,3.7307612260497134,29.6845480064872,3024.9201018028184,0
4440,2.0943951023931953,59.470856968412406,29.004041008084673,3.752604915356205,28.763228610852803,2948.7484910418775,0
4441,2.1642082724729685,54.06931627085498,28.95701864746885,3.546488618801194,28.09932407717352,3005.3034148019387,0
4442,2.234021442552742,55.40474273490167,28.687490930555008,3.4507211209582076,28.06087018151131,2951.511562599398,0
4443,2.303834612632515,51.91112220830511,28.972733968161325,3.6245092805098125,28.334869069686285,3055.017034757532,0
4444,2.3736477827122884,51.411587253384766,28.72920536147829,3.457784037264094,28.319790290452783,3008.2658436984075,0
4445,2.443460952792061,47.308837898823384,28.88341361735831,3.088858214244503,25.919069459992674,2974.3974388413185,0
4446,2.5132741228718345,47.08670855934408,28.9028082949291,3.6126948565944934,27.14146339140596,2950.4743447880005,0
4447,2.5830872929516078,43.87535802599531,28.607715863075896,3.6784502953949154,26.865878959613944,3015.56598774121,0
4448,2.6529004630313806,43.226769200687094,28.409869183228185,3.788217446075866,26.882698365618385,3054.3174200840967,0
4449,2.722713633111154,38.31325073956345,28.485579179728017,3.353848311409487,27.386167204402717,2969.1398436319255,0
4450,2.792526803190927,34.237942242212895,28.462729471693596,3.5452330631722546,25.07191716867734,2982.4142133571236,0
4451,2.8623399732707,32.033352228024064,28.28343682679339,3.5495599115705967,25.13717375066163,2969.9143719716726,0
4452,2.9321531433504737,27.33967149127407,28.164888267574412,3.517076511940763,25.36305565831763,3062.219702842086,0
4453,3.0019663134302466,26.87199542526112,28.25153755275669,3.522971207657243,25.70485023340765,2923.654381241297,0
4454,3.07177948351002,24.023816687958558,28.15834450969708,3.5074272030753932,25.902548972821187,3051.423728912009,0
4455,3.141592653589793,23.703794055039232,27.948056553950927,3.5423498803165634,26.181611967274144,2984.912076462115,0
4456,3.211405823669566,15.928204695607775,27.668182306717945,2.148136206799071,24.273160342999713,2997.1353952053505,0
4457,3.2812189937493397,13.335518596284277,27.90144900665484,2.244057504916863,24.780128222093246,2986.374614011313,0
4458,3.3510321638291125,9.780336126543519,27.635406892002482,1.8487335158612723,24.287065578861036,3009.584035259286,0
4459,3.420845333908886,7.914489539931882,27.701386334325147,1.9655397290423635,23.747088537521595,2970.808049802409,0
4460,3.490658503988659,5.181629352064331,27.612249412761056,1.9154783760224685,22.8827456115984,3042.335325463507,0
4461,3.560471674068432,1.616788794946242,27.228573914252642,1.8868655285599882,22.166566676195057,3043.9598817117644,0
4462,3.6302848441482056,0.5032685499444587,27.448796377318665,1.6767937169387948,21.21552594628605,2960.66363840893,0
4463,3.7000980142279785,-4.7718361461263825,27.44127676172632,2.0048444911705925,20.74389376566998,3026.6986786213615,0
4464,3.7699111843077517,-4.971075281325219,27.390230559545607,2.0958640739090577,21.509865383118132,2985.7402455906754,0
4465,3.839724354387525,-8.117695655432641,27.2462597310406,1.9689800496202257,20.77543442663629,3002.0653396024572,0
4466,3.9095375244672983,-11.277671550503301,26.869832048856765,1.998208420720583,20.079092890712644,3061.0060358940377,0
4467,3.979350694547071,-13.913922107618449,27.299788368755124,2.0836873855818263,20.54361107035021,2973.0386332820676,0
4468,4.049163864626845,-11.820482274205439,27.116040495803322,2.2822239390327264,19.461324697080048,3037.0619775931837,0
4469,4.118977034706617,-18.532203741089983,26.824657013528377,1.9160470940953929,18.51271132959511,3018.285007158092,0
4470,4.1887902047863905,-18.524243404847105,26.84260505943493,1.765677577133222,18.66502540549671,2992.2388744219647,0
4471,4.258603374866164,-21.571060688825707,26.956130775835177,1.981911970601277,19.184905926135546,3014.696142701153,0
4472,4.328416544945937,-19.04484233257347,26.989347003514595,2.3767122526739892,17.376682910533248,3009.9364769326758,0
4473,4.39822971502571,-21.4673037400831,26.78553775199366,1.7678198883143224,18.0485416033894,2953.6658675158124,0
4474,4.468042885105484,-24.680832500681557,26.959473939575666,2.1300271391160566,17.542472959533605,2975.7310462552127,0
4475,4.537856055185257,-23.547456395402516,26.549315672020324,2.231582645857023,16.705359648390345,2958.189904601637,0
4476,4.60766922526503,-24.36694170965747,26.650204873894,1.5268931561211478,16.82934950241764,2988.9352491404525,0
4477,4.677482395344803,-25.747524358821416,26.491076406100774,2.082044504721697,15.580756079167811,3053.8014118427286,0
4478,4.747295565424577,-23.835340890017047,26.666120236146632,2.120682127414619,16.725034121473257,3023.2411120650577,0
4479,4.817108735504349,-24.16952720491569,27.032785303239685,1.946532959724029,15.370881487712579,2942.6964368999893,0
4480,4.886921905584122,-23.99280081472044,27.12690103157316,1.8707122877820566,17.172940881996865,2989.0652925168274,0
4481,4.956735075663896,-23.726187249283342,26.870833698703372,1.8818675294952039,16.12143319544511,3009.344994436772,0
4482,5.026548245743669,-22.150961494382436,26.762967799355533,1.9342863008248756,15.64586155651121,3029.7635392122484,0
4483,5.096361415823442,-21.379191963266745,26.854133389392214,1.9395807936624445,16.968789360961836,2973.9693184832795,0
4484,5.1661745859032155,-20.35709208392499,26.992448128065952,1.9018445914486466,15.180927095094589,2950.5027270494306,0
4485,5.235987755982989,-19.932667044281086,26.72632238771281,1.9311049494635109,15.403524304427368,2997.7462838490233,0
4486,5.305800926062761,-14.766041403833153,26.91928003653677,2.2381583647693257,14.562761015836642,3022.7611868412564,0
4487,5.375614096142535,-17.0361138273253,27.269621056839473,1.757114244216973,17.127355061346947,3009.3938594653278,0
4488,5.445427266222308,-12.800062818163141,26.95136969902787,1.650188315345682,17.66047711038549,2964.612900778337,0
4489,5.515240436302081,-11.739987784107042,27.05405622055997,2.241357021446863,14.934185155829578,3070.1847521392124,0
4490,5.585053606381854,-6.286121531720333,27.23063391677337,1.9615964481318835,15.759219245523617,2996.0473784042592,0
4491,5.654866776461628,-7.8055601589970625,27.33712903617474,1.922353541503493,16.63368989030822,3007.7484109360807,0
4492,5.7246799465414,-4.949261783134757,27.270346275990235,1.9777565752534663,16.35770176581567,2973.5213039311134,0
4493,5.794493116621174,-2.580947420257824,27.448178782144723,2.0418553401558253,16.963101902665713,3044.2603199345817,0
4494,5.8643062867009474,2.1820486380149093,27.603106958369953,1.8951897545763268,17.136389596742486,3022.873875702043,0
4495,5.934119456780721,2.5495175609919496,27.883793601573746,2.1011862255294607,17.82206016149945,3012.5865371664227,0
4496,6.003932626860493,6.878526246098361,27.650298516104385,1.8075474852382207,17.01473994572451,2953.933807067521,0
4497,6.073745796940266,7.41542517891938,27.744311373717604,1.9396347644301628,18.24567603264926,3043.761209064731,0
4498,6.14355896702004,14.09784248798917,28.06211013074485,1.5570607489430495,17.52572392943824,3030.2761189190783,0
4499,6.213372137099814,16.11063639337999,27.833917352762334,2.2344474269727552,18.43366518502586,3040.597335901568,0
4500,0.0,17.767914884102222,27.801347045085674,1.9647824606880742,17.734045706366768,3001.481174307606,0
4501,0.06981317007977318,24.767455422946725,28.121245114841795,3.6340208183474316,19.174117743931554,2997.0055534457347,0
4502,0.13962634015954636,24.301289195625536,28.328433974915267,3.59531491685325,19.426066439280362,2992.7162847301147,0
4503,0.20943951023931953,30.55144162184149,28.303651099261263,3.6099627560742644,21.0359278891425,3091.1599177724343,0
4504,0.2792526803190927,31.35211977578325,28.316212478348312,3.4984448942851305,20.638838725478834,2978.3021492831117,0
4505,0.3490658503988659,37.79326351649823,28.193165166020574,3.577645478547835,21.195832223014097,2952.5502062630635,0
4506,0.41887902047863906,39.42747474680023,28.479328584900706,3.307743117477611,21.495846150254796,2985.0697533635257,0
4507,0.4886921905584123,39.61414851905404,28.74833911429052,3.2657642887540534,20.228867513707154,2978.6749201809184,0
4508,0.5585053606381855,42.47074306217876,28.450785554848963,3.479778813298949,20.75327493329531,3050.3938734589033,0
4509,0.6283185307179586,47.358624160997756,28.668630226680477,3.3640447239208466,22.512857968975627,2945.7603040553445,0
4510,0.6981317007977318,48.53187523982902,28.713222421800094,3.7850928346498853,23.40387555567722,2977.5483660786913,0
4511,0.767944870877505,51.00561291012283,28.728934358955133,3.575028885861422,23.400609052839116,3007.6209265695547,0
4512,0.8377580409572781,55.34987543914089,28.928962241250723,3.356703721975892,23.296988650740477,3050.731714185392,0
4513,0.9075712110370514,54.33745060224756,29.012108690516467,3.445691912298884,24.186033473756368,3028.5252922638856,0
4514,0.9773843811168246,57.443631423240056,29.059769122785067,3.52660131639762,24.495076920141194,3064.760694024622,0
4515,1.0471975511965976,60.4030848607782,28.89270901999906,3.486399408770217,25.74497873838504,3013.8317160315128,0
4516,1.117010721276371,61.65940831604092,28.831655301408947,3.554349206586853,26.05001393712349,2991.8552207968787,0
4517,1.1868238913561442,61.48385445422443,29.151978890959754,3.5137309088924615,25.361774865611107,3034.2222611268876,0
4518,1.2566370614359172,62.36418441200292,29.065379963331786,3.221868650305984,26.07894044756127,2945.3135626991434,0
4519,1.3264502315156903,61.05508448863844,29.440101728484212,3.069819086499218,26.634145873905215,2931.604599030228,0
4520,1.3962634015954636,62.73198139655157,29.464445758016893,3.4252781910216017,27.025707954866636,3039.050543783253,0
4521,1.4660765716752369,65.23102413143441,29.492029743601336,3.6120985410196713,28.258047220583123,3008.4226730389555,0
4522,1.53588974175501,64.76576393244595,29.05825235726771,3.4275261930872842,27.139379408735973,3038.56015245778,0
4523,1.605702911834783,65.08497783370865,29.28467435543423,3.747312822681045,28.297673877217825,2965.905102479421,0
4524,1.6755160819145563,66.3123657060234,29.32406915202965,3.4906226601402204,26.609265663454657,3051.391352164311,0
4525,1.7453292519943295,62.535364221955945,29.295522438646312,3.771439212850396,27.1748698321408,3026.814355088516,0
4526,1.8151424220741028,63.30903722907087,29.111195179902115,3.730380687852861,26.096329332518447,2998.7551847393743,0
4527,1.8849555921538759,63.08060967839874,29.333142554998982,3.7102573730348936,28.01773275024116,3008.2939166716833,0
4528,1.9547687622336491,60.66703354914366,29.11269187343512,3.2592976731586,28.477677265370396,3013.877115757468,0
4529,2.0245819323134224,62.59294775435364,29.097768774299315,3.5034281335946402,25.949285741728453,2965.7307132068086,0
4530,2.0943951023931953,60.334023372719464,28.808555466774756,3.7445546974964627,28.148958464977035,2984.5994179446075,0
4531,2.1642082724729685,57.74189075561001,29.091559832502,3.5544689449516076,28.45720993232352,3013.244893897807,0
4532,2.234021442552742,58.151831581295376,28.906551147292205,3.610871980999794,28.358040059190024,2982.9946433567106,0
4533,2.303834612632515,51.19317422706752,28.961490619887954,3.2224225389768755,26.88112655086135,2941.2232450191336,0
4534,2.3736477827122884,51.24803724899635,28.868857099521488,3.8837579861216134,28.345435640090574,3011.795550581556,0
4535,2.443460952792061,49.474947889295365,28.79848561812341,3.3417251194869166,27.59560639989137,3033.4413669570918,0
4536,2.5132741228718345,45.078503782970415,28.698485266880965,3.1011149716499604,27.894991070031434,3042.7413851569518,0
4537,2.5830872929516078,44.29743870322082,28.753893077278914,3.4297748524349867,27.12905661189978,3021.2924225415404,0
4538,2.6529004630313806,39.46634658468328,28.53353199481031,3.0105032296957868,27.31667598606434,3032.732290034265,0
4539,2.722713633111154,39.3389849158224,28.269804358773015,3.282974971041767,27.65692068992189,3039.5003627959973,0
4540,2.792526803190927,36.97765860184846,28.49576751294689,4.011702366620889,26.34076368336126,3003.1862326953974,0
4541,2.8623399732707,32.81218111345748,28.209413998243654,3.4239918444993562,26.443771506229698,2915.2433327067247,0
4542,2.9321531433504737,26.57682936420175,28.05085475257899,3.214442566404042,26.908266643751567,3046.391248667002,0
4543,3.0019663134302466,24.812599261453908,28.013671221030688,3.5050595773132236,25.474790000386594,2964.267268326293,0
4544,3.07177948351002,23.98610632330539,28.12620762539649,3.320439250993605,24.33653154981461,2954.764924714224,0
4545,3.141592653589793,20.031797965268556,27.985522179535774,3.672903839934786,25.417387730950015,2955.8637018673526,0
4546,3.211405823669566,12.819954754975651,27.596389777056125,1.822091044122792,25.650145791394692,3099.383117283439,0
4547,3.2812189937493397,15.601456032599412,27.775443887390022,2.0541467420270316,25.146770304647305,3017.6219074537726,0
4548,3.3510321638291125,10.84895867258159,27.925890654764906,1.770588192625508,24.290925809311535,2958.3353436690913,0
4549,3.420845333908886,6.367706992234979,27.601540822379594,2.5198056289581108,21.438427149392087,2972.663342702064,0
4550,3.490658503988659,6.101526946694907,27.56475434499506,2.100724744005463,22.393504181871908,2999.9710009683067,0
4551,3.560471674068432,0.68054104222866,27.668364743908114,1.9708988405035066,22.018511836820416,3021.6961511082536,0
4552,3.6302848441482056,-2.1588985017714117,27.55595751338761,1.941408349873743,22.103740124230637,3011.171693517286,0
4553,3.7000980142279785,-3.3088379139731625,27.51735954606791,1.8892800033501271,22.999779926119896,2962.855742358886,0
4554,3.7699111843077517,-3.7787786642978447,26.878774655740976,1.8478173040384964,20.367766617473972,3012.6858617471303,0
4555,3.839724354387525,-6.490061668934936,27.48868332414247,1.8423206547637627,22.61273410573897,2975.552487615028,0
4556,3.9095375244672983,-10.720059422298721,27.261870020763393,2.3356657700923904,20.1056364223654,3041.8766008285666,0
4557,3.979350694547071,-12.747938658207252,27.477447671530747,1.8894772084557523,19.398243118534005,3002.251864091391,0
4558,4.049163864626845,-14.273235514175255,26.93703819105579,1.5741162186723159,20.297879800600498,2969.6266360871196,0
4559,4.118977034706617,-19.19216627803089,26.740637322086613,1.766806455824021,19.982698066082595,3027.55816505028,0
4560,4.1887902047863905,-18.004920664571753,26.96185228396745,2.1855449239998275,19.398181389539847,3015.329798791401,0
4561,4.258603374866164,-21.5468422856778,26.880141294977427,1.9495351886817327,17.912837674924347,2981.0053720198994,0
4562,4.328416544945937,-21.24555635531056,26.985428972062078,1.9731836799727258,18.597116014465243,3029.2036821688735,0
4563,4.39822971502571,-23.138744674692912,27.01997143213377,2.2339628902838187,17.054273954238838,3025.164684412559,0
4564,4.468042885105484,-22.91149519174852,26.82255100673688,1.8445666821655393,16.949016863864543,3048.07288793638,0
4565,4.537856055185257,-24.13919368803967,26.78212448951344,2.126483544426181,17.2381114302025,3028.405541286247,0
4566,4.60766922526503,-29.363030697804255,26.88498169848549,1.8664233700424815,16.40806037212835,2991.4421247839105,0
4567,4.677482395344803,-24.704249648301534,26.76228170772321,2.1151753273504665,17.680301084493642,2932.378806290781,0
4568,4.747295565424577,-24.009357787410412,26.749733692442568,1.9217729498460683,16.174787940619712,3007.4658637938683,0
4569,4.817108735504349,-24.084592769064624,26.962143966359363,1.9516901650288618,16.286302899805587,3013.672169003987,0
4570,4.886921905584122,-24.470227804862237,27.007197374920885,2.1640267315022554,15.610832482879422,3002.047877674189,0
4571,4.956735075663896,-21.20006514452424,26.998240065048268,2.1496049615365,17.025098983009794,2879.5650239097895,0
4572,5.026548245743669,-22.330483539599424,26.833497723536986,1.966914402919083,15.570410902286875,3027.153198334162,0
4573,5.096361415823442,-21.066763505215775,26.566411026356878,1.905675266001043,16.953950780712475,2963.517989678845,0
4574,5.1661745859032155,-18.878994242386664,26.89921623148207,2.319829516896331,16.861241038700204,3027.42891246177,0
4575,5.235987755982989,-18.42725367075484,26.847072513557116,2.1178661622995936,15.644917868339439,3068.0273890063686,0
4576,5.305800926062761,-18.653717395098198,26.985696160082362,1.921771638268423,16.04989259207077,2989.88809676171,0
4577,5.375614096142535,-19.11799003297191,26.953723461764294,1.869383127342049,15.700782836626365,3017.539361299285,0
4578,5.445427266222308,-14.157198499509882,27.105115231107288,2.204979501388428,16.598762149316514,3001.3111114518,0
4579,5.515240436302081,-10.118208381833217,27.01051861106447,2.023080017210632,16.117483289320106,3021.023343194136,0
4580,5.585053606381854,-9.455086933020992,27.036547252868395,1.9672894009747828,16.077852666998737,3004.137804186199,0
4581,5.654866776461628,-5.248568794738707,27.478061419634667,2.0229950351125185,16.614782355693816,2979.3207875532744,0
4582,5.7246799465414,-3.62327462661385,27.218648240915005,2.067559374927398,15.504484464601891,2963.802311287316,0
4583,5.794493116621174,0.805878780028191,27.43668386844538,1.9886621705138456,16.927475311735968,3063.618628806309,0
4584,5.8643062867009474,1.2540260009080022,27.655093255299462,2.240737373368599,17.750157526222235,3017.5421193889247,0
4585,5.934119456780721,5.310515790196445,27.726721446943635,2.2518676952423973,17.606462177565742,3033.2205967444115,0
4586,6.003932626860493,8.35514658503805,27.788462403756903,2.10637762384036,18.544837593467562,3015.9625161128934,0
4587,6.073745796940266,12.896376722147597,27.79593594819392,2.2749437980991254,17.789709842165244,3039.030724561979,0
4588,6.14355896702004,11.177254497295618,27.94159277512845,2.0016993536276444,18.051193297904597,2964.161308709569,0
4589,6.213372137099814,16.17334626968465,28.122255451397972,2.1380662010009233,17.869296314670184,3003.3272577787857,0
4590,0.0,21.272774158082754,28.063753389099308,2.2008912637743885,18.798850845535803,3020.2194445850137,0
4591,0.06981317007977318,25.45788603815361,27.80812741647082,3.703807656003322,21.070470397064305,3051.7067838314906,0
4592,0.13962634015954636,26.622896812166065,28.087727740229564,3.683199829547669,20.104691197755905,3106.9230439800226,0
4593,0.20943951023931953,28.91696984016694,28.353949539739624,3.626237838816337,19.81263543111299,3016.3007448816966,0
4594,0.2792526803190927,33.53935856477663,28.23670043692399,3.891425623127617,19.881333232880863,2973.55597039391,0
4595,0.3490658503988659,36.693960462502616,28.653440092909598,3.392060842946902,19.819005055918304,2952.1742765319545,0
4596,0.41887902047863906,37.763656420410044,28.478606997466,3.468955842487958,20.849492917526685,2963.8074106552253,0
4597,0.4886921905584123,41.621681293631404,28.576153191046984,3.4570979046699732,22.539509396062773,2969.0352222264264,0
4598,0.5585053606381855,45.61715778411218,28.804614746915107,3.4263865710472383,22.009206522839076,2883.956702707247,0
4599,0.6283185307179586,49.286024843072965,28.677914818154573,3.1022455913170126,22.001262677166213,2972.973799517607,0
4600,0.6981317007977318,50.03934987474721,28.797786686983073,3.7749729611416494,22.502480537910785,3028.6696280535257,0
4601,0.767944870877505,51.32583501565326,28.968458567150662,3.2947919081907444,24.10808584696715,3003.015989567525,0
4602,0.8377580409572781,53.36040438242588,28.670933198197822,3.5339629817492195,23.923225370381935,2989.6550159878443,0
4603,0.9075712110370514,56.29657874809293,28.902818179969934,3.215627764465023,23.876520437880842,2935.121893970451,0
4604,0.9773843811168246,57.1331815012577,29.119218081372917,3.6241431461439477,24.510034651733054,3042.016399183412,0
4605,1.0471975511965976,59.25560391883332,29.049070506792717,3.3429207928119604,26.886482639717084,3020.472531636816,0
4606,1.117010721276371,58.8589176866662,29.29865292737062,3.2728076151781886,26.447296410995364,2999.482734215862,0
4607,1.1868238913561442,63.66885925024217,28.876232121752107,3.538868692896341,26.979406751461894,2911.8992315047817,0
4608,1.2566370614359172,61.08726614255889,28.887767554362263,3.359853083903474,24.717196694136867,2980.3690998552806,0
4609,1.3264502315156903,63.015140041740324,29.279807849024603,3.3851681807827254,26.292304622681737,3017.348735400974,0
4610,1.3962634015954636,64.46273877682708,29.311640385854567,3.534357923039924,26.170161159193384,2998.857304907968,0
4611,1.4660765716752369,67.73996561140527,29.164438773417153,3.6599978907268835,27.371040904617843,3007.6775227268135,0
4612,1.53588974175501,64.33856273858082,29.259328152429774,3.336319902425658,28.009743016571026,3027.417846462728,0
4613,1.605702911834783,63.973563494918714,29.311050039067627,3.3017615052017,27.623819004188643,3006.1895590141958,0
4614,1.6755160819145563,63.92725991557161,29.071346793564167,3.504696733336455,26.83935609144197,3025.9870013196823,0
4615,1.7453292519943295,66.80469463696633,29.075742047357256,3.6078505160516166,27.15619822138358,2966.258036388587,0
4616,1.8151424220741028,59.44478719216081,29.19281379841099,3.792551038372125,28.301445559033823,2951.089129743879,0
4617,1.8849555921538759,61.29343621505903,29.276881163538242,3.2857340803412596,28.47274605680091,3019.094427290932,0
4618,1.9547687622336491,65.82020651924476,28.937727086526447,3.436406579745924,28.07241999943325,3027.2963384615264,0
4619,2.0245819323134224,61.332055193699965,29.048860710768746,3.7351572050150508,28.097426565037253,3020.758951833104,0
4620,2.0943951023931953,57.31216574629091,29.002594989785663,3.894618907227744,28.0384273995192,3005.2634471488664,0
4621,2.1642082724729685,57.24381379171472,29.057538952822465,3.301381800138249,28.189118900735824,2987.038362478668,0
4622,2.234021442552742,55.561665761404285,28.94430814882674,3.35223761603867,28.493018762256725,3008.4394402887438,0
4623,2.303834612632515,54.71070501534115,28.809891253002444,3.5762200189219717,28.34194801267829,3015.1719975466203,0
4624,2.3736477827122884,54.018879674888716,29.020874911664407,3.3844513715613824,27.745808008723507,3017.5718979048943,0
4625,2.443460952792061,49.5082699578131,28.690456509380724,3.3481536490980095,27.54892326812118,3104.285582265147,0
4626,2.5132741228718345,45.64065389864186,28.661527848297748,3.5488941212737815,27.352322327642415,2963.1678485799152,0
4627,2.5830872929516078,45.02699355364153,28.397178471691902,3.8098839907479554,26.605478409217593,3129.039724965917,0
4628,2.6529004630313806,40.078841280070804,28.456321993816186,3.2381035409801227,26.37742357295457,2949.727156326868,0
4629,2.722713633111154,36.753142694427474,28.56549538314182,3.7996668215559026,27.204697069731758,3015.426749056424,0
4630,2.792526803190927,32.75104314172043,28.45851446544403,3.385046156283422,25.93368621752754,2952.2062967628785,0
4631,2.8623399732707,30.055988420014387,28.420692375490262,3.5691583842516397,26.86763475344275,3012.2497510958933,0
4632,2.9321531433504737,28.01135835261276,28.33214137187316,3.818170144220372,25.867377518717632,3039.28491299415,0
4633,3.0019663134302466,24.496104891651655,28.48016482659635,3.5650647184604223,26.23705033898253,3001.303307193721,0
4634,3.07177948351002,23.608896109547725,27.971528944375912,3.4405017903601625,25.74641552499273,3038.9232171586086,0
4635,3.141592653589793,18.200897261263954,27.75708643848478,3.643635124538948,25.550897171442884,2983.052711543909,0
4636,3.211405823669566,12.145459228477268,27.758709282096323,1.9653667595335118,24.121151097705695,2918.0054343604497,0
4637,3.2812189937493397,12.171342794912853,27.727444503473183,2.1042702099189228,24.442863054776492,3025.0683653015703,0
4638,3.3510321638291125,9.936184441618712,27.604356930526155,1.959063800324436,24.309245987887127,3001.2255329806067,0
4639,3.420845333908886,6.688144756427098,27.683284300166328,2.172230579397808,22.072691857145944,2980.8154415247996,0
4640,3.490658503988659,6.888380569308687,27.777474063842753,1.7211536614899567,24.263525121508046,2983.5775387023236,0
4641,3.560471674068432,0.776537222655283,27.74286488925453,1.7972956751812648,24.298954663838717,3016.263269407145,0
4642,3.6302848441482056,0.19516486943370737,27.51228039993392,1.7182143150264109,22.82567604636639,2967.418684112882,0
4643,3.7000980142279785,-3.8748407900155093,27.685287715238257,1.988714114160732,22.29387266827135,3015.0097923824706,0
4644,3.7699111843077517,-6.5137934416701855,27.24120173876407,1.6940923562380459,21.703206802287344,3047.5454807582782,0
4645,3.839724354387525,-10.17851286916632,26.98377701207579,1.8616336849866362,20.56022576151244,3082.402805784522,0
4646,3.9095375244672983,-11.347800648026032,27.324386665632428,1.7784982790862385,20.32336262396998,3056.1810615104905,0
4647,3.979350694547071,-14.589161336828857,26.832437050664765,2.295935245907765,20.783288085601185,3006.4698173186644,0
4648,4.049163864626845,-15.205447440920638,26.941136642266965,1.8018639295648322,18.84314227485793,3010.306603996191,0
4649,4.118977034706617,-17.661065213912394,27.08317174779737,1.7426908594153314,18.39468112211999,2983.9900589141944,0
4650,4.1887902047863905,-20.388085070087126,26.945412293451355,2.049667706753154,18.56036050972686,2981.3742609353617,0
4651,4.258603374866164,-18.957890573911616,26.892804230010274,2.337364230912332,19.05340458828556,3034.881271938418,0
4652,4.328416544945937,-21.08301273547329,26.710260869596855,1.976786584150863,17.502744585654625,2987.699597667029,0
4653,4.39822971502571,-23.46963733449528,26.857111822030816,1.9922561387045872,17.700787295825478,3014.6439856435877,0
4654,4.468042885105484,-23.445068111866878,26.986194501779472,2.258151492215695,17.5014730718071,2961.499619703767,0
4655,4.537856055185257,-24.442082667802307,26.82122588386575,2.175645867643289,16.504512170578344,3054.8125059722206,0
4656,4.60766922526503,-26.054871697467213,26.68203984361191,2.0850829969223783,15.112216918620657,2987.1017334539897,0
4657,4.677482395344803,-24.86684287232756,26.613600238487486,1.8835318543199613,16.016892454655693,3043.5191668265984,0
4658,4.747295565424577,-25.904104848070368,26.67929182013375,2.0911915812573225,16.846031180000743,2971.8470729090227,0
4659,4.817108735504349,-26.17088604500245,26.865423788420223,1.7278431809294625,16.851582649052446,2969.731580294851,0
4660,4.886921905584122,-26.750499880949153,26.869771035739305,1.8752648901214803,16.71048149530776,3053.1212712543147,0
4661,4.956735075663896,-24.201218712727794,26.715569063379455,2.2862925301910497,16.682669049746973,2974.959699412579,0
4662,5.026548245743669,-21.947087243906328,26.52711826714851,2.2603985369482245,15.602196561336672,2937.283989985132,0
4663,5.096361415823442,-22.765262485573725,26.95038128907068,2.087496939867075,15.367854598526922,2958.4023785303443,0
4664,5.1661745859032155,-16.664669045225562,26.786791034594714,1.6141292557246683,16.306452574355088,3034.268347239931,0
4665,5.235987755982989,-17.642614689820643,27.064128887310964,1.75835569440337,15.832270572906086,3030.424821730074,0
4666,5.305800926062761,-15.350195565986175,26.891738466614786,1.8641055142771863,16.75182124349884,2969.499956681347,0
4667,5.375614096142535,-14.267619394191842,26.906202027621465,1.9656601937322566,16.384848869350765,2974.7312519520415,0
4668,5.445427266222308,-10.6622196840749,27.131201995516065,1.7499177698988073,17.189241003377244,3026.9206330517054,0
4669,5.515240436302081,-12.440129645863706,27.52006483995316,1.9507372552835536,15.900631294922748,3052.6368218077096,0
4670,5.585053606381854,-12.766548514382215,27.34100936704364,2.353459047631071,17.265864598103228,2997.248018421129,0
4671,5.654866776461628,-7.119524765690626,27.31509059212991,2.0801671753717343,18.205579742812432,3022.169536617473,0
4672,5.7246799465414,-3.0090390271729532,27.4179246133773,2.0437653257922075,16.813251124708692,3034.9373226619196,0
4673,5.794493116621174,-0.8989448677431183,27.17396674543409,1.7964889161963025,17.387599249132645,3086.1201292738615,0
4674,5.8643062867009474,2.1100599780406695,27.343564972696154,1.6722030426574985,16.48604531915194,2953.7713607519813,0
4675,5.934119456780721,6.590458554349721,27.212936498252127,1.7543607148913924,18.21126389406268,2973.251063669448,0
4676,6.003932626860493,8.169405349928759,27.928716257206094,1.6641221703917979,18.68675887650711,2979.7410666354094,0
4677,6.073745796940266,11.842343304587338,27.97961387539205,2.015007052448302,17.69598576520058,3033.10096594859,0
4678,6.14355896702004,12.327866344017897,27.891915057780157,2.076777160881472,18.887553524625467,2989.9232911179533,0
4679,6.213372137099814,15.217868147690332,27.936559496969682,1.8069420094361306,18.9875297089268,3012.489833548976,0
4680,0.0,22.421170884536732,27.767261499625363,2.0295838679818297,19.436075000595466,3004.8737181269908,0
4681,0.06981317007977318,23.290393621206242,28.050812774455345,3.793798763246457,20.14737208970503,3000.069485035627,0
4682,0.13962634015954636,25.327945768033743,28.435866502912663,3.8915394684694475,20.29937611280633,3004.2958629754544,0
4683,0.20943951023931953,28.423934346478493,28.269206428710667,3.6540820701498435,20.169874142813295,3041.1960285971504,0
4684,0.2792526803190927,31.429996329307574,28.246067857048615,3.465031899208331,21.352883867678624,2961.1765740424376,0
4685,0.3490658503988659,34.32746791808633,28.146713572990258,3.6476208487752513,21.98731450815073,2994.061752362764,0
4686,0.41887902047863906,36.378427234505516,28.695129830850583,3.770361996735592,21.070452225836544,2951.3888901680193,0
4687,0.4886921905584123,38.87558972203432,28.552853305188922,3.098554372441888,21.9307152875946,3009.0622771252656,0
4688,0.5585053606381855,43.5538603240126,28.37239303907542,3.7964138075592833,20.935877697255926,2992.1788455703822,0
4689,0.6283185307179586,45.56094754768069,28.566702450440236,3.3910826358813875,23.23467851370524,3042.769725302716,0
4690,0.6981317007977318,50.586181364059215,28.579714429020125,3.393007409012502,24.159521626149594,2999.807071178024,0
4691,0.767944870877505,51.69924165055525,28.813828515694,3.429014405482816,23.382665025023798,2982.24643466388,0
4692,0.8377580409572781,53.839493666599715,28.922874636014797,3.564016827755151,24.094984756954993,2990.131598077091,0
4693,0.9075712110370514,54.345803300970815,28.870130344686288,3.277749149260247,24.202127381293778,3068.936968544287,0
4694,0.9773843811168246,57.125148141306916,29.111402076539083,3.4430371930618096,24.44962836827602,2937.1967755624514,0
4695,1.0471975511965976,59.512644825746904,29.051050820612193,3.6050554412995783,25.30751316875642,2974.8993559753762,0
4696,1.117010721276371,61.52002569303153,29.23789971334982,3.5437142498547987,24.84420392040862,3001.440321760003,0
4697,1.1868238913561442,61.58243571572789,29.059041513768037,3.576162902872294,25.61628493857127,2974.542942136797,0
4698,1.2566370614359172,64.41622890226822,29.598066658355854,3.4352062575237543,25.395239108155934,3019.6272669105583,0
4699,1.3264502315156903,63.675291645781755,29.0796815630101,3.6387419904925316,26.88444771363103,2997.7405824755633,0
4700,1.3962634015954636,65.50561956332588,28.172429244582574,3.711283224400571,28.808191324557107,3010.239396105214,1
4701,1.4660765716752369,64.01870697868858,28.09282058496981,3.6992878624325423,28.682687503024088,3004.7131254111314,1
4702,1.53588974175501,62.25370466600634,28.148147229792958,3.5855220465686273,29.444170298440845,2995.878184284107,1
4703,1.605702911834783,65.37512569788709,27.849037878457178,3.6877785217447356,29.599608316517603,2948.3670505910604,1
4704,1.6755160819145563,65.84147138629224,28.072489953991173,3.6742121168229462,31.02685944846612,3007.0436971677454,1
4705,1.7453292519943295,65.17936988326072,27.658032944465944,4.035301581336829,30.067510925097505,2929.463646564237,1
4706,1.8151424220741028,64.296587674576,27.87784466973674,3.743613414009742,31.20923742321633,2973.1215607348063,1
4707,1.8849555921538759,62.27466278434943,27.55499917084763,3.4822511726729437,30.389634973882426,3019.5682114409065,1
4708,1.9547687622336491,60.513154078337045,27.59902568059197,3.317664142530626,31.82906280483534,3047.587501428337,1
4709,2.0245819323134224,61.27332448702818,27.640012934958637,3.4477719490481777,32.20235299172898,3093.9766450112734,1
4710,2.0943951023931953,59.610814294597155,27.78279510996351,3.433643028880004,32.4057497863329,2982.869840863838,1
4711,2.1642082724729685,56.465342128711136,27.158283935100542,3.6022845135451735,32.851371247954305,2965.3950147911955,1
4712,2.234021442552742,57.124620196090575,27.175384166376716,3.35994875096214,32.015822761840205,3020.8913420344074,1
4713,2.303834612632515,52.11721887466134,26.962708822130093,3.7384354343040807,32.85069028702978,3074.798752593146,1
4714,2.3736477827122884,50.384341602468304,26.80978828225117,3.222087398820941,33.209701801435635,3061.3097917104365,1
4715,2.443460952792061,51.38008025440677,26.697957871523847,3.1734949727367168,31.03483978799037,2958.596831790325,1
4716,2.5132741228718345,47.753209259762166,26.789990966802886,3.4729767984149302,31.44479003775499,2994.379632501508,1
4717,2.5830872929516078,43.30935293165769,26.450913383462606,3.3314881901608975,30.699302632383443,3034.014691325817,1
4718,2.6529004630313806,41.557291389830425,26.71616137941196,3.2483532292031407,32.68778236677193,3036.7884460974547,1
4719,2.722713633111154,38.53533730519678,26.293059412714378,3.3725860089990314,30.550627909703138,3023.6744769538286,1
4720,2.792526803190927,31.272485652189033,25.928681078764836,3.3477028341842154,30.22892982713558,2982.050056639635,1
4721,2.8623399732707,31.043970087554914,25.872697508919728,3.502026866246844,30.648296586425555,3023.318608716293,1
4722,2.9321531433504737,29.279756161135246,25.653335393047342,3.375905842337148,29.988425850308346,3037.1740321950797,1
4723,3.0019663134302466,25.727872328364,25.738316384977058,3.3921731283499854,31.43062502642891,2962.719196973979,1
4724,3.07177948351002,23.50969516573128,25.216369139202076,3.4990268563557416,30.161639535326678,3053.209435964422,1
4725,3.141592653589793,21.694223469421885,25.104515565439485,3.7028483141470847,29.477652770661166,3039.678380558587,1
4726,3.211405823669566,16.378655004533492,25.060398539510476,2.294149093097758,30.582971614614433,2970.3215400187323,1
4727,3.2812189937493397,12.150728262612754,25.09545247694541,2.029553512496813,30.404560384094676,3036.9963931343777,1
4728,3.3510321638291125,11.13125140096741,25.022663144679786,2.045108623754104,28.65913708435574,3032.524546219378,1
4729,3.420845333908886,7.106383987883341,27.87631650163553,1.963362596540832,22.74279227788907,3034.046106110948,0
4730,3.490658503988659,4.374998299112057,27.669046056001328,2.0962497240118156,22.84245936189056,3063.0389221776272,0
4731,3.560471674068432,1.2591904828593903,27.499482597855337,2.0780438721168277,22.20073360817155,2999.5815288372064,0
4732,3.6302848441482056,2.236536374651389,27.55582799650403,2.2651695366176825,21.80425882912595,3013.2608526329163,0
4733,3.7000980142279785,-7.207423281991135,27.1924217903054,1.6222590741689142,22.59259764155625,2894.4508697935926,0
4734,3.7699111843077517,-7.032837207860256,27.0179591139466,1.9531004512575585,22.949435758178588,3044.632907862975,0
4735,3.839724354387525,-8.930975974366852,27.294150505029126,2.0678379738255286,20.568333646076383,3040.7834567036075,0
4736,3.9095375244672983,-12.43134040907905,27.015558192876878,1.9947432084915777,19.35399356692099,3054.241372191389,0
4737,3.979350694547071,-12.091778398290307,27.098430199602305,1.8121653935807776,19.82409769042171,2962.532783713219,0
4738,4.049163864626845,-14.240597394223034,27.072331148052857,1.7401266641519044,19.777150513486685,3038.4818154318045,0
4739,4.118977034706617,-17.378322692709673,27.042372846810693,2.1612644852057725,19.20063181680742,3040.749971857518,0
4740,4.1887902047863905,-19.377153803315267,27.10143824623743,1.848614829920717,19.366776755300375,2973.963335490417,0
4741,4.258603374866164,-20.61366733480998,27.046258422684758,1.6490199016988796,20.297929448526123,3042.2385770785622,0
4742,4.328416544945937,-21.880453435977145,26.91662938459501,2.1713145720019797,16.824996826609727,3018.5216284413186,0
4743,4.39822971502571,-22.91510277547055,26.792429888375406,2.091796580089213,17.47545641573232,2932.0795290508386,0
4744,4.468042885105484,-23.94530633469504,26.851809441770254,1.976825180508353,18.819728096937915,3023.379232818796,0
4745,4.537856055185257,-23.93767491366077,26.72879913388411,1.8170896814477944,16.89637111327324,2969.311725462867,0
4746,4.60766922526503,-23.623667194330505,26.777109387257145,1.9773117113259011,17.69562605650877,2932.9627234155378,0
4747,4.677482395344803,-26.81797743725717,27.193457021114146,2.243117520103841,17.34282304406886,3014.6621310226656,0
4748,4.747295565424577,-26.548583064709028,26.828059462709614,1.67706014279424,17.626825851598433,2997.3867718761016,0
4749,4.817108735504349,-27.376262335797588,26.874110478113703,1.6872044766520813,17.99333966975809,3056.1525428412365,0
4750,4.886921905584122,-23.01675278501297,26.712408599030795,1.874446935417518,16.581449273899054,3007.2687648416195,0
4751,4.956735075663896,-23.287822742634155,26.988656140933283,1.994671262641359,14.798347305536538,3031.140773069481,0
4752,5.026548245743669,-22.03964195938276,26.97277304384533,1.900741620423244,15.542986740755333,3020.352374642006,0
4753,5.096361415823442,-23.86752081305064,27.002482257718118,2.128563315033404,17.789184191791563,3040.8382941877117,0
4754,5.1661745859032155,-17.76830989914231,26.95368083145402,2.2177667888896693,14.875047922966424,2964.5437061983903,0
4755,5.235987755982989,-19.884419532517775,27.115898029823686,2.0557537549214935,16.399115884448097,3007.9414652045075,0
4756,5.305800926062761,-17.054382054310008,27.19590769242916,2.1120864687512206,14.014550966207409,2994.370563877112,0
4757,5.375614096142535,-14.178906921284922,27.096851933574328,2.0544199104047345,14.99876827236912,3026.1473353535507,0
4758,5.445427266222308,-14.921986780176868,27.09103435557708,2.0019016181830636,16.87173437823086,3010.2325230705665,0
4759,5.515240436302081,-12.079113208423893,27.300595603966418,1.741288260037061,16.301829074647028,2975.4384853605666,0
4760,5.585053606381854,-8.656684773992971,27.09303607239219,1.7944016584794744,16.110683737706328,2986.4826584032594,0
4761,5.654866776461628,-2.1641267399642423,27.186963655156735,1.7298163046056145,15.926354205617848,3065.940108341556,0
4762,5.7246799465414,-3.394679776216223,27.35610183148742,1.9702990410077832,15.173023043714517,2932.2259552715486,0
4763,5.794493116621174,1.2833214005809914,27.17543056439121,2.0464556062508743,17.542878616561342,3028.3745882746134,0
4764,5.8643062867009474,3.5053607793769275,27.63605531934355,1.7101475230437246,17.003950054384674,3049.6578518693204,0
4765,5.934119456780721,5.161108605086691,27.445138744889327,2.0145190094204017,16.278526533745886,3023.1534861000955,0
4766,6.003932626860493,6.112525330788992,27.598511519794336,1.8249567343479582,17.807663652495894,3078.84033005192,0
4767,6.073745796940266,12.23360432942816,27.718514031666725,1.786160131292628,18.55654672478197,3037.540625883009,0
4768,6.14355896702004,11.490044944324964,27.838885302083504,1.8749301166878583,18.2580869156653,3015.364948549508,0
4769,6.213372137099814,19.262271367030024,27.864744240043596,1.7759047003309907,18.855945664501053,2981.3308176632845,0
4770,0.0,20.30000796232738,27.98989434291545,2.1213318235918575,19.153948220764736,3016.1066978872373,0
4771,0.06981317007977318,19.163705997538376,28.074763623634386,3.4663991163902144,18.932320450190268,3027.2672768075236,0
4772,0.13962634015954636,25.752030400655187,28.099953077508008,3.6630428113975175,19.92766419624661,3000.140016974411,0
4773,0.20943951023931953,30.336947818183578,28.133514860335495,3.411300729578746,20.86923794881072,2970.286935630217,0
4774,0.2792526803190927,32.04814520220531,28.49298591563374,3.418862787623263,21.51396172199498,2951.831093359742,0
4775,0.3490658503988659,36.46341516614545,28.094763316650795,3.8746765281626914,21.730413107402516,3007.416275415239,0
4776,0.41887902047863906,37.02811268684256,28.45722669783954,3.175387905663932,20.97372934806381,2940.787351688737,0
4777,0.4886921905584123,39.16724676618367,28.49303095456044,3.75689624868394,22.441124630487685,2981.1382924216996,0
4778,0.5585053606381855,43.73919878592282,28.69872184008882,3.8309048075291656,22.72320508330188,2902.7303811649253,0
4779,0.6283185307179586,46.497684854096164,28.487198383273117,3.6531634992523,22.200033041724115,3033.32074118485,0
4780,0.6981317007977318,48.402865909300786,28.696377330437304,3.433905906125795,22.809577375106628,3046.1618683668476,0
4781,0.767944870877505,53.10056339061816,28.818236084452334,3.7853804143479484,24.13225568913324,3003.1579224104976,0
4782,0.8377580409572781,52.16620608377415,29.052284832128443,3.4356477280220004,25.089762352932393,3073.258361274392,0
4783,0.9075712110370514,55.93023232330102,28.99544064934738,3.358842882857856,22.92894645086453,3053.895470088651,0
4784,0.9773843811168246,57.408645721722316,28.817321855435722,3.422346331161667,26.068794338072145,3019.1914286058886,0
4785,1.0471975511965976,56.636069242095616,28.966108976733228,3.3859612521762923,26.05310388000568,2995.4714255635113,0
4786,1.117010721276371,58.46718680795975,29.211460558458104,3.3106753750160838,25.630892751763675,2986.0240752446703,0
4787,1.1868238913561442,61.74113997987838,28.932504395591685,3.7220015668217927,25.61193318903962,3022.4996429743996,0
4788,1.2566370614359172,65.76934323131235,29.129471179298328,3.345310329475643,26.431226610015955,2994.3509263642286,0
4789,1.3264502315156903,64.53221240026805,29.162986803652252,3.4940706022157255,25.900734156424114,3021.929208066298,0
4790,1.3962634015954636,61.72789664783241,29.123901844626538,3.2112456221202392,26.543836422556755,3024.8981445533136,0
4791,1.4660765716752369,60.0877531938933,29.597789041861766,3.5061621363498383,25.755947186799585,2990.816830087594,0
4792,1.53588974175501,66.07216760536588,29.137359273505783,3.268814791155452,25.768679148154575,3043.8314326249197,0
4793,1.605702911834783,64.828266991467,29.266733766328084,3.2639028354149535,29.22852334161732,2990.8579497211035,0
4794,1.6755160819145563,66.46538424583785,29.078481106409036,3.4781424179807834,27.58779230029617,3000.853541945813,0
4795,1.7453292519943295,62.995272004482196,29.26093150241456,3.711394453036187,27.847960108583262,2960.8990159870255,0
4796,1.8151424220741028,64.18862642920763,29.294973011058985,3.588082737547959,27.78040263163884,2989.175330600283,0
4797,1.8849555921538759,64.06680342782371,29.053073214042268,3.601824077226552,27.234468302648658,3086.3279382390165,0
4798,1.9547687622336491,61.05207799819571,29.104415353197364,3.4740165640041987,27.714008413672715,2963.9845372451914,0
4799,2.0245819323134224,59.80660372811591,28.94426089007537,3.4328719469698963,28.066544784700277,3017.508494414964,0
4800,2.0943951023931953,59.00903741694733,28.867569912733845,3.6582281276988473,27.84101874886279,2981.8203539102174,0
4801,2.1642082724729685,58.12070528481737,29.150364401941083,3.3873645675358395,27.37207947238246,2911.4439399393623,0
4802,2.234021442552742,55.43898290553463,28.86251276244552,3.6668868308895393,28.30384101669851,3022.3588169314735,0
4803,2.303834612632515,54.90251165312197,28.529731941296664,3.747189387786812,27.98850720038358,2977.7550296423838,0
4804,2.3736477827122884,50.566723886754325,29.098393468024838,3.3317226434048446,28.041265879011732,3012.7616486536535,0
4805,2.443460952792061,46.93284962769961,28.651030833164455,3.3611109008733586,28.15219865159892,3039.588758502875,0
4806,2.5132741228718345,49.415799405331065,28.66838634618876,3.390860898717079,27.285741845059608,3009.3839353675235,0
4807,2.5830872929516078,42.93941628568055,28.88203909290399,3.206607474849317,27.09463257235222,3013.13195383618,0
4808,2.6529004630313806,40.27355719978848,28.542104561214924,3.406119453673228,28.197808142221614,2965.282403047717,0
4809,2.722713633111154,38.20444395680274,28.463583481360683,3.760289947443901,26.01431988276197,3028.2730144343186,0
4810,2.792526803190927,35.49167811413607,28.22619821530822,3.2908848915329303,25.005075928063697,2992.412639448389,0
4811,2.8623399732707,31.823655548032562,28.085539772036263,3.7650392217307895,26.660918620758316,2920.0628557079785,0
4812,2.9321531433504737,29.329875241375657,28.22453608929189,3.4133111084093843,25.40497161164672,3033.089777148477,0
4813,3.0019663134302466,26.2031461960607,28.22142918726331,3.9228071274205507,24.719493366399643,3045.3193141173006,0
4814,3.07177948351002,23.40127030901686,28.129536579724565,3.3636373869369143,25.945038895822822,3059.244898222339,0
4815,3.141592653589793,16.46376881151903,27.927810837929616,3.471203610035568,24.760738524617892,3086.832920096249,0
4816,3.211405823669566,19.68227314202616,27.91933090140909,1.81796338696152,23.49139245680172,3030.94138190511,0
4817,3.2812189937493397,13.516277986495215,27.557410779548725,1.8624598452828347,25.6637003896009,3020.5588847107415,0
4818,3.3510321638291125,11.51490784237132,27.819531024123012,2.267635833371678,22.430386584730517,3043.661909678203,0
4819,3.420845333908886,5.529166975934009,27.69344604973511,2.094907337027796,23.244410502796608,2964.5201941327246,0
4820,3.490658503988659,3.9025931584710354,27.885624962136628,2.2057635558354898,21.390748943591205,2933.121222754206,0
4821,3.560471674068432,0.6883772621083866,27.5130379752734,1.7368821398019936,22.70271881402924,2980.919647659823,0
4822,3.6302848441482056,1.0783653213977282,27.295233721835018,2.130965690631583,21.554958450599802,3051.089767094121,0
4823,3.7000980142279785,-4.725087300748041,27.356488412806833,1.8057113366559059,22.304587910830854,2973.5560347126225,0
4824,3.7699111843077517,-5.31321637275115,27.24548772724666,1.7325362973934295,21.21829081527436,3018.6244235063646,0
4825,3.839724354387525,-9.901073114904058,27.293861048691713,2.0477532277707113,21.89945865806729,3022.931892108619,0
4826,3.9095375244672983,-11.938555080135798,27.170443764707983,2.045707666682283,20.067727659061653,3009.7706054976766,0
4827,3.979350694547071,-13.80984239428376,26.91923420426923,2.01066915725983,18.72812868439603,2948.8947057932623,0
4828,4.049163864626845,-13.534716222058542,26.80902560244283,2.143511682525533,19.81172887317256,3013.7082298444875,0
4829,4.118977034706617,-20.141469753522042,27.0445911433289,2.174713263526735,19.041208668255937,2983.137861450079,0
4830,4.1887902047863905,-20.944638503211376,27.168236696619058,2.2939458678387403,17.422815955618894,3068.114447688225,0
4831,4.258603374866164,-23.366689831997235,26.93334932704876,1.7619314003388329,17.684097827500583,3045.4751385174086,0
4832,4.328416544945937,-23.354526635147604,27.009373977607886,2.300403249090045,17.605787555892793,2984.548276963436,0
4833,4.39822971502571,-24.014943310070066,27.010653553576358,2.3764622979391152,19.12542686167995,3070.629459139652,0
4834,4.468042885105484,-26.085029563555423,26.875663905338005,1.926753996709593,18.152770194704694,3013.7484563716744,0
4835,4.537856055185257,-25.417570505471364,26.696056973206137,1.6663016633853647,17.03581943125172,2933.1345387423144,0
4836,4.60766922526503,-27.775557012972428,26.835869938314904,1.7233002173861764,17.440727035947024,2996.8677886877454,0
4837,4.677482395344803,-26.49957030151083,26.981791940717155,1.9076297238132576,15.206534582302698,3065.411117118491,0
4838,4.747295565424577,-23.171956615994006,26.880214590017072,2.4028283180614842,16.185397077228988,2967.2064598873894,0
4839,4.817108735504349,-24.14810318615065,26.91881052698237,2.0034160000406356,16.783464177637157,2997.270403794571,0
4840,4.886921905584122,-24.035147377290574,26.748848760131576,1.8765631766496373,16.44729215333501,2945.606147289448,0
4841,4.956735075663896,-25.167475516838522,26.805292064506983,1.8629195483285406,15.763526217149575,2951.954681338594,0
4842,5.026548245743669,-25.101670671849,26.84092308381076,1.7354555349988416,16.072665976061828,2966.630410243842,0
4843,5.096361415823442,-23.432007568806856,26.87967867413934,2.174915205936078,16.310828702286287,2950.904070208341,0
4844,5.1661745859032155,-20.51054682380654,27.096640891842853,1.981586251056183,15.998920842339613,2975.269036611902,0
4845,5.235987755982989,-17.66887800070974,26.60869345620795,2.4199659019524864,16.690473794634418,3069.531331380041,0
4846,5.305800926062761,-15.953139639273912,27.009735658621224,2.1256418792852902,16.281120033372073,2998.557097360036,0
4847,5.375614096142535,-14.514565368577479,27.042462639317705,2.165987263211454,16.48874239422447,3031.420868036484,0
4848,5.445427266222308,-14.547852442584675,26.902501038210506,1.9515790338514645,17.533028383695,3043.6627606763236,0
4849,5.515240436302081,-11.22280192204891,27.267175037937324,1.7817939323653023,16.935065404755278,2955.6625414051277,0
4850,5.585053606381854,-9.407456230950151,27.119979839584413,1.825283803934164,17.804603955121728,2966.739503502962,0
4851,5.654866776461628,-6.752120998403426,27.241102799846058,1.7261506112221836,16.040307532125635,3030.6327490984345,0
4852,5.7246799465414,-0.7906750450545399,27.641414169083262,2.182078943963618,15.496325977146153,2974.6286797794583,0
4853,5.794493116621174,-3.7692206808705047,27.588130172087787,1.9230169625508227,16.875929275011305,3027.9834868649855,0
4854,5.8643062867009474,1.3448358377056027,27.598089069180805,2.1905001079184134,17.049990860768826,3067.092896841506,0
4855,5.934119456780721,6.426716911139147,27.64669236820586,2.027182880461513,18.663549995268294,2941.7846845035706,0
4856,6.003932626860493,5.397481745684703,27.6445331696528,1.9414363288459109,16.879476794762198,2985.722633486261,0
4857,6.073745796940266,9.67835277530143,28.050412560824206,1.76607943300629,18.028445144085914,2992.0691450915624,0
4858,6.14355896702004,12.943652710445576,27.95331742356396,2.0603265465925356,18.742769360599908,2978.9453419571832,0
4859,6.213372137099814,16.52602409843341,27.80385974441226,1.956273396710641,18.843233521038606,2975.681039733378,0
4860,0.0,17.606064260590674,27.78998465826735,2.1804367855910844,18.986223050583828,2980.3151674100654,0
4861,0.06981317007977318,24.0319704089927,28.16873346879134,3.3569178648248803,19.784611059657887,2999.3899709615275,0
4862,0.13962634015954636,27.26222046697266,28.15862735167031,3.6232215546994073,20.747534610336324,3006.5953920653487,0
4863,0.20943951023931953,30.11858907432609,28.035153303939385,3.8281696832445076,21.509660780729696,3038.1364337057194,0
4864,0.2792526803190927,31.09812050032834,28.395052751837138,3.554511182931944,20.71249254929938,2998.9952532476,0
4865,0.3490658503988659,35.520672635836036,28.370070097944073,3.657058290548376,20.44515303365539,3044.726997892039,0
4866,0.41887902047863906,36.95398857905737,28.567683710520082,3.614378049235516,22.741435048327233,2976.3279969300693,0
4867,0.4886921905584123,40.62732533420781,28.629626907530206,3.8796182969035042,21.070047831843468,2951.945486495535,0
4868,0.5585053606381855,47.07656878125054,28.54466351384827,3.5743120843387657,23.78329501592475,2987.8098386235233,0
4869,0.6283185307179586,46.59387941955568,28.8002690174146,3.639991770347102,23.843108367615255,3018.4997061828794,0
4870,0.6981317007977318,47.14415257191351,28.696659369228612,3.492744794296809,24.37254659828127,3034.41866812579,0
4871,0.767944870877505,51.53012968165075,28.76865776357365,3.345122292863448,24.136813891793675,3058.4093434249016,0
4872,0.8377580409572781,51.413823257387776,28.811933079579667,3.258364862863766,22.298243798576987,3011.6080121593477,0
4873,0.9075712110370514,53.661968323529976,29.115259068499007,3.753384813127335,23.546987304388495,3030.121040233353,0
4874,0.9773843811168246,55.745006061053694,28.952759228857897,3.298328125731492,25.00225592393116,3054.751174695258,0
4875,1.0471975511965976,58.30467899200622,29.245096961625965,3.6491728999566866,24.581258540438395,2968.8301240744563,0
4876,1.117010721276371,61.85118557684632,29.34607558608703,3.5832033260767524,25.21937404896054,2991.594360024363,0
4877,1.1868238913561442,62.59087075253069,29.001812754951978,3.6835570689791464,26.294753032386755,3110.8365284213182,0
4878,1.2566370614359172,63.5820362256529,28.703118522349644,3.397057595483356,25.98290042261773,3034.255557692103,0
4879,1.3264502315156903,62.01492083403403,29.321031303021886,3.341854017103358,25.437969961491817,3020.4280123478547,0
4880,1.3962634015954636,63.504377352395885,29.13047351901063,3.5756743676199516,27.394519409024944,3035.747633773029,0
4881,1.4660765716752369,65.16148695189709,29.06349831247213,3.4415316653584975,27.34789096807375,2946.572914174426,0
4882,1.53588974175501,64.03010723777669,29.11096127649997,3.253794332678744,26.962700759425616,2974.1269428567334,0
4883,1.605702911834783,64.55503755540767,29.13704691921801,3.887705108468069,27.93169098113635,2959.508084820878,0
4884,1.6755160819145563,65.41552333036722,29.38800523804599,3.341718366807491,27.61336977604761,3016.7443327883666,0
4885,1.7453292519943295,63.79318986374741,29.205755989512276,3.301273457602997,28.750097845713565,2985.241357403589,0
4886,1.8151424220741028,64.00239706607287,29.356894666047417,3.4515728463641246,27.925955174573545,3003.815539565217,0
4887,1.8849555921538759,65.18663591731126,29.21540083744596,3.7505717138315826,28.955829651497915,2987.559350108047,0
4888,1.9547687622336491,61.46548525702494,29.066236016887572,3.0666529913752765,26.460735876383158,2934.9437629005747,0
4889,2.0245819323134224,62.21473879804132,29.019999275077613,3.7339767229150898,28.36096904809506,3035.399057486161,0
4890,2.0943951023931953,59.81019827126078,29.12347179715377,3.3177052997087393,27.68003993355969,2929.5121425144825,0
4891,2.1642082724729685,55.10582777474673,29.117908931465955,3.5529050480216506,27.28660086386324,2970.8941304291475,0
4892,2.234021442552742,53.807278368407204,29.095131807183197,3.36479860765524,28.847050445643372,2947.3811088004754,0
4893,2.303834612632515,52.191123321877896,28.852543013866512,3.898383370800401,28.549085392390122,2964.810353191724,0
4894,2.3736477827122884,49.97737429525569,28.859870923011467,3.52492401732847,26.1217583103428,3008.07434251279,0
4895,2.443460952792061,48.790007816734054,28.858951193012146,3.3583816899317527,28.160559310236223,3049.4009184241127,0
4896,2.5132741228718345,47.37230242528403,28.647747548860437,3.439781735632462,27.89747941202297,2937.560200442652,0
4897,2.5830872929516078,45.729104515551306,28.46566211200943,3.5179274149803375,26.651285719251277,2977.711679267963,0
4898,2.6529004630313806,41.58848295845272,28.442425215337753,3.53553532155244,26.343602934849436,2930.0382282822948,0
4899,2.722713633111154,37.6346296043312,28.451928655308762,3.587752496704264,25.49707187021054,2975.783518972236,0
4900,2.792526803190927,32.267544584210285,28.509755242873847,3.499719078463537,26.233955808853622,3002.875682745318,0
4901,2.8623399732707,32.509565374891,28.519611451316216,3.224567516678257,26.07449762846708,3030.6831026861028,0
4902,2.9321531433504737,29.394681377341655,28.046086947671117,3.4319464658196677,26.546049111832943,2915.257520541116,0
4903,3.0019663134302466,26.537182673511396,28.077405969062582,3.6213316749681717,25.796878423834848,3022.022072796981,0
4904,3.07177948351002,26.298401765040648,28.030028393933463,3.3660234387242,24.38892198990542,2961.0943996371193,0
4905,3.141592653589793,21.860894819289616,28.119207554845996,3.6345562559396756,25.067652691581095,2951.3523689122576,0
4906,3.211405823669566,18.03855005888936,27.837075651198774,2.006343626591562,24.299007367384064,3002.69950780367,0
4907,3.2812189937493397,12.294094761689651,27.768532428605802,1.9564519686467021,23.367882523461702,3025.0858521799028,0
4908,3.3510321638291125,9.874481789405726,27.538707084446155,2.2388287785079184,22.447329801230534,2995.9818105946815,0
4909,3.420845333908886,7.4540520778422925,27.74174627041559,1.6523737111231438,23.813595884685895,2956.274774217116,0
4910,3.490658503988659,3.4459828643293804,27.565365966819716,1.86493582034707,23.25928808305253,2995.9607599542855,0
4911,3.560471674068432,2.4475478490666855,27.413809273062103,2.2464857419357553,22.931607449572184,2970.992858660011,0
4912,3.6302848441482056,-0.5908570515415328,27.397707140984615,2.3660098326307066,21.48524986397473,3024.161298998196,0
4913,3.7000980142279785,-5.4788285800762555,27.533146208209843,2.45719849693434,21.78603194824877,3043.014313252104,0
4914,3.7699111843077517,-4.6551112895171,27.143924661001055,2.010071106067661,20.13190860666593,3040.458479635391,0
4915,3.839724354387525,-8.771976935180975,27.102405923710613,2.0915794759231088,20.02970618538032,2999.2100600807994,0
4916,3.9095375244672983,-13.853233390768258,27.354247822569047,2.163485565447133,20.43848455278346,3044.9064273824893,0
4917,3.979350694547071,-13.518531434000185,27.119592433629954,2.2550150544316567,20.221646593570505,2959.160788535136,0
4918,4.049163864626845,-15.038674228418136,27.154850210178722,2.062618386934952,18.318661713999578,3071.3146532969918,0
4919,4.118977034706617,-15.847502222823254,27.065417699434803,2.1852297846892133,18.397218881181182,2958.936716904075,0
4920,4.1887902047863905,-19.47735777498965,26.95546933261458,2.0919547600889046,18.585909591854268,2918.795232385977,0
4921,4.258603374866164,-19.2038246822917,26.869202276568718,2.1044447883816755,19.295217034697387,3054.617456379788,0
4922,4.328416544945937,-21.442560475350103,27.01211307789243,1.816326152619984,17.545011309981007,2971.594623151895,0
4923,4.39822971502571,-24.770125146838275,27.03308266561749,1.9341572561247553,17.993580375595428,3004.6695553002087,0
4924,4.468042885105484,-25.78605784264361,26.99827338052122,1.8954461603844361,17.783127667555974,2958.767678123029,0
4925,4.537856055185257,-22.632509080325338,26.640409951338196,1.7622209092842955,17.11425410090713,3094.544136293618,0
4926,4.60766922526503,-22.95950902399965,27.00231037823472,1.6696789551578168,17.27844728257678,3072.8727068023027,0
4927,4.677482395344803,-24.48822337025222,26.747040719447437,1.9152745002815703,15.762169042539737,3061.8621572489747,0
4928,4.747295565424577,-22.729027134089264,26.68747657694536,1.947223534712748,16.11269220729783,3003.534309490974,0
4929,4.817108735504349,-23.168570518009894,26.7811745710428,2.0210074152055686,17.610155760405583,3039.2279691900144,0
4930,4.886921905584122,-23.290905791329784,26.94289996167266,2.111147568168028,17.518803029816723,2997.8779174536526,0
4931,4.956735075663896,-25.030274915520355,26.916714756073013,2.0376244487211643,16.869347730093985,3044.8880538557382,0
4932,5.026548245743669,-20.200400106733397,26.820424218667675,1.9486177644938847,16.98362623372955,2983.5756254527314,0
4933,5.096361415823442,-20.918821307193024,27.01302925455155,1.816974736844625,14.579613213684862,3063.3881766294767,0
4934,5.1661745859032155,-21.024490245379948,26.942426231554915,2.1754138195002435,15.247449462239546,2981.5651074700377,0
4935,5.235987755982989,-19.973548178257687,26.874823795627766,1.9796355565421198,15.75278937335315,2986.1083638269874,0
4936,5.305800926062761,-16.921515092706105,26.898949620490175,1.9132420409986182,17.95867188659319,2981.3388410123257,0
4937,5.375614096142535,-17.96707253956016,27.115922322335177,1.962709143517346,15.82928283827557,3007.698094588667,0
4938,5.445427266222308,-12.392007233453466,27.095848549054786,1.8534511305290584,16.75810799280947,2984.4721662829656,0
4939,5.515240436302081,-12.689982892695932,26.960084182437157,1.8938652153177786,16.5757579609871,3019.4902227682783,0
4940,5.585053606381854,-8.369530272657853,27.355729092336578,1.8875083373419623,16.696735966601917,2980.760520663946,0
4941,5.654866776461628,-7.232766859198541,27.22261644295537,1.9425325163999063,16.55901452627201,3031.631540847361,0
4942,5.7246799465414,-4.242994959581315,27.602914830118475,2.131150991363618,15.810230811241693,3060.7346807243425,0
4943,5.794493116621174,-2.261585134512683,27.226185626883723,2.0814224137081214,14.827222776791618,3003.101885751802,0
4944,5.8643062867009474,1.4550069148177918,27.484809738850537,2.309347481456157,18.255941935739312,3088.7331373907937,0
4945,5.934119456780721,7.443162869370943,27.484579175343313,2.2423458184224017,17.002820444350778,3045.101173714868,0
4946,6.003932626860493,9.673908428807971,27.522921794963,2.391284354646915,16.28982178491082,3085.529460470996,0
4947,6.073745796940266,11.175692345693992,27.677487363504934,2.111831695934166,18.44191712925621,2997.5520429179264,0
4948,6.14355896702004,13.699269058449607,28.09857742020347,2.108621044474706,18.753657395020827,2933.5416319886695,0
4949,6.213372137099814,18.127260467553715,27.937797757018977,1.9025168444725729,19.377465367036212,2971.7545110295714,0
4950,0.0,21.694955591161335,27.881243794180385,2.1652029794991,20.01601932981348,2975.8345323933095,0
4951,0.06981317007977318,21.894313745174344,27.809413506942338,3.368776613991382,18.762567201669114,2961.878982049518,0
4952,0.13962634015954636,26.14663124175464,27.908803339199924,3.2059088951236845,19.18427114027207,2912.1638141480403,0
4953,0.20943951023931953,26.62308874244705,28.1690245573635,3.805264678449551,20.02610178903359,3040.98586962849,0
4954,0.2792526803190927,34.0883341771563,28.2357116293596,3.2501636810734658,21.343558930578645,2925.5992335294236,0
4955,0.3490658503988659,38.488442836206374,28.376816566055627,3.5877703579191196,19.415718441481133,3037.1551713536123,0
4956,0.41887902047863906,38.42327287534563,28.147256401625583,3.3239337254333274,21.616372841925546,3087.421998778794,0
4957,0.4886921905584123,37.938705138010555,28.54961363608609,3.7253335245583665,22.677852048816394,2968.8666691058256,0
4958,0.5585053606381855,44.75970266535977,28.79006258335191,3.752589997154139,23.063517099047157,3015.5028196453613,0
4959,0.6283185307179586,45.09420260393767,28.948768489855595,3.6058355614846374,23.334649343550137,2984.054708348211,0
4960,0.6981317007977318,47.93041827339758,28.487178209436276,3.74927294189524,24.03142798133461,3033.083037870991,0
4961,0.767944870877505,52.19949125534138,28.713381130664924,3.5014674151662244,21.39075504180265,2952.2235685397945,0
4962,0.8377580409572781,53.82334833475183,28.763638711426694,3.94683493616521,25.279010782345058,2994.728356816379,0
4963,0.9075712110370514,54.72832074929459,28.967471118456913,3.6492330466985816,24.64260793210763,3044.8472105492765,0
4964,0.9773843811168246,56.332282316074384,28.81187921688458,3.3198896880752615,25.824466364719115,3006.117440691027,1
4965,1.0471975511965976,59.15989725313099,29.29156997185033,3.5139213417488278,24.18206855774844,2959.245545726472,1
4966,1.117010721276371,59.831533754693965,29.08508122631186,3.469499594756986,24.068536475959927,3069.187362909082,1
4967,1.1868238913561442,60.059417755100924,29.09414868208526,3.4499151883124677,27.233608635730526,2939.559332514808,1
4968,1.2566370614359172,62.29869846106437,29.3801748796216,3.1685721544201586,25.377662382945026,2916.9487947914754,1
4969,1.3264502315156903,64.17269661730262,29.161947727918694,3.577372908888692,26.164507321244816,3106.569124722124,1
4970,1.3962634015954636,64.0491936853199,29.241814814589453,3.2228494042118894,27.107956150884082,3024.13378139472,1
4971,1.4660765716752369,62.633222394200025,29.080806533448122,2.9949185438955235,27.55427807618158,3193.6139395202795,1
4972,1.53588974175501,66.45618414792261,28.99369368266476,3.431197271775339,28.024630549700692,2841.8107245338333,1
4973,1.605702911834783,60.86437006044431,29.10771474769728,3.3488212693215527,27.541386967765252,2997.3581714831835,1
4974,1.6755160819145563,64.08393755902965,29.521472650283652,3.3276925974728893,26.693884747122308,2950.465150536431,1
4975,1.7453292519943295,63.38605120371849,29.276722445857693,2.8793808099268956,28.250314997784745,3012.3557082015304,1
4976,1.8151424220741028,63.885575999226965,29.20553509709785,3.3298314248093903,28.383033711247645,3111.438609522176,1
4977,1.8849555921538759,63.64003594498602,28.994811811026405,3.4652716269654595,26.444659605284397,3055.26935160297,1
4978,1.9547687622336491,63.413420667896986,29.24930824562772,3.3731692119807812,29.094605974806008,2984.9889857396056,1
4979,2.0245819323134224,59.37712477343427,28.874898864411932,3.577468735250666,26.003933339477367,3010.2616590085768,1
4980,2.0943951023931953,59.85101667629996,28.80417201708897,3.7785321296951127,28.825861880179442,2756.179605314068,1
4981,2.1642082724729685,57.60041834679907,28.9110120186338,3.603273488051035,27.46655368009178,2788.051259483978,1
4982,2.234021442552742,52.89317484952766,29.238786541122284,3.705278858820397,28.484657567146105,3221.5378344034298,1
4983,2.303834612632515,56.2923275296339,29.176457925431766,3.7218253379296895,28.24597081112843,2894.6398481415745,1
4984,2.3736477827122884,49.101463979794566,28.765904505313216,3.2962278465866577,27.69724162249219,3200.033339483587,1
4985,2.443460952792061,49.55468834435885,28.670215278894148,3.587822938537239,27.949032113487306,3116.0296298352305,1
4986,2.5132741228718345,47.03527626945792,28.459287996667,3.699031470673093,27.353002050567003,3132.5543276795092,1
4987,2.5830872929516078,44.25982206398784,28.647607725907857,3.4128079043903043,27.800903585833503,3021.947475348961,1
4988,2.6529004630313806,40.38435500212269,28.58766778814129,3.341874669993942,28.760063502112274,2951.805825320957,1
4989,2.722713633111154,39.544027915121774,28.606517409820498,3.6060812918432887,25.69654085738137,3016.7076967975668,1
4990,2.792526803190927,33.05035523874046,28.547030298989576,3.203674225642464,23.95346426429265,3136.208445653087,1
4991,2.8623399732707,32.304937828754106,28.301151539330704,3.2823990833867414,25.8839482455556,2515.4692389260385,1
4992,2.9321531433504737,28.51021407197048,28.332898210195246,3.3666487304833135,25.521230967614912,3211.6566596402627,1
4993,3.0019663134302466,25.246842630102414,28.061911890975097,3.5901028426261417,25.27931959191602,2916.092534513148,1
4994,3.07177948351002,23.782162999665967,28.164264148497054,3.543782504311133,24.495697319006798,2952.387733040112,1
4995,3.141592653589793,21.616217814079533,27.923915188272318,3.7064741759104263,25.574500566986494,2936.2870215028092,1
4996,3.211405823669566,16.346075038759082,27.98521100890209,1.8156259891273163,23.397180138201843,3001.1705368601683,0
4997,3.2812189937493397,14.908232091685717,27.889767477640728,1.8049054057464984,24.476363578970584,2986.6349723546527,0
4998,3.3510321638291125,10.71858491136774,27.76082651487295,2.104782393749933,24.22970809053407,2939.277832024565,0
4999,3.420845333908886,6.257220674378033,27.788416130743503,1.8402666191785928,23.566925942297978,2944.771175975815,0
5000,3.490658503988659,4.222165410483315,27.354015967305095,1.8792992169011158,23.291884984129698,3013.4617269107116,0
5001,3.560471674068432,1.2476222254015858,27.3521785955759,1.6286470321496502,23.24560603152943,2973.7723465779545,0
5002,3.6302848441482056,-2.171210194123259,27.396125173623975,2.0581692002827174,22.110697636573658,3020.410342987855,0
5003,3.7000980142279785,-3.203642497510466,27.147607374769155,2.3082580943632336,21.371970767586838,3005.861252259069,0
5004,3.7699111843077517,-6.098367071604148,27.233628020065826,1.794142216739924,21.62129627521962,3041.901678652116,0
5005,3.839724354387525,-11.311416983298392,27.17246032411452,2.2043407223440226,21.299265424951415,2966.714196640669,0
5006,3.9095375244672983,-13.73691566351392,27.36286252344921,1.9881202838020098,21.123243609959797,3009.3087131002003,0
5007,3.979350694547071,-12.8044904666741,27.129606264770846,1.6469170723179938,18.64184996140038,3025.5309835949583,0
5008,4.049163864626845,-16.683413555494294,27.208801532081516,1.8210546288743743,19.47489081420342,2974.951300563873,0
5009,4.118977034706617,-16.853629032326378,27.050406120755408,1.8087065334392456,18.390960022684073,3045.0881302254447,0
5010,4.1887902047863905,-17.799745803135945,26.880419424773862,1.9366944429718747,19.32699572201048,2933.3488923367477,0
5011,4.258603374866164,-22.35216133957085,26.941504665602977,2.083902857689341,19.10976938543936,2966.6823601208143,0
5012,4.328416544945937,-23.840579337369704,26.996793324609683,2.3697845674482862,17.975963367348317,2931.8524891545235,0
5013,4.39822971502571,-20.285895709688965,27.037742379412204,1.7137708410163026,17.297705763792617,2970.565001067032,0
5014,4.468042885105484,-23.135951507976152,26.81579861902864,1.9030445206160023,18.064384382989587,2993.816637782379,0
5015,4.537856055185257,-24.945209870559268,26.571104099807407,1.8208038294178577,17.20741370789154,3033.2600287610494,0
5016,4.60766922526503,-26.1543959705417,26.548903386944787,1.7464041077021406,18.205204581747875,2993.7883865101844,0
5017,4.677482395344803,-25.738248489220226,26.751769116059553,2.0190895373219133,18.256464929510326,2976.1850512444976,0
5018,4.747295565424577,-26.758445720029272,26.45004578240489,2.0002959982373696,17.4378908050553,2938.031088152613,0
5019,4.817108735504349,-23.42836703043642,27.075839395418594,1.6372395305834262,16.648793799268947,2951.432854183666,0
5020,4.886921905584122,-25.48147561595885,26.907770681095307,2.003630105589093,17.77545101716475,3012.4082380204745,0
5021,4.956735075663896,-22.023005800095447,26.74029507704422,1.7589208014177722,16.3875873663363,3035.258190447355,0
5022,5.026548245743669,-23.39848661293693,26.692285041344498,2.002365543826995,15.719957369434145,2983.231122231802,0
5023,5.096361415823442,-23.28829873093141,27.04159723891627,2.253899298641218,15.500069549367815,3048.4405809129844,0
5024,5.1661745859032155,-21.08518446548322,26.75440157109335,2.0926135922151876,15.443604920513508,2962.003304036834,0
5025,5.235987755982989,-22.907393336551866,26.808035500918514,2.035503418881418,15.996574831227592,2984.3783752478857,0
5026,5.305800926062761,-17.487843629987903,26.890263021929947,1.8942468485193227,16.396627798391773,2987.754176808773,0
5027,5.375614096142535,-15.715662698997717,27.071500207858083,2.013373530168955,14.947624466291993,3061.1765515321767,0
5028,5.445427266222308,-12.204403026660808,27.201345825299235,2.1126508444494965,15.803043811056801,3005.346365072038,0
5029,5.515240436302081,-14.089084062629961,27.345310790461554,2.092833268561682,16.44334114954114,2928.0626884296926,0
5030,5.585053606381854,-7.1826428945989615,27.38540056321816,1.9801562472372911,16.926738213345658,3038.0661722103605,0
5031,5.654866776461628,-5.219437410664817,27.294773753634242,2.043475264787783,16.55710082343792,3073.8371030651156,0
5032,5.7246799465414,-1.9683015449462653,27.517175178983607,1.736687635991584,16.965863582485266,2990.010371115946,0
5033,5.794493116621174,-1.2053023893712922,27.335984182560477,1.8531326450444525,15.997335981987595,2964.1167069981516,0
5034,5.8643062867009474,3.217696312743127,27.238786126139743,2.141511950509197,16.501038559968713,3034.5702965873766,0
5035,5.934119456780721,2.402227497984555,27.488906167252622,2.1684065902748415,17.44732920352955,3078.570585468703,0
5036,6.003932626860493,8.66589033604181,27.548296095878158,2.018719718167872,18.191953233039666,3033.9492701581166,0
5037,6.073745796940266,9.487229770050888,27.655707910248815,2.2957931468730304,18.276590946199356,2935.0797458614957,0
5038,6.14355896702004,11.26010770816263,27.689086069461638,2.1016038832922734,17.739566358515958,3030.1872726148968,0
5039,6.213372137099814,15.174747904267846,27.847125794870095,1.9533744964273871,18.57390192301256,3016.1682955110805,0
5040,0.0,20.008296707943906,28.093002582114035,1.7560494493918886,20.33291744267623,2961.8147870624307,0
5041,0.06981317007977318,21.902592506159234,28.340996333892335,3.787746650005783,19.93316288317006,3051.552713837972,0
5042,0.13962634015954636,26.826899840746645,27.908205750013224,3.6540634914309154,19.75423007092162,3017.5340459511663,0
5043,0.20943951023931953,26.643669754293143,28.056333834946198,3.8596622845861037,19.46039499437585,3052.598343702637,0
5044,0.2792526803190927,29.21303469634117,28.212047888171174,3.933369491100783,20.115549889622454,2957.540953995445,0
5045,0.3490658503988659,37.449487600870455,28.52528545360629,3.242611938643448,21.1031019263183,3015.951109774601,0
5046,0.41887902047863906,39.658849132513154,28.457341855245005,3.2431332511745627,21.734565451932546,2964.196209930466,0
5047,0.4886921905584123,39.55227507149437,28.454749491877525,2.9273600174861865,22.38460534531311,3009.9066791395576,0
5048,0.5585053606381855,43.84186742528841,28.743413068235657,3.683672427405951,22.661220408943695,3059.0890180101956,0
5049,0.6283185307179586,47.97959694346328,28.848800842702264,3.6312965374975197,22.471610985865322,2942.943290734829,0
5050,0.6981317007977318,49.554243348330175,28.7685311377103,3.519555800025169,22.772143645624112,2945.2399535314994,0
5051,0.767944870877505,51.48196131493009,28.711157160557715,3.25477335379132,25.22609231284694,3038.2189870615025,0
5052,0.8377580409572781,55.08424826845163,28.93231572565818,3.4821932621750458,23.54306197314493,2999.4350890028218,0
5053,0.9075712110370514,54.36441519950066,28.910622673060182,3.5369410990015413,23.344921013010612,3046.850529046102,0
5054,0.9773843811168246,57.35345843797382,28.95869310049823,3.656545133375834,23.44577136493476,2967.708609001487,0
5055,1.0471975511965976,58.94437021286115,28.962370451751053,3.554597382893057,24.83922502957537,3002.047623711309,0
5056,1.117010721276371,60.036589011955954,29.217300342657314,3.6327602589982333,26.223585008164314,3027.52515279661,0
5057,1.1868238913561442,61.13856518837431,29.150102659429162,3.4751738260171905,25.34374833625306,3008.40800760161,0
5058,1.2566370614359172,62.906845590024645,29.296622951837627,3.7362963787850503,27.300891484195247,2928.450106853511,0
5059,1.3264502315156903,63.714918926398134,29.364803793352912,3.6263460154886884,26.407361208840445,3112.9039302487577,0
5060,1.3962634015954636,62.74370742174757,29.250616418944645,3.262613385859835,27.573638891911486,3008.4929792761004,0
5061,1.4660765716752369,65.95617915642298,29.117454707209156,3.777844073531248,26.329791841928717,2946.3833165785395,0
5062,1.53588974175501,63.50800940420992,29.355317927255882,3.7451143045430273,26.568124131473432,3012.5679957016096,0
5063,1.605702911834783,64.64523704903854,29.269118697764668,3.5930949474105884,27.43551459651659,3017.16580173758,0
5064,1.6755160819145563,64.31056458249223,29.583931440963074,3.556143540997493,27.923375858645453,3039.7569429832783,0
5065,1.7453292519943295,64.85350430453818,29.228284736888853,3.831722313775665,27.541843097728606,3037.0857960423555,0
5066,1.8151424220741028,60.48465177209384,29.269008077383308,3.173337426745585,28.038961226672164,2991.446218184139,0
5067,1.8849555921538759,64.13390795567611,29.184831403248587,3.74824490481193,28.367476280993557,2931.1168124545597,0
5068,1.9547687622336491,60.707787934087186,29.097755836699925,3.40475866028513,26.823253557664636,3018.4545212721564,0
5069,2.0245819323134224,62.27567702562809,29.039734123120866,3.719035489282077,27.720843870174285,2934.3033578268114,0
5070,2.0943951023931953,58.25389578352551,29.083367061240114,3.5240751694338086,27.583383347656557,3048.609784127423,0
5071,2.1642082724729685,57.23342538637586,29.07302144983813,3.2514147953183525,27.597743928441346,2970.689681379399,0
5072,2.234021442552742,58.33116297240513,29.11877108927473,3.4006960379928617,28.24575216493395,3025.3984133862205,0
5073,2.303834612632515,53.02550983329223,28.93810137431844,3.704345814633193,27.433983898423257,2973.7532475262456,0
5074,2.3736477827122884,53.11790149766506,28.76415666823701,3.4579584237360255,26.122877552647306,2980.318573515071,0
5075,2.443460952792061,48.98401006424112,28.722317032133997,3.375702917056379,27.39894788051559,2967.9612073362314,0
5076,2.5132741228718345,47.07346459860153,28.50690176131549,3.374365588440996,26.570636149891573,3028.643261078428,0
5077,2.5830872929516078,43.95130477461129,28.88508519361569,3.628449484446758,27.626808509523443,2975.1461207712173,0
5078,2.6529004630313806,42.39799776481528,28.482189833314944,3.850127006027993,27.656403685902944,3030.741283527646,0
5079,2.722713633111154,37.274851519131445,28.63320004071165,3.0718233258727436,25.029668961870573,2976.1923856508765,0
5080,2.792526803190927,33.914833665126324,28.45190680060718,4.060136889468658,25.884595670610935,2990.743269899786,0
5081,2.8623399732707,31.445816726199457,28.37632460160631,3.5407492457952263,26.499186077847696,3001.4225975983695,0
5082,2.9321531433504737,29.505591651285304,28.231876847690458,3.6160448270597656,24.781351579384882,3006.1528642366,0
5083,3.0019663134302466,25.931561364877467,28.048837887858078,3.4127476505705188,26.20750283397857,2963.031826617875,0
5084,3.07177948351002,24.204453633192415,27.938427458419152,3.4992969750286345,26.076301710038663,3028.1523059720544,0
5085,3.141592653589793,21.957097549732286,28.25926980832074,3.5385026024262216,24.74694072451063,2989.146431762291,0
5086,3.211405823669566,15.39720117566187,27.933386393332636,1.7901808015325928,23.883114423292454,3021.7560294922205,0
5087,3.2812189937493397,12.636287269376153,28.00178244077607,1.838863712348494,22.267289394013005,2999.3508692114897,0
5088,3.3510321638291125,8.489614785731561,27.958242011665476,2.2369135081782505,24.370155832057318,3023.458156016996,0
5089,3.420845333908886,10.641878474373701,27.60760813350472,1.6895306309281557,24.915782799606575,2983.546330080794,0
5090,3.490658503988659,5.066097799027651,27.653101692898375,2.088207820662708,24.33869132213708,2968.4160764050253,0
5091,3.560471674068432,2.416554541666375,27.518667644632743,1.9258966181261632,22.330213412955054,3017.0743293775568,0
5092,3.6302848441482056,-3.1365329029116618,27.263052054204397,1.8078585701048848,21.19370475659382,2980.25064656803,0
5093,3.7000980142279785,-3.8481218740045287,27.336274886534515,2.39438637039388,22.319267439629865,3058.351457989844,0
5094,3.7699111843077517,-5.686464376541659,27.38278368578492,1.8090994877477125,21.130704903398108,3002.7062680884687,0
5095,3.839724354387525,-9.304578971695902,27.153800480124524,1.7739796000531056,21.20147781377656,2945.0547488882066,0
5096,3.9095375244672983,-9.64606823341529,27.117683476143426,1.9626054592958928,20.65370015562235,2976.581361863306,0
5097,3.979350694547071,-9.973770458018485,27.08222118111928,1.8462882731795798,20.086166940656607,2960.0278184006565,0
5098,4.049163864626845,-16.88107815294342,27.37111649536845,2.00127613139891,20.444527073537092,3042.916751215266,0
5099,4.118977034706617,-18.83982163394191,26.730047572368285,2.031079859330278,20.095789107847786,3030.941623714345,0
5100,4.1887902047863905,-20.287777268592592,27.03601601031276,2.0469316131269855,18.46007371295161,2997.558268159868,0
5101,4.258603374866164,-18.036433343437775,26.883446282853175,1.9752218305512874,17.789912071260012,3011.602948136012,0
5102,4.328416544945937,-20.159740479960902,26.791281138244493,1.8595676593815549,16.196200840633832,2996.4928222844715,0
5103,4.39822971502571,-23.00083495997238,26.817050824372377,2.1286806085358663,17.60419106127953,3034.4160820273887,0
5104,4.468042885105484,-23.60846818581853,26.93575156504382,1.977661446699171,16.712153428239642,3020.7932657129463,0
5105,4.537856055185257,-25.54116432484444,26.926909235488434,1.9008765375890042,17.64936509668358,3027.999028168904,0
5106,4.60766922526503,-23.418444554957528,26.834476293923284,2.2959987398195043,16.79533770417289,2992.326160792818,0
5107,4.677482395344803,-25.542439952022136,26.96464220504558,1.9757376079217097,16.656159565952898,2974.737607811901,0
5108,4.747295565424577,-25.362702025041806,26.99105595684217,2.218397320299318,17.286894842748893,3026.602523400968,0
5109,4.817108735504349,-23.840300634278417,26.92903011685066,2.245367689421878,16.78047161845746,3062.053613948568,0
5110,4.886921905584122,-24.5983412926742,26.736301828713266,2.2575345670851585,16.22163906026931,3044.2404175573374,0
5111,4.956735075663896,-24.01575667266662,26.909811360850735,2.13823156162222,17.54415167462067,3063.2663481552063,0
5112,5.026548245743669,-22.781680424988302,26.933612279316602,1.999873300624847,16.693831614833055,3006.4812739549593,0
5113,5.096361415823442,-20.53024033481582,26.765034659472875,1.987191661869795,15.70765321552136,2961.20035630625,0
5114,5.1661745859032155,-17.97599247023677,26.68603131033286,1.9511759763033423,15.7094035577127,2964.752513615821,0
5115,5.235987755982989,-18.092913821930615,26.65735317225249,1.5666208659973748,16.632374383898867,3055.1827938205493,0
5116,5.305800926062761,-16.10171942954049,27.01563323645077,2.1437613611495725,16.188434904165547,2925.5222591251895,0
5117,5.375614096142535,-15.760265005454166,27.09909305290197,2.048893113277016,15.182822249613546,3060.1902682269174,0
5118,5.445427266222308,-14.503213941235835,26.930958972779266,2.1651048532417256,16.87795482493339,2968.4946132183873,0
5119,5.515240436302081,-10.27864732230222,27.323314805331908,1.9765996897056073,17.27884609854073,3076.9355987342424,0
5120,5.585053606381854,-8.668581198993426,27.251487590770616,2.1329650323907052,17.356948292421627,2997.1759283327583,0
5121,5.654866776461628,-8.584279326285925,27.497075589486336,1.724498587427711,17.812038226313348,3028.902832890254,0
5122,5.7246799465414,-4.338471325632656,27.419677263417693,1.766146878147686,18.425615579068186,3095.4018559306496,0
5123,5.794493116621174,-1.2505658605874164,27.276684088875058,1.5047576800557236,18.372121135838352,2986.794087957774,0
5124,5.8643062867009474,0.9311642610462759,27.58065821030256,1.9731301608336749,17.50299737551851,2986.122679075817,0
5125,5.934119456780721,6.8316969421581035,27.690092432240014,1.8454948824442798,17.329276373124028,2972.2064320370378,0
5126,6.003932626860493,8.316077543588335,27.58709163513655,1.819323624965916,16.319830983285957,2959.9286692320393,0
5127,6.073745796940266,12.703736290033778,27.534192021422207,2.0669304755930615,18.1002425888059,2986.80702715059,0
5128,6.14355896702004,14.132348349275274,27.848036688493913,1.9148985611604743,18.83393471489516,2977.806365505656,0
5129,6.213372137099814,16.983040436152002,27.766165536209623,1.7133817986392674,18.797993842193,2949.989721434711,0
5130,0.0,18.595103273584627,28.16813314945917,2.5089533545504197,17.61286996943685,2991.580755672881,0
5131,0.06981317007977318,23.15693561828049,28.02263126642896,3.492597875902385,19.268459218095153,3017.9914627772696,0
5132,0.13962634015954636,26.282370431716107,28.425697887126073,3.2833673894128608,20.40052214469209,2964.1637839628575,0
5133,0.20943951023931953,27.30535526074782,27.930870228853486,3.36603290781339,19.46033237578044,2993.5020078109355,0
5134,0.2792526803190927,31.594389807109366,28.35098416760217,3.4653714061981593,20.818799779524277,3056.2601789826085,0
5135,0.3490658503988659,34.90598255188055,28.624833068005998,3.46495080754856,21.443131237234443,2943.2187543527034,0
5136,0.41887902047863906,38.92336825449459,28.354538324307867,3.760432854609175,22.408181885873137,3077.2666901574644,0
5137,0.4886921905584123,41.81824549334364,28.539485734999015,3.4841140084735587,23.302238903467078,2973.03905708116,0
5138,0.5585053606381855,42.97438916754642,28.57544775992524,3.8710416343736505,22.04857109134411,3008.0361640477013,0
5139,0.6283185307179586,47.15364075697412,28.602777156428125,3.413515411197579,22.91480598111283,3051.166526627861,0
5140,0.6981317007977318,48.652324041871495,28.808038527790988,3.5852872080519784,23.353082903184195,3063.37360857558,0
5141,0.767944870877505,46.95519663337244,28.63927680440093,3.704396038865566,24.1080010945259,3018.7928281445406,0
5142,0.8377580409572781,52.714464098555425,28.87512847337334,3.7390304609423355,24.418158299200314,2972.219779289001,0
5143,0.9075712110370514,57.07896687251606,29.023012039980753,3.7623744434857627,25.518288417488748,2968.6875490891816,0
5144,0.9773843811168246,54.783982130035355,28.962581030358052,3.4455976518239733,22.89170796320004,2977.0043032578274,0
5145,1.0471975511965976,59.14017997092305,28.889199854543463,3.498902147945016,25.456193001857535,3075.570261738578,0
5146,1.117010721276371,62.823623904740444,29.233080665349224,3.004115486687265,25.861526758850236,2984.6741797566906,0
5147,1.1868238913561442,60.582354025989716,29.222159169722673,3.460797992279888,25.616323101702044,3012.9450965062374,0
5148,1.2566370614359172,62.800766853923434,28.985089743858623,3.7182508355859962,24.307672056644172,2958.2497109067513,0
5149,1.3264502315156903,61.70728329657796,28.970238736777812,3.6793672959711765,26.364389556332384,2953.746244123633,0
5150,1.3962634015954636,66.75719559804472,29.038980641215577,3.4827025757979837,26.117543828362113,3001.055688962039,0
5151,1.4660765716752369,64.62848635107738,29.275217249265012,3.8398278885859916,28.278333075889748,2987.010226278196,0
5152,1.53588974175501,65.04252748005034,29.2406049272673,3.423198943131039,27.462130609671565,2989.9317736657267,0
5153,1.605702911834783,67.00403791411775,29.31778139928977,3.35677203519602,26.7262901718572,2940.8372072821403,0
5154,1.6755160819145563,65.74570288354053,29.144503741734336,3.406367652954726,25.89521612173342,2997.0605090810927,0
5155,1.7453292519943295,63.00290578680425,29.043059167989636,3.275506995032777,28.15750303755607,3061.970806665339,0
5156,1.8151424220741028,62.69239079628887,29.30218184479337,3.6244790063407075,28.361908221122455,2965.878480011463,0
5157,1.8849555921538759,63.539940190066865,29.05825054253651,3.557696362321722,27.72406603731054,3035.897408310136,0
5158,1.9547687622336491,60.78709187291103,29.140602833858242,3.6219958892746105,28.442598487207814,2861.4254644988023,0
5159,2.0245819323134224,57.26986711528172,28.846064129691694,3.4171257696137576,27.714977406754947,2967.906192183202,0
5160,2.0943951023931953,58.891281972341126,28.95375892089291,3.488385404132149,28.852101591038892,2923.584373816955,0
5161,2.1642082724729685,55.08637177328966,29.146254535207277,3.0643162553182184,28.767989523154466,3049.448148891053,0
5162,2.234021442552742,57.88490654264808,28.838171719327587,3.5752451102622094,26.609109684996934,3035.1511089984992,0
5163,2.303834612632515,53.706698603127464,29.013949363790598,3.5197682910119297,26.72166197173618,2958.6266691947612,0
5164,2.3736477827122884,49.90186408553951,28.483937090122566,3.279894467701307,29.3519650400516,3011.571086048105,0
5165,2.443460952792061,47.87749381390059,28.68743638267737,3.4790684935826803,28.33391988200472,3048.0683771716394,0
5166,2.5132741228718345,43.61623997135042,28.679639105869246,3.4484301395859664,26.412256170875374,3054.28766758263,0
5167,2.5830872929516078,42.19717406032347,28.897284162581204,3.8528623870014984,25.97343889383908,2983.7683735610713,0
5168,2.6529004630313806,42.650705129176146,28.388006443340903,3.2877746063744393,27.178063744908066,2911.645752813361,0
5169,2.722713633111154,41.65082815664961,28.588732966008024,3.5662852357733406,25.85567973639065,2964.058401341483,0
5170,2.792526803190927,36.48050121945354,28.56896393917812,3.2818463294643276,26.25061541630331,3030.6457837969697,0
5171,2.8623399732707,32.26561720383344,28.22254137989376,3.388425311185946,26.178664307431728,3083.955766954335,0
5172,2.9321531433504737,28.708087023318292,28.193465436665406,3.555363790738446,25.83610097645436,2997.8269999371414,0
5173,3.0019663134302466,24.828045822838416,28.188252037223865,3.457727401827378,26.482604757660397,2975.7271285714996,0
5174,3.07177948351002,26.22869016749526,27.86148502341407,3.498801828757289,26.70465347344929,3095.97445950396,0
5175,3.141592653589793,19.716876947203446,27.931734518220797,3.5665444216463937,24.493418949359494,3016.229306186825,0
5176,3.211405823669566,20.03440342660814,28.107709037649013,1.9012620857602884,23.5977163718646,2950.889279764187,0
5177,3.2812189937493397,15.827489721212142,27.911390500477584,2.176829306963088,24.426820418380117,2995.2436951967,0
5178,3.3510321638291125,8.032779266181432,27.726993277596204,1.9389040513524791,25.02411968780261,3039.9971058673073,0
5179,3.420845333908886,6.5973903945961085,27.686196027295072,1.9804889076894856,22.991181091593774,2997.1850326270605,0
5180,3.490658503988659,3.605525864084177,27.676711632838664,2.0722622549175713,23.58245747708033,3031.7744234268757,0
5181,3.560471674068432,1.577081515430399,27.62777755049556,2.045400040232967,21.816483752920163,2935.7997053201516,0
5182,3.6302848441482056,-1.2166917050357198,27.353172002550064,2.1288455849085706,22.08486250524824,2942.6330342990777,0
5183,3.7000980142279785,0.6479917526029979,27.594305024412105,2.063392880296941,20.719614232727235,2970.605758234253,0
5184,3.7699111843077517,-8.066178164873424,27.49210992742973,2.0938061323112347,21.24086557270313,2988.71226443419,0
5185,3.839724354387525,-8.58198753239768,27.330243512929137,1.9349254971669716,20.725808451889343,3013.3579528348673,0
5186,3.9095375244672983,-10.334865056953177,27.039965975572322,1.786245780382896,20.897997112314457,3025.470409793186,0
5187,3.979350694547071,-13.443875153186525,26.955192623411538,1.714472219449428,21.43421345626438,3098.644552502047,0
5188,4.049163864626845,-15.295213045630456,27.005396526182444,1.66585797047154,19.31059969402359,2970.4577282746814,0
5189,4.118977034706617,-18.873904106436743,27.01426967758061,2.352545343545855,17.64347133474674,2987.4404400357716,0
5190,4.1887902047863905,-18.811413878395705,26.695495735624814,1.557445317821175,18.7165407493772,2971.573790279789,0
5191,4.258603374866164,-19.678633589200953,26.99565111447279,2.2387446997954203,18.767856147159897,3043.1755337642535,0
5192,4.328416544945937,-21.231872579098734,27.08049871409713,1.8358261977405053,18.357013582879375,3045.3580157145857,0
5193,4.39822971502571,-21.94224187741377,26.94520330142045,2.237288194423961,17.75518190113116,2982.093779232133,0
5194,4.468042885105484,-21.544395831465494,26.73423720804817,1.55949199441691,18.77698550768579,3082.629833288139,0
5195,4.537856055185257,-22.910899072677847,26.699070186775277,1.9529812196233434,17.42297919338016,2971.644040136803,0
5196,4.60766922526503,-24.64654337132615,26.851551577184182,2.2908048806050534,16.980194239953658,3041.196715368545,0
5197,4.677482395344803,-26.730224743684225,26.777735450276356,2.142641912695116,16.215937584725957,3058.180902440018,0
5198,4.747295565424577,-25.872595127925987,26.867187183715473,1.9325469078618416,15.239953416274432,2945.536808251599,0
5199,4.817108735504349,-25.082932019448428,26.896831931448915,1.6114045396943038,16.726053423484814,3023.105291648036,0
5200,4.886921905584122,-23.937830138537194,26.98201427571955,1.7355022955698136,16.51132542811252,2890.9981583497847,0
5201,4.956735075663896,-24.38080682466894,26.665826614129376,2.277829419311876,15.347546705929924,3032.9684942253425,0
5202,5.026548245743669,-24.20114303205844,26.891975022623214,1.930351759749255,16.067814594125174,2955.935767171797,0
5203,5.096361415823442,-23.50557148918594,26.832858123925657,1.9856351793173121,15.925260751694982,3022.698784559859,0
5204,5.1661745859032155,-22.922498722045813,26.906651887850696,2.056707020940526,15.506805750947063,3030.199546718826,0
5205,5.235987755982989,-19.323569225961595,27.090430843358984,1.7394322173824888,15.367022058576252,3044.8055391822513,0
5206,5.305800926062761,-19.51118892808235,26.570907301412984,2.0814580359680357,18.510167716774365,3035.608614002707,1
5207,5.375614096142535,-16.96127243853857,26.646330526238327,1.9160769038661989,18.19904106367082,3002.2357996980645,1
5208,5.445427266222308,-14.032369955749214,26.516635005478705,2.058740557115108,18.129326459600946,2984.780939553742,1
5209,5.515240436302081,-13.263502634742043,26.45687107081967,1.8843898158925931,18.163655870027775,2997.024426799896,1
5210,5.585053606381854,-8.355814153146238,26.460080107429924,1.6853767879877686,19.027778670242842,2955.3599394153143,1
5211,5.654866776461628,-5.34000175775277,26.266194831848654,1.9145254936375966,20.177351777635362,2991.5324820208284,1
5212,5.7246799465414,-4.6705074201573575,26.759200900101263,2.1281555234216003,19.935491404832995,2988.37217406841,1
5213,5.794493116621174,-1.7817612867800885,26.54488649852289,2.078812017815407,19.938374932641786,2968.4712602465565,1
5214,5.8643062867009474,2.50299571679761,26.70673109873078,2.0061861734669453,20.757175305008783,2930.3522712763256,1
5215,5.934119456780721,3.538100904492894,26.772749193779365,2.1796263706020684,22.007438072936054,2948.92255529583,1
5216,6.003932626860493,6.422218120839068,26.526155109058376,1.9592811974911546,21.735751329478788,2873.995537980043,1
5217,6.073745796940266,12.438721630480241,26.618114650033533,2.0112552628030436,21.999613230761014,2987.684832324286,1
5218,6.14355896702004,15.063492064866216,27.03354927827753,1.9040466240612548,22.769349976824216,3014.419945931988,1
5219,6.213372137099814,17.763283685030267,26.890754947718364,2.191323595350691,22.616637406885808,2892.6973504809444,1
5220,0.0,21.388466932091138,26.806202914701498,2.058305709544353,23.39059427584481,3009.468591193518,1
5221,0.06981317007977318,20.173123230434594,26.920439856657588,3.3886083779653258,23.36648158144559,2995.1010335556657,1
5222,0.13962634015954636,28.293542863392606,27.14802077219827,3.2021940506944393,23.043699844596425,2952.929769531301,1
5223,0.20943951023931953,29.944119261674782,27.170112091750212,3.7209922549796652,25.095215454321398,2982.7517916967445,1
5224,0.2792526803190927,33.91985308777356,26.85371682894071,3.351186989763072,25.643469592144747,3042.0321666086934,1
5225,0.3490658503988659,35.97164911832964,27.360824390325334,3.5144128704979094,25.68753438377849,2961.0324375707937,1
5226,0.41887902047863906,38.37653617543124,27.300657193612007,3.9705199366289143,27.302336114399452,3003.154043030069,1
5227,0.4886921905584123,40.713256506822,27.17053898070057,3.660301908346662,26.454739791609903,3013.8638362014117,1
5228,0.5585053606381855,44.397083455823534,27.04958251886307,3.8222299177653984,26.173588643610096,2967.1117077430094,1
5229,0.6283185307179586,45.982714489804465,27.418274742493836,3.39237503749177,27.58996800326716,3040.33084022365,1
5230,0.6981317007977318,50.22725658599194,27.360033775889264,3.7141952793640414,27.46813309996948,3016.1536377914244,1
5231,0.767944870877505,48.879941703826574,27.094538182547847,3.505333798590378,29.51878364088249,2989.9235624657817,1
5232,0.8377580409572781,52.629153353791324,27.298973349465328,3.5732033841537163,29.186423256999333,3094.5296188766997,1
5233,0.9075712110370514,58.52771878501746,27.818943491430648,3.904168342607912,31.105881417923996,3040.503137487406,1
5234,0.9773843811168246,56.36757006961829,27.364118371849415,3.444270835170059,31.60762685670457,2932.5535645724867,1
5235,1.0471975511965976,58.61311758570452,27.257126292049676,3.503850890735307,30.60163570457078,2984.4337038213503,1
5236,1.117010721276371,59.121860683437404,27.218863133909196,3.3193570696984076,31.184947673510585,3098.6657043110954,1
5237,1.1868238913561442,62.22704196483417,27.632413620628242,3.6776937111816155,32.731889794958775,2960.712740946362,1
5238,1.2566370614359172,61.693145898068614,27.48480326611202,3.387874620342673,33.54257963348672,3002.653351713263,1
5239,1.3264502315156903,63.38489128020927,27.554235637227457,3.704542083163776,31.582914285942323,3049.2397350650517,1
5240,1.3962634015954636,65.58964868960197,27.360155370324645,3.1700173516510297,33.83114983742912,3026.092863508205,1
5241,1.4660765716752369,63.70534016335008,27.485080809325513,3.6097276143667214,32.23771334916939,3031.8587738288315,1
5242,1.53588974175501,66.15550389475713,27.137965959061887,3.371261338787389,33.92289807398534,3029.503654740668,1
5243,1.605702911834783,66.20593118919984,29.223657639560173,3.646103527866042,28.237603480169597,3001.01570906625,0
5244,1.6755160819145563,66.33591943365124,29.236484301687838,3.4972881654291545,29.945148232305026,2968.307424290521,0
5245,1.7453292519943295,64.52716037792642,29.389136343395933,3.392932217026342,27.493949824462195,3017.390567699582,0
5246,1.8151424220741028,68.52519629788502,29.212181327552262,3.422688076624801,26.807296163431502,2983.88893491631,0
5247,1.8849555921538759,64.37934377809503,29.047441058293753,3.329922339988272,27.485893778701318,2980.7459519656036,0
5248,1.9547687622336491,62.21058989211568,29.1222317013182,3.6675575510641716,28.01251385191557,3059.2988754854637,0
5249,2.0245819323134224,59.1318454623399,28.237676052937676,3.290272530114917,29.365656270513945,2984.760160336926,1
5250,2.0943951023931953,58.82555448148853,28.067287821000452,3.4465842722534403,29.278040762976104,3068.2452160962653,1
5251,2.1642082724729685,59.44618123032693,28.461366407733905,3.569047915940495,29.763246882451885,3010.2706536459523,1
5252,2.234021442552742,58.024785835741895,28.196838905235676,3.822698905089704,30.47891192842732,2993.6340907410395,1
5253,2.303834612632515,55.65901079714308,28.125616248281347,3.498140279821637,30.055803329207976,2927.297531043642,1
5254,2.3736477827122884,52.437415130749294,28.19690456771325,3.451497882692312,29.486487355342472,3084.794229117537,1
5255,2.443460952792061,47.041952126450916,28.18518667933995,3.5547269730232056,29.62825763627067,2999.7612177898227,1
5256,2.5132741228718345,47.1810790798998,27.955422954636468,3.085307156865114,29.778533869434266,2909.168808219836,1
5257,2.5830872929516078,41.98426332341473,28.06063896897583,3.260270859861856,29.228976441018556,3039.5090252856544,1
5258,2.6529004630313806,38.895013535293955,27.739911641516926,3.42492670022431,29.35621963005442,2997.992327518516,1
5259,2.722713633111154,38.66188696527688,27.600175855995175,3.3574061698534696,30.305845285353055,2962.746981916009,1
5260,2.792526803190927,36.175705620559725,27.478859828835656,3.1798333421513174,29.452443892879728,3037.2473365935675,1
5261,2.8623399732707,33.75874665948619,27.13593529483147,3.671555730233517,28.057732327298183,2898.050704118594,1
5262,2.9321531433504737,30.10173044737831,27.356506090700393,3.551951345911464,30.083759782487313,2971.436192226952,1
5263,3.0019663134302466,27.060168521817083,26.7294175577248,3.5280530494565014,29.381414023987794,2988.0239042932344,1
5264,3.07177948351002,21.662062440997083,26.890617048178544,3.361201769769125,27.708321047312598,3034.0875178844317,1
5265,3.141592653589793,19.842534972973006,26.863904229564053,3.515878592932733,28.273543863131707,3089.6100617892603,1
5266,3.211405823669566,14.600283503062652,26.149630539591193,2.102889891888212,29.254500600472333,2990.2092474767073,1
5267,3.2812189937493397,10.732156762696757,26.05498271215515,1.9470207892193439,30.24699634411483,3018.397767792069,1
5268,3.3510321638291125,11.754937977965453,26.254117292892936,2.088914447848073,29.215134419514673,3109.935531791726,1
5269,3.420845333908886,6.466632397548608,26.000494907999023,1.840787903634977,29.25284747530758,3000.189472315758,1
5270,3.490658503988659,5.917841303559491,25.590308993172368,2.0194970625979427,28.95192007499251,3018.7279622409314,1
5271,3.560471674068432,3.359372428409066,25.48303953411937,2.2284996565852198,27.706982172211,2950.5059400997784,1
5272,3.6302848441482056,-2.055196312299886,25.224593180002348,2.246403940715208,29.800852235824212,3078.3666864656784,1
5273,3.7000980142279785,-2.960900248661268,25.38730676362128,2.2655177609899324,28.99151431665102,2971.480946204574,1
5274,3.7699111843077517,-7.44207144608175,25.11260830765967,2.0571136830865835,27.65056757746318,3010.742851807202,1
5275,3.839724354387525,-11.694260747834502,24.727048040886192,2.006322790971549,28.192528827287937,3009.609431484792,1
5276,3.9095375244672983,-11.074662563991193,24.912841802536942,1.9102422167681172,28.61465230213904,3003.4135328806055,1
5277,3.979350694547071,-14.147827966056372,24.843338515455635,1.6385030486965166,27.684008478441665,2982.627452883863,1
5278,4.049163864626845,-16.12061742818319,24.806074880308437,1.7310200607199016,28.69856320065487,3009.6530498002644,1
5279,4.118977034706617,-14.343676088208575,24.539319497579687,1.9663890056069482,29.612771468373364,3070.293899008412,1
5280,4.1887902047863905,-21.259928644398734,24.38798781004498,1.9783423101743138,27.016354935854075,3091.237359036519,1
5281,4.258603374866164,-19.871425380405302,24.640456980690697,2.2824446057612984,26.50519903944528,2992.994285043029,1
5282,4.328416544945937,-23.215484311222554,24.247388597283067,2.262959825875125,26.050579217812718,2982.021468439549,1
5283,4.39822971502571,-21.43515111938092,24.26363891970579,1.8627027717026832,24.960665879684946,2967.649422902904,1
5284,4.468042885105484,-23.215660828157244,23.98963781165466,2.1636651430178038,27.639527346656728,3107.4454242548927,1
5285,4.537856055185257,-23.74733236177844,24.094591938995023,1.9045862270852179,26.289202585530084,3005.1533959318726,1
5286,4.60766922526503,-26.170819717975693,23.699055336733764,2.1365232686007603,27.22609824376659,3044.6017027828207,1
5287,4.677482395344803,-26.120969085791792,23.780198000927605,2.161203545621349,27.364838938289587,3027.8664256511665,1
5288,4.747295565424577,-23.581711454840477,23.6062181620435,2.2484185624295474,25.641912819236865,3088.3360679473085,1
5289,4.817108735504349,-22.097288708980958,23.640507182829985,1.9014713290434606,25.7911758773151,2990.0919888767025,1
5290,4.886921905584122,-23.595887159713087,25.867530428616693,2.202860737436185,21.5155259578053,2955.717267638949,1
5291,4.956735075663896,-25.009438763577,25.577859167739987,1.6254371927757456,20.03622177347426,3074.378070067482,1
5292,5.026548245743669,-22.289135449588812,25.77286721840373,2.2592431363077723,19.564822632918705,3036.1322577856586,1
5293,5.096361415823442,-18.08206538899902,25.89369946743527,1.9949966554362968,19.286420864850705,3018.25132409285,1
5294,5.1661745859032155,-20.29209786738415,25.668374559477417,1.9992544004028605,20.067936569821278,3061.4077050565575,1
5295,5.235987755982989,-16.77838188120934,25.833232289764087,1.5925126988619094,21.475158610956388,3020.5332194219304,1
5296,5.305800926062761,-18.41718481373496,25.780549211671783,1.9222668225505237,20.93415859736095,3062.7960276255885,1
5297,5.375614096142535,-15.523612989757059,25.739917736746552,2.27109587992271,20.677287182828213,3009.86367582036,1
5298,5.445427266222308,-12.512169337294445,25.861172345781814,1.9146596216594371,21.977606017292985,3036.077952988075,1
5299,5.515240436302081,-10.663634208260596,26.05513316337519,2.1426925521950415,22.026762601079202,3021.0556530177796,1
5300,5.585053606381854,-10.075025456061024,25.718130722397138,2.0069110255428217,21.408694518724907,2986.988650598791,1
5301,5.654866776461628,-7.664612538857201,25.708177449589943,2.21253382791994,23.62077172467098,2991.7843822665004,1
5302,5.7246799465414,-2.363940285840272,25.741143284909235,2.038300193040825,21.486832945898446,2984.2855113875926,1
5303,5.794493116621174,0.6611058936101317,26.087865600424852,1.8136376937803795,22.873568521668407,3010.6194838126535,1
5304,5.8643062867009474,3.965066398771874,26.155722148555785,2.0112901359697886,22.015539903848413,2981.76790374406,1
5305,5.934119456780721,7.314989275224214,25.955754961256662,2.3202433807402425,23.41024408167409,3017.435982564154,1
5306,6.003932626860493,7.798248142718905,25.767901510321312,2.0995290156072404,22.869226674627953,3016.076062666906,1
5307,6.073745796940266,10.177175046853417,27.649292460030228,1.976710738541267,18.460642965187485,3008.206165342921,0
5308,6.14355896702004,15.76369686496474,27.91517040551897,2.4511487638266614,20.33073459567164,3008.900746789489,0
5309,6.213372137099814,17.930562604291765,27.906283760659626,2.231843140512244,19.524632958956136,2977.353663102188,0
5310,0.0,18.526317111998612,28.027052162013305,2.163346783079692,19.504919658526664,2988.720945286251,0
5311,0.06981317007977318,21.588587820207273,28.00520610575161,3.563468493048875,18.877994063350098,2933.1756469594875,0
5312,0.13962634015954636,27.00068484523741,28.319121089858545,3.6460547669502215,20.034839469209324,2995.205226147917,0
5313,0.20943951023931953,29.09011409457317,28.300972799244505,3.6525464146365683,19.474662402491955,2960.567550795154,0
5314,0.2792526803190927,32.364036079653914,28.41873434783497,3.0634369308895724,21.39582786192414,3003.994097231325,0
5315,0.3490658503988659,36.999706496720385,28.434284024444803,3.5789872425658897,21.787331748282913,2971.4204351034614,0
5316,0.41887902047863906,39.44170465588856,28.56673919623259,3.4678388281328685,21.37009941632167,2917.9730880620455,0
5317,0.4886921905584123,43.12103019799273,28.632151628570213,3.4000447453726848,23.26298017873883,3090.097719186739,0
5318,0.5585053606381855,40.94906273093417,28.49669192285948,3.4609125439911526,23.569148796928637,2990.742825066173,0
5319,0.6283185307179586,46.830433228993094,28.761301767057237,3.18883026263556,22.887517354437033,3057.882314467348,0
5320,0.6981317007977318,49.967475219490076,28.890071357415824,3.139077979992564,23.633436462461756,2978.9204120572526,0
5321,0.767944870877505,48.96974788562335,29.006861264480023,3.7493004834896992,23.117735432662325,3067.92465697233,0
5322,0.8377580409572781,52.45917368451778,28.95418986281543,3.592431563941785,23.770491408849967,2953.93208546327,0
5323,0.9075712110370514,54.19975616880912,28.800825326518336,3.017397574557544,23.515877798078073,3007.041263034222,0
5324,0.9773843811168246,57.33923802156675,28.87314748762995,3.384723091719652,24.37407575559991,2956.308423214098,0
5325,1.0471975511965976,61.41292412334084,28.97395827235339,3.676110346679306,25.038265047874496,3104.0297275451144,0
5326,1.117010721276371,63.479616190459865,29.10697244177948,3.4439971252558736,24.14330415430681,2990.029541010461,0
5327,1.1868238913561442,60.501842125895514,29.094285210284006,3.749000990759672,26.265957667722915,3033.1381021182306,0
5328,1.2566370614359172,63.587379109022265,28.972708009709546,3.709950359855327,26.93658246706166,3018.0230970527537,0
5329,1.3264502315156903,64.50150446063331,28.994896866383936,3.2286577581378575,26.40685225702383,2998.9793749285873,0
5330,1.3962634015954636,64.89778754282148,28.86699103737865,3.4713351802302337,24.528198791763288,3020.708794583321,0
5331,1.4660765716752369,65.35195474368115,28.725505035861726,3.410382115038259,26.73357453641869,3054.3669175466102,0
5332,1.53588974175501,65.42820096953629,29.179501718979676,3.22215234112958,26.047188543915283,3026.7282372439577,0
5333,1.605702911834783,67.50394239706894,29.547303548694344,3.2091451350289457,26.87498280782321,3006.4981949311573,0
5334,1.6755160819145563,66.40718506312439,29.462943203010642,3.3387956907516543,28.698881166072358,3020.772917519134,0
5335,1.7453292519943295,62.726118039151956,29.035034591796204,3.3718149180974724,25.73743042548574,3076.6015474213114,0
5336,1.8151424220741028,64.85688930374066,29.186840366139787,3.5566459554486727,27.15189884621765,2983.327585076839,0
5337,1.8849555921538759,64.1361032950491,28.92158089304666,3.708842694642884,28.560343207717285,2925.8445238140725,0
5338,1.9547687622336491,62.19572438623312,28.915804195851425,3.602728991162474,27.3981172058444,2956.139961174189,0
5339,2.0245819323134224,62.1428686392166,28.898931965914443,3.6500744480561647,27.370849687788056,2959.1150596891107,0
5340,2.0943951023931953,59.25325422174829,29.005405681875054,3.4466764357059265,29.624254305790384,2964.748814545067,0
5341,2.1642082724729685,57.607392346591254,28.967476145534253,3.620600039322578,28.27655156926646,2966.12372073936,0
5342,2.234021442552742,55.64234472931806,28.983518199949096,3.470325003681948,28.667691910944853,2999.056016994039,0
5343,2.303834612632515,50.41415101778323,28.991256249028517,3.4117055233494433,28.233551221188442,3009.896717155752,0
5344,2.3736477827122884,51.13902907979605,28.783057906041524,3.8794201897791254,27.856297574895798,3009.466869018355,0
5345,2.443460952792061,47.92306657421242,28.77677542722324,3.0339048086905,28.599382729960748,2970.7888834589926,0
5346,2.5132741228718345,44.67066438587246,28.541270426747435,3.125339140538528,28.94643825847205,3039.756002711792,0
5347,2.5830872929516078,45.99739431760351,28.43422856344127,3.576539950826721,25.88292938488889,3021.3782328711413,0
5348,2.6529004630313806,41.88253160316678,28.338520023435823,3.44700353029351,26.98359220747033,3063.2523454982993,0
5349,2.722713633111154,38.2584023169942,28.585471141860197,3.2126031299666153,26.734973051170524,3033.8704416178684,0
5350,2.792526803190927,34.54370142300146,28.359737994777564,3.2890778097672464,26.160559538393393,2986.018729656449,0
5351,2.8623399732707,32.847935388708095,28.05009678755674,3.3151188406276435,27.001336162691082,3052.2195321453,0
5352,2.9321531433504737,30.843180226775438,28.240030686078768,3.6784673074261827,26.11396183356138,3010.943443452514,0
5353,3.0019663134302466,25.022340777882548,27.979684521384165,3.742482086212888,27.121752423788624,3031.919144755222,0
5354,3.07177948351002,23.131798760070733,28.332764591338897,3.827912513046124,26.117061609585768,3028.8171893878934,0
5355,3.141592653589793,21.302099748276767,27.913176741761976,3.1821977555581324,25.96831518185628,2995.0272066688103,0
5356,3.211405823669566,13.956956987888187,28.018518129379917,1.7265752934976937,23.542912326918206,3004.130815217224,0
5357,3.2812189937493397,13.650855813188945,27.99633673295567,1.7128747050998954,23.470874755179615,2994.745014717832,0
5358,3.3510321638291125,10.000036857379534,27.607266703135135,2.257771401154002,23.139982432352618,2965.882148470339,0
5359,3.420845333908886,7.395574201602495,27.68064224065281,2.083444890883906,24.37224825846585,2914.212208881773,0
5360,3.490658503988659,3.8566507157870564,27.672596013217422,2.016039843293944,22.12842933456351,2972.2477778893194,0
5361,3.560471674068432,1.9032879693999516,27.529247954170557,2.0459257387694896,21.73584474757885,3007.9666262586557,0
5362,3.6302848441482056,1.7592205052689875,27.490799238553404,1.9886443445722513,21.170761076847697,3043.423395168949,0
5363,3.7000980142279785,-4.332250601387043,27.16465247388628,1.775771590518699,23.85158983367036,3031.8395995379324,0
5364,3.7699111843077517,-6.012769839520127,27.377763130206212,2.1026345579569807,21.118414396586832,2988.8154762004706,0
5365,3.839724354387525,-5.933322808280596,27.155730239250246,1.9627722988692626,21.242882848109076,2972.7929346471883,0
5366,3.9095375244672983,-12.084650038213715,27.218827638941825,1.7599356973041413,19.499004938588634,2992.805032348285,0
5367,3.979350694547071,-10.719504123089276,27.246224536259845,2.1148570890716116,20.779170889248746,2960.999741456862,0
5368,4.049163864626845,-15.452499402361832,27.154708371799675,1.9148424727454825,18.202782730557075,2915.389214906004,0
5369,4.118977034706617,-14.633846426179474,27.05746287175737,2.0454966973682756,18.46005245646294,2938.19421500101,0
5370,4.1887902047863905,-17.845841482880246,27.05708875988635,1.975004167740395,18.29312474114326,3054.9896543264595,0
5371,4.258603374866164,-19.985069539588878,27.02470880252432,2.178275754444962,18.70349927917577,3074.2913962175394,0
5372,4.328416544945937,-21.821719478335307,27.111704548727445,2.0440325948457883,17.56102766100423,3030.1576389572556,0
5373,4.39822971502571,-23.733605393100724,26.8536245755264,1.823259965028639,19.1003186302359,2997.6738949899955,0
5374,4.468042885105484,-23.549620357473312,26.860238677485164,2.0644006447077063,17.98939211858985,2944.2807850939985,0
5375,4.537856055185257,-22.970306697019325,26.958040717731766,2.0709377448946125,16.76232482061848,2993.5547189790054,0
5376,4.60766922526503,-24.77315243806731,26.733015584093543,2.1022665948077743,17.862124913704033,3024.4735699069483,0
5377,4.677482395344803,-25.44752142345209,26.600440886675386,2.2071748509463824,16.52347482917229,3033.1952508997592,0
5378,4.747295565424577,-25.348761017125966,26.8747155337645,1.8768034429645652,16.1649726563553,3027.5524400326,0
5379,4.817108735504349,-23.264770371197724,26.77567017286568,2.1335871334361065,17.1793203924267,3048.382722707651,0
5380,4.886921905584122,-22.478606702899583,26.637101584625196,1.655036552431839,14.352731447508077,3077.7180905684486,0
5381,4.956735075663896,-24.664033453072403,26.91072641787578,1.9760030369423387,16.78286478725543,2983.7991059303954,0
5382,5.026548245743669,-23.800425019453147,27.073402132700203,1.9450680230384716,15.532836646395703,3112.212481924124,0
5383,5.096361415823442,-21.154235076004767,26.642917992576493,2.289569044036056,15.468656055594774,2919.202498065303,0
5384,5.1661745859032155,-18.154433986326634,27.074795893723472,1.968732914204703,17.57291571841258,2968.867542177792,0
5385,5.235987755982989,-17.2521577078309,26.58020938809682,2.1215977556343217,15.576700411679791,3008.00001013659,0
5386,5.305800926062761,-19.18446908324676,26.945111918406724,1.6476442754254885,16.790890051671873,3021.961036904737,0
5387,5.375614096142535,-15.856597867290272,27.330464482508322,1.9296484070622837,16.303145801212747,2992.734573850936,0
5388,5.445427266222308,-14.837422478517027,27.058977602150197,1.8307280265132841,16.46857737339059,2980.169362410134,0
5389,5.515240436302081,-11.660895453527779,27.179900714822352,2.495102224659105,16.07262653212156,3088.1034165601986,0
5390,5.585053606381854,-6.5188274418412515,27.343084798492185,1.8666406485757285,16.169664796142634,2978.2590969562075,0
5391,5.654866776461628,-8.584237326335828,27.037186670139935,2.0146558145322904,17.80022973723129,2959.2250416307825,0
5392,5.7246799465414,-6.274664830414545,27.374911103046117,2.025315160455034,17.514625131253176,3067.633026115288,0
5393,5.794493116621174,-2.3690515555154894,27.446266085451125,1.6821043418126693,16.58840914069919,3033.966107646384,0
5394,5.8643062867009474,2.127816965452983,27.791264174296348,1.8947929178913772,16.39376703755919,3043.788688869908,0
5395,5.934119456780721,5.540225781306048,27.404214703359525,2.080953302529851,17.028439686652277,3007.8348495030214,0
5396,6.003932626860493,8.25249164052731,27.61200427555208,2.017144455048257,18.568708556928296,2944.960532366884,0
5397,6.073745796940266,12.407502018047332,27.611252602395147,1.5399178055984126,19.034501732186992,3003.3847885933033,0
5398,6.14355896702004,11.092582065446141,27.677830508294214,1.8866017110990798,18.862580749378346,2939.452496211553,0
5399,6.213372137099814,18.64346348905279,28.085402640566738,2.2041643322893787,17.469734772884383,3009.6922826237897,0
